Age,Income,CreditScore,Employment,LoanAmount,LoanTerm,LoanStatus
59,121064,650,Unemployed,849976,3,Approved
49,144417,785,Self-Employed,516182,10,Approved
35,134585,764,Salaried,955661,3,Approved
28,48346,719,Salaried,886275,15,Rejected
41,141152,715,Salaried,809730,10,Approved
59,129769,814,Salaried,914259,5,Approved
39,120391,655,Salaried,549968,15,Rejected
43,91143,715,Salaried,823480,7,Approved
31,54787,834,Self-Employed,673425,15,Approved
31,51583,613,Salaried,163903,5,Approved
44,139943,660,Salaried,383474,7,Approved
56,129233,802,Self-Employed,474396,10,Approved
60,32925,597,Unemployed,831136,7,Rejected
44,101184,656,Unemployed,59353,10,Approved
23,94515,661,Self-Employed,266514,15,Rejected
42,64069,541,Salaried,96403,7,Rejected
22,118854,679,Salaried,501032,10,Approved
44,72471,802,Self-Employed,596532,15,Approved
50,50705,829,Self-Employed,920378,7,Approved
58,146501,550,Self-Employed,911797,10,Approved
22,134361,751,Salaried,545068,3,Approved
41,105273,849,Salaried,437264,2,Approved
53,41241,619,Self-Employed,568450,3,Rejected
32,68818,574,Salaried,229741,5,Approved
42,110307,661,Self-Employed,754294,7,Approved
45,84920,648,Unemployed,587334,15,Rejected
47,136642,622,Self-Employed,493273,10,Rejected
48,83453,640,Salaried,465964,3,Approved
36,40689,681,Salaried,359419,3,Approved
35,48844,776,Salaried,509935,15,Approved
23,113687,756,Self-Employed,977915,10,Rejected
57,41365,824,Salaried,618892,7,Approved
27,116303,744,Salaried,83960,15,Approved
41,46523,585,Salaried,953248,5,Rejected
29,130105,570,Salaried,147014,5,Approved
59,66888,768,Unemployed,972891,15,Approved
38,131884,679,Self-Employed,626891,5,Approved
24,124968,778,Salaried,897617,10,Approved
45,68110,648,Unemployed,949144,3,Rejected
34,149565,505,Self-Employed,869531,15,Rejected
29,100001,647,Self-Employed,419851,5,Approved
46,57767,831,Self-Employed,886632,3,Rejected
22,47550,667,Self-Employed,979784,15,Rejected
40,116315,508,Salaried,183347,5,Approved
48,113494,677,Salaried,350149,5,Approved
27,145424,783,Self-Employed,311564,15,Approved
28,131855,615,Salaried,423867,7,Approved
55,100681,595,Salaried,842817,10,Rejected
34,119489,830,Salaried,494002,7,Approved
37,148546,843,Salaried,766309,3,Approved
56,46900,555,Salaried,410950,3,Approved
60,32126,706,Self-Employed,577857,15,Approved
24,129198,604,Salaried,157575,10,Approved
22,97303,534,Salaried,417764,5,Approved
26,85061,708,Unemployed,75910,10,Approved
24,34978,780,Self-Employed,529783,5,Approved
49,74344,646,Salaried,103170,2,Approved
38,64648,786,Salaried,704997,2,Approved
46,19055,580,Self-Employed,964331,10,Rejected
54,93582,549,Self-Employed,119752,2,Approved
30,99214,586,Salaried,776787,2,Rejected
56,125954,690,Unemployed,289641,3,Rejected
34,56725,802,Self-Employed,310606,5,Approved
51,71380,500,Self-Employed,343744,15,Approved
35,71333,637,Salaried,852747,2,Rejected
28,60459,635,Salaried,140134,7,Approved
34,134518,653,Salaried,467448,3,Approved
43,54163,661,Salaried,600713,5,Approved
60,102730,518,Salaried,958551,3,Rejected
41,37476,827,Salaried,912323,7,Approved
36,86580,742,Self-Employed,247087,15,Approved
38,123576,628,Salaried,658562,5,Approved
44,104593,675,Salaried,523318,10,Approved
46,127071,779,Unemployed,486715,10,Approved
45,132832,583,Salaried,104016,3,Approved
49,86682,721,Salaried,937069,15,Rejected
35,109713,824,Self-Employed,759595,10,Approved
21,122060,644,Unemployed,500320,5,Rejected
45,101030,605,Self-Employed,205030,7,Rejected
27,138360,824,Salaried,374965,7,Approved
29,103973,510,Unemployed,884425,10,Rejected
44,54731,665,Salaried,989159,2,Approved
21,132360,695,Self-Employed,822693,2,Rejected
28,19750,730,Salaried,465044,15,Rejected
44,83018,646,Self-Employed,687784,2,Approved
31,104984,737,Salaried,940803,10,Approved
37,125983,512,Self-Employed,231062,10,Approved
28,46451,718,Self-Employed,630853,10,Rejected
55,111743,756,Salaried,764553,5,Approved
55,89474,501,Salaried,227045,2,Rejected
53,30150,709,Self-Employed,471178,3,Approved
25,31406,724,Salaried,284411,15,Rejected
59,134047,693,Salaried,781940,5,Approved
48,141971,695,Self-Employed,707569,15,Approved
27,121157,759,Unemployed,245171,15,Approved
29,36325,556,Salaried,256192,5,Rejected
28,112415,612,Salaried,716808,10,Approved
32,35669,712,Salaried,956168,10,Rejected
54,145385,778,Salaried,50275,5,Approved
53,90010,743,Salaried,595296,10,Approved
43,68812,616,Self-Employed,372819,2,Approved
44,34059,586,Self-Employed,894734,5,Rejected
57,104269,762,Salaried,704580,15,Approved
55,43395,799,Self-Employed,674433,5,Approved
60,38202,612,Salaried,573601,5,Approved
42,121235,663,Salaried,258859,10,Approved
47,63510,503,Salaried,70529,5,Approved
55,105945,617,Salaried,589919,3,Approved
21,88649,522,Salaried,915514,3,Rejected
55,124723,732,Self-Employed,753047,2,Approved
57,20881,589,Self-Employed,146060,5,Approved
34,63913,754,Self-Employed,121211,5,Approved
23,129860,591,Salaried,566085,15,Approved
21,102785,654,Salaried,454785,10,Approved
25,80457,806,Self-Employed,945452,15,Rejected
46,23741,614,Salaried,623927,7,Approved
34,115091,706,Self-Employed,822175,15,Approved
59,46690,580,Self-Employed,368000,7,Approved
47,50833,602,Self-Employed,352177,5,Rejected
29,120566,579,Salaried,743725,2,Approved
35,89240,602,Unemployed,740068,3,Rejected
35,124898,739,Self-Employed,471806,5,Approved
46,95711,764,Salaried,376168,5,Approved
33,57023,532,Self-Employed,586277,2,Approved
52,58209,534,Salaried,680327,2,Approved
59,111590,748,Salaried,808014,7,Approved
52,104612,549,Self-Employed,739087,5,Rejected
24,98522,779,Salaried,744758,5,Approved
50,129654,741,Salaried,350704,10,Approved
57,137107,651,Salaried,671761,3,Approved
43,40462,646,Salaried,740691,10,Rejected
59,35821,538,Salaried,245339,10,Rejected
35,110889,688,Unemployed,846560,3,Approved
49,106952,524,Salaried,598343,5,Rejected
56,136066,743,Self-Employed,762719,7,Approved
33,97364,722,Self-Employed,78646,3,Approved
52,88077,729,Salaried,542438,2,Approved
27,58644,652,Salaried,416535,5,Rejected
42,80643,787,Salaried,801480,3,Approved
48,31311,607,Unemployed,277976,3,Approved
22,147466,532,Salaried,772509,15,Rejected
26,48531,610,Self-Employed,910982,3,Rejected
48,32588,620,Unemployed,707480,7,Rejected
48,67416,515,Self-Employed,577679,10,Rejected
40,39711,726,Self-Employed,977662,10,Approved
50,134348,510,Unemployed,615987,15,Rejected
31,40076,702,Salaried,204818,3,Approved
48,102274,701,Self-Employed,325189,3,Approved
45,75609,597,Salaried,235225,10,Approved
59,76480,615,Salaried,683850,7,Rejected
53,25044,780,Salaried,745384,5,Approved
21,73486,848,Salaried,512595,10,Approved
47,73162,731,Salaried,108141,3,Approved
33,47882,610,Salaried,842561,7,Rejected
23,72078,511,Salaried,249818,7,Rejected
59,76734,520,Salaried,403842,15,Rejected
26,126730,626,Self-Employed,518721,3,Approved
28,105985,784,Salaried,612572,2,Approved
47,62028,620,Salaried,98056,7,Approved
29,116938,623,Self-Employed,150835,10,Approved
57,136319,532,Salaried,715986,2,Rejected
53,50543,669,Unemployed,366783,15,Rejected
44,142279,576,Self-Employed,144029,5,Approved
35,47362,796,Salaried,464153,10,Approved
52,60915,829,Unemployed,290037,15,Approved
52,69370,562,Self-Employed,855095,15,Rejected
44,129375,769,Salaried,146794,15,Approved
32,87812,715,Self-Employed,256167,3,Approved
59,52017,689,Self-Employed,749087,2,Rejected
22,74792,574,Self-Employed,319449,15,Approved
23,147198,673,Self-Employed,71940,15,Approved
57,35629,566,Salaried,769366,15,Approved
37,146614,592,Unemployed,94146,10,Approved
22,114950,552,Self-Employed,567211,15,Rejected
22,82829,593,Self-Employed,850089,7,Rejected
48,28588,612,Salaried,307548,3,Approved
43,149514,728,Salaried,171415,2,Approved
57,123280,749,Self-Employed,526250,7,Approved
52,58721,708,Self-Employed,50699,15,Rejected
53,28599,681,Unemployed,123101,3,Rejected
21,90594,766,Unemployed,553912,3,Approved
39,40149,780,Salaried,302715,2,Approved
22,145616,654,Self-Employed,57109,2,Approved
46,127034,582,Salaried,124323,2,Approved
52,38951,685,Salaried,362309,10,Approved
26,64766,848,Salaried,468331,3,Approved
52,75014,638,Self-Employed,786534,15,Approved
24,105122,554,Unemployed,115547,5,Approved
31,27308,518,Salaried,584423,7,Rejected
37,77252,847,Salaried,332987,2,Approved
58,101211,845,Unemployed,574949,3,Approved
44,144534,766,Salaried,693609,15,Approved
25,26720,641,Salaried,253989,7,Approved
54,144204,815,Salaried,242825,5,Approved
26,97993,663,Self-Employed,989462,7,Rejected
42,65113,751,Unemployed,59614,5,Approved
31,66926,731,Salaried,514623,15,Approved
36,43905,796,Salaried,305197,2,Rejected
53,68385,559,Salaried,116115,10,Rejected
29,48653,521,Salaried,271445,5,Approved
26,109865,625,Salaried,425406,2,Rejected
36,143813,602,Unemployed,414673,7,Rejected
49,33052,720,Self-Employed,391150,15,Approved
23,39381,609,Unemployed,915047,7,Rejected
40,101108,557,Unemployed,327794,7,Rejected
56,67892,564,Salaried,268926,15,Approved
39,109501,557,Salaried,325998,15,Approved
46,101391,657,Self-Employed,382743,10,Approved
23,35920,575,Salaried,828869,3,Rejected
39,34702,518,Self-Employed,271689,5,Rejected
40,19894,689,Salaried,663505,15,Rejected
52,48985,749,Self-Employed,984094,3,Approved
27,143702,578,Salaried,94391,7,Approved
53,91527,583,Salaried,655279,10,Approved
60,146676,671,Self-Employed,592526,2,Approved
59,60235,711,Salaried,571461,10,Approved
38,42976,648,Salaried,219104,15,Approved
60,100643,509,Self-Employed,68044,3,Approved
21,125631,529,Salaried,828132,7,Approved
31,74697,779,Self-Employed,535909,5,Approved
48,88382,554,Salaried,942284,10,Rejected
45,34651,626,Self-Employed,196784,3,Approved
43,32633,679,Salaried,972483,3,Rejected
51,97164,731,Salaried,546566,2,Approved
50,18569,592,Salaried,255084,5,Approved
55,85509,507,Self-Employed,149022,3,Approved
27,141425,746,Salaried,897764,5,Approved
36,119126,830,Salaried,328785,7,Approved
46,145522,695,Self-Employed,736071,15,Approved
22,51038,662,Salaried,169593,10,Rejected
21,56138,539,Self-Employed,949123,3,Rejected
32,128740,753,Self-Employed,789877,7,Approved
25,129174,584,Salaried,355026,2,Approved
57,67272,771,Salaried,376296,5,Approved
52,69455,577,Salaried,615068,15,Rejected
29,86447,712,Self-Employed,370727,7,Approved
55,95108,803,Salaried,885005,5,Approved
39,56333,754,Salaried,602158,15,Approved
36,139219,590,Salaried,663006,5,Approved
23,101029,692,Salaried,741141,3,Rejected
40,57697,752,Salaried,497592,5,Approved
44,35634,777,Salaried,464217,7,Approved
53,143520,642,Salaried,169752,2,Approved
44,42561,743,Salaried,391745,3,Approved
31,73063,711,Salaried,276280,10,Approved
28,43921,694,Salaried,706247,2,Approved
56,37340,769,Salaried,159950,7,Approved
58,80781,828,Salaried,640568,3,Approved
60,32901,518,Self-Employed,139156,15,Approved
40,28638,539,Salaried,463036,15,Rejected
55,62324,597,Self-Employed,595835,5,Approved
45,106356,503,Salaried,903672,2,Rejected
55,50642,532,Self-Employed,893986,3,Rejected
45,43378,798,Salaried,818275,10,Rejected
49,68867,664,Unemployed,119600,10,Approved
38,91686,526,Self-Employed,546746,10,Rejected
38,60875,672,Salaried,625396,15,Approved
22,136171,836,Salaried,322862,3,Approved
55,118061,612,Self-Employed,494070,2,Approved
36,82377,594,Unemployed,293916,5,Rejected
56,72691,818,Salaried,54214,2,Approved
53,67063,732,Salaried,402741,5,Approved
24,109782,633,Salaried,502716,2,Approved
53,96343,623,Salaried,429333,2,Approved
34,101071,850,Salaried,651326,3,Approved
41,139399,822,Salaried,415575,10,Approved
40,49357,615,Salaried,562511,10,Approved
28,50314,512,Salaried,747386,10,Rejected
27,88283,819,Self-Employed,803033,10,Approved
23,77567,664,Self-Employed,162424,2,Approved
37,65006,707,Salaried,963539,10,Approved
53,79606,584,Self-Employed,295453,2,Rejected
32,36891,747,Salaried,703187,5,Approved
42,119732,555,Salaried,584295,7,Rejected
42,47877,671,Self-Employed,290366,7,Approved
50,32026,640,Self-Employed,875737,5,Approved
58,38422,631,Self-Employed,995709,2,Approved
58,51481,700,Salaried,693032,10,Rejected
28,107180,788,Salaried,623637,3,Approved
47,127384,808,Self-Employed,802760,2,Approved
47,76031,844,Salaried,340091,2,Approved
54,101127,678,Salaried,357419,5,Approved
41,110254,528,Salaried,186035,5,Approved
50,86232,806,Salaried,696944,3,Approved
53,98224,805,Salaried,621485,10,Approved
48,47960,535,Salaried,203752,7,Approved
53,105695,608,Salaried,240988,15,Rejected
25,148066,815,Salaried,271094,10,Approved
39,20693,645,Salaried,409118,10,Rejected
24,133313,775,Salaried,726606,15,Rejected
55,46810,645,Self-Employed,899317,15,Approved
37,38092,667,Salaried,436205,2,Approved
48,76105,756,Self-Employed,970845,3,Rejected
50,46555,774,Salaried,425601,2,Approved
49,89934,586,Salaried,844179,5,Approved
26,90788,653,Salaried,517200,15,Rejected
55,95257,784,Salaried,781836,7,Approved
57,35939,814,Salaried,675154,3,Approved
44,146068,818,Salaried,393276,3,Approved
49,18036,597,Self-Employed,113409,10,Approved
51,111948,710,Salaried,735987,2,Approved
55,101707,547,Self-Employed,395731,10,Rejected
53,57051,817,Self-Employed,269306,10,Approved
41,98738,773,Salaried,121949,3,Approved
52,91596,693,Self-Employed,921000,7,Approved
43,78071,751,Self-Employed,383414,5,Approved
53,148613,782,Unemployed,353740,10,Approved
23,91601,761,Salaried,80786,15,Approved
38,47873,761,Self-Employed,568918,7,Approved
45,89468,530,Self-Employed,172887,15,Approved
51,44470,604,Self-Employed,657787,10,Rejected
23,26328,849,Salaried,73999,7,Approved
60,139173,811,Unemployed,721878,2,Approved
44,64638,668,Unemployed,733767,15,Rejected
52,29268,735,Self-Employed,900735,5,Approved
42,131920,773,Salaried,341645,3,Approved
43,128379,842,Self-Employed,152424,2,Approved
22,25887,729,Salaried,347424,10,Rejected
47,42918,522,Salaried,498473,10,Rejected
22,53497,663,Unemployed,341189,5,Approved
46,111562,780,Self-Employed,535571,15,Approved
37,29929,506,Unemployed,74432,15,Rejected
60,120201,709,Salaried,338889,5,Approved
53,134566,752,Salaried,996947,5,Approved
29,46546,632,Unemployed,432864,10,Approved
59,100494,773,Salaried,308606,10,Approved
49,64566,605,Self-Employed,407976,3,Approved
46,103464,731,Salaried,812809,5,Approved
55,146279,532,Salaried,944466,7,Rejected
45,99991,578,Salaried,558811,3,Approved
44,110680,534,Salaried,951082,7,Rejected
33,46013,609,Salaried,895456,2,Rejected
27,70132,820,Salaried,535237,5,Approved
56,125855,562,Salaried,973157,3,Approved
40,109627,827,Self-Employed,284534,15,Approved
21,140772,796,Self-Employed,906057,3,Approved
28,82068,677,Salaried,861626,2,Rejected
36,34116,731,Self-Employed,434611,2,Approved
34,69369,603,Salaried,825951,2,Rejected
32,121100,793,Salaried,618036,3,Approved
43,47655,534,Salaried,171778,10,Rejected
35,65632,693,Self-Employed,535237,7,Rejected
48,36895,673,Salaried,888428,15,Rejected
54,41086,601,Salaried,676893,15,Approved
22,103637,823,Salaried,181070,7,Approved
52,125334,792,Unemployed,619926,15,Approved
43,81083,584,Unemployed,244216,2,Approved
42,113028,700,Salaried,392427,15,Approved
45,84957,672,Salaried,77980,10,Approved
42,115551,528,Unemployed,550116,10,Approved
42,96506,796,Salaried,732371,2,Approved
26,112024,555,Salaried,207158,5,Approved
35,99481,515,Salaried,270541,3,Approved
57,18255,639,Unemployed,644786,5,Approved
53,33487,565,Self-Employed,572099,10,Approved
28,37346,646,Salaried,748638,2,Approved
25,53050,657,Salaried,378537,3,Approved
59,26744,568,Unemployed,311549,7,Rejected
24,79596,522,Salaried,639446,15,Rejected
26,137640,689,Salaried,668129,10,Approved
52,73032,747,Salaried,953512,3,Approved
50,60687,808,Self-Employed,176948,3,Approved
55,80863,644,Salaried,637924,5,Approved
60,149663,804,Self-Employed,155075,7,Approved
36,24277,676,Salaried,811223,5,Rejected
33,79860,694,Salaried,758794,5,Approved
50,42741,512,Salaried,197475,5,Approved
39,137720,665,Self-Employed,759969,5,Approved
37,55211,649,Salaried,52420,10,Approved
39,24869,840,Salaried,192290,7,Approved
48,105616,544,Salaried,787346,5,Approved
46,112515,673,Self-Employed,473350,10,Approved
57,78110,666,Self-Employed,315277,15,Approved
46,52033,696,Salaried,897333,10,Approved
43,63213,705,Salaried,673377,3,Approved
29,30938,581,Salaried,115370,3,Approved
32,148842,567,Salaried,564669,2,Rejected
21,20274,596,Unemployed,876935,10,Rejected
21,102390,666,Salaried,560036,2,Approved
54,38044,576,Salaried,698597,10,Rejected
52,117372,736,Salaried,918103,5,Rejected
45,32706,695,Salaried,100570,5,Rejected
60,94464,790,Salaried,250298,2,Approved
21,39213,635,Salaried,149851,5,Approved
36,19950,807,Self-Employed,357375,5,Approved
59,28411,795,Salaried,394422,3,Approved
25,146603,535,Salaried,884366,5,Approved
42,80744,747,Salaried,313706,3,Approved
49,53053,753,Self-Employed,775282,7,Rejected
23,75623,713,Salaried,854993,10,Rejected
32,47714,751,Salaried,758322,3,Approved
46,127283,569,Salaried,263639,15,Approved
36,26562,733,Salaried,302435,15,Approved
57,73048,828,Self-Employed,181335,3,Approved
42,111295,515,Self-Employed,794382,3,Rejected
49,30026,673,Unemployed,696979,15,Rejected
34,124147,686,Salaried,807406,10,Approved
48,49589,793,Salaried,56646,10,Approved
25,126199,724,Salaried,147439,10,Approved
50,115274,773,Salaried,650972,15,Approved
25,44844,511,Salaried,688805,5,Rejected
32,108415,809,Self-Employed,403817,3,Approved
36,72708,718,Salaried,207084,10,Rejected
46,88825,500,Salaried,228650,7,Rejected
46,69574,610,Salaried,261831,15,Approved
41,103548,776,Self-Employed,985893,10,Approved
59,82230,628,Salaried,392033,2,Approved
56,58581,592,Salaried,102292,2,Rejected
53,43105,538,Unemployed,75483,3,Approved
50,97830,815,Self-Employed,738257,3,Approved
57,87157,658,Salaried,201174,3,Approved
43,105235,685,Salaried,788094,5,Rejected
30,20347,755,Salaried,930506,15,Approved
25,65650,738,Self-Employed,383529,2,Approved
56,142926,603,Self-Employed,143493,2,Rejected
54,99147,528,Salaried,432438,3,Approved
51,66135,588,Self-Employed,508766,15,Approved
30,37199,550,Salaried,325951,2,Approved
39,119583,646,Self-Employed,125765,2,Approved
52,110290,813,Salaried,825353,5,Approved
21,138787,535,Salaried,250096,7,Approved
25,132427,783,Self-Employed,96062,3,Approved
24,105493,600,Salaried,337426,7,Approved
36,149706,606,Unemployed,935438,7,Rejected
44,30771,844,Salaried,169529,5,Approved
36,143607,790,Salaried,163729,2,Approved
22,97876,848,Self-Employed,819104,3,Approved
48,77648,604,Salaried,850704,10,Rejected
52,93783,720,Salaried,103283,7,Approved
47,62440,575,Salaried,628282,15,Approved
40,49655,726,Unemployed,924512,7,Approved
44,61039,583,Self-Employed,499025,5,Rejected
32,73255,575,Salaried,654192,7,Approved
55,90219,748,Salaried,220332,7,Approved
53,29244,754,Salaried,448715,7,Approved
53,112594,549,Salaried,396619,5,Rejected
57,76595,709,Unemployed,472533,2,Approved
32,121898,657,Self-Employed,61178,15,Approved
23,46371,827,Salaried,840371,7,Approved
21,23914,732,Salaried,956071,3,Rejected
53,45180,576,Unemployed,168026,15,Rejected
60,98219,722,Salaried,566612,7,Approved
30,96616,620,Unemployed,689773,7,Rejected
49,113213,809,Salaried,146137,3,Approved
33,55805,826,Self-Employed,533812,5,Approved
32,144599,840,Self-Employed,655530,10,Approved
51,92176,606,Self-Employed,774570,3,Approved
22,112799,740,Salaried,470503,10,Approved
55,116385,527,Salaried,419082,2,Approved
43,106919,691,Salaried,826569,2,Approved
37,99462,748,Unemployed,412101,7,Rejected
46,49159,712,Salaried,763717,15,Approved
28,60039,520,Unemployed,190226,7,Approved
49,65800,654,Self-Employed,370060,5,Approved
46,58761,526,Salaried,816309,10,Approved
30,112626,576,Unemployed,269673,2,Approved
46,136368,805,Self-Employed,947644,2,Approved
54,98903,556,Salaried,563903,7,Approved
27,136998,618,Salaried,273014,7,Approved
24,77894,664,Self-Employed,294945,5,Approved
31,69444,563,Self-Employed,586322,7,Approved
49,79748,547,Self-Employed,931445,15,Rejected
56,59190,649,Self-Employed,210809,7,Approved
45,58318,657,Salaried,968319,15,Approved
41,142078,655,Self-Employed,246568,15,Rejected
56,57759,650,Salaried,965468,5,Approved
30,34498,724,Salaried,276904,7,Approved
57,43989,759,Salaried,307623,15,Approved
29,135035,755,Salaried,614023,15,Approved
44,84577,560,Salaried,624650,7,Rejected
55,123231,759,Salaried,102286,7,Approved
55,107900,820,Salaried,759967,10,Approved
56,122679,661,Salaried,394618,2,Approved
38,41482,848,Self-Employed,544312,3,Approved
59,87212,530,Salaried,268857,2,Approved
52,48048,570,Salaried,155212,10,Approved
44,53814,501,Self-Employed,997000,3,Rejected
43,147493,549,Salaried,653284,2,Approved
52,78204,634,Salaried,127790,5,Approved
57,50844,645,Unemployed,324101,10,Approved
32,99943,678,Salaried,807966,5,Approved
33,39518,763,Salaried,844284,5,Approved
43,41052,810,Self-Employed,903232,2,Approved
45,87803,703,Self-Employed,335347,15,Approved
55,89524,798,Self-Employed,490894,3,Approved
50,107572,686,Salaried,222925,15,Approved
37,85021,529,Self-Employed,753722,7,Rejected
40,38043,558,Self-Employed,60364,7,Approved
45,20419,508,Salaried,265296,10,Rejected
42,139831,823,Salaried,733099,5,Approved
33,119799,666,Self-Employed,636464,10,Approved
39,75600,836,Salaried,754194,2,Approved
56,134467,778,Salaried,807622,5,Approved
32,96497,690,Salaried,786462,7,Rejected
39,126611,741,Salaried,612592,2,Approved
32,78692,777,Salaried,862246,2,Approved
29,80112,653,Salaried,590345,15,Rejected
27,34360,659,Salaried,392653,10,Approved
48,101038,764,Unemployed,854633,10,Approved
34,21017,734,Salaried,230990,15,Approved
51,104261,845,Salaried,886156,3,Approved
39,84320,698,Unemployed,496831,7,Approved
36,49127,532,Self-Employed,219160,7,Rejected
25,93088,588,Salaried,617580,10,Rejected
55,49921,594,Salaried,437134,7,Rejected
32,22746,720,Salaried,144853,7,Approved
45,86535,568,Unemployed,99902,2,Rejected
41,83350,793,Salaried,527947,15,Approved
56,99131,736,Salaried,431288,15,Approved
43,40063,659,Self-Employed,729098,5,Rejected
36,135116,819,Salaried,790834,5,Approved
59,106913,827,Self-Employed,773314,3,Approved
59,96946,775,Self-Employed,284516,5,Approved
34,28564,789,Salaried,694012,15,Approved
51,67725,541,Salaried,280230,7,Approved
25,104134,565,Salaried,609906,15,Rejected
55,123940,520,Self-Employed,774275,2,Approved
43,80085,834,Self-Employed,342909,15,Approved
49,35862,569,Self-Employed,771089,5,Approved
31,28265,760,Salaried,227208,7,Approved
38,80471,745,Self-Employed,599610,15,Approved
32,109080,822,Salaried,235185,7,Approved
29,73828,734,Salaried,192351,10,Approved
30,134884,771,Salaried,824788,15,Approved
37,126007,598,Self-Employed,203088,10,Approved
58,64104,828,Self-Employed,130615,5,Approved
27,58934,534,Salaried,336869,10,Rejected
33,132420,838,Self-Employed,385663,7,Approved
60,24050,670,Salaried,171837,7,Approved
29,26484,609,Salaried,596425,10,Rejected
47,80648,794,Salaried,848489,2,Approved
22,77945,509,Unemployed,857713,10,Rejected
25,49323,701,Salaried,947905,2,Rejected
49,104332,756,Salaried,941705,10,Approved
57,112605,761,Unemployed,464932,7,Approved
58,28315,680,Self-Employed,187606,15,Approved
39,65968,565,Self-Employed,109672,7,Approved
28,27107,793,Salaried,942856,10,Approved
21,73781,660,Self-Employed,944603,3,Rejected
42,21869,566,Salaried,688958,2,Rejected
37,98983,599,Self-Employed,175466,3,Approved
27,25971,576,Salaried,601253,7,Approved
45,114805,534,Self-Employed,263665,2,Approved
24,43651,544,Salaried,348613,15,Rejected
56,74974,649,Salaried,919712,10,Rejected
26,41446,567,Self-Employed,978762,2,Approved
51,21823,753,Salaried,683930,2,Approved
39,85965,516,Salaried,375724,5,Rejected
59,28510,760,Salaried,258417,15,Approved
47,123935,712,Self-Employed,315211,2,Approved
30,87134,812,Salaried,666562,15,Approved
46,90254,755,Self-Employed,84212,7,Approved
39,132780,715,Self-Employed,193289,15,Approved
59,143544,850,Self-Employed,830400,3,Approved
23,83587,785,Salaried,727231,3,Approved
33,100238,506,Self-Employed,579467,15,Rejected
48,93720,698,Salaried,512105,10,Approved
40,96004,590,Salaried,302140,5,Approved
48,40072,646,Self-Employed,859597,3,Approved
28,99015,649,Unemployed,269052,3,Approved
59,90746,551,Salaried,761724,2,Rejected
21,120260,742,Salaried,449135,15,Approved
23,146259,718,Unemployed,105012,7,Approved
33,48916,505,Self-Employed,655380,15,Rejected
48,45268,608,Salaried,521763,15,Approved
45,41259,850,Salaried,228674,7,Approved
53,97400,565,Salaried,264762,10,Approved
58,52293,509,Self-Employed,465510,7,Rejected
26,129581,701,Salaried,128272,3,Approved
52,25043,781,Self-Employed,223734,2,Approved
41,125009,713,Unemployed,525330,7,Approved
36,56893,567,Unemployed,391676,5,Rejected
41,44309,746,Self-Employed,664974,5,Approved
31,41284,826,Salaried,441477,5,Approved
57,144801,549,Salaried,858730,7,Approved
56,131259,516,Self-Employed,998060,2,Approved
55,118804,510,Salaried,480627,7,Approved
39,87000,808,Salaried,795860,3,Approved
40,102179,805,Salaried,303634,7,Approved
38,83049,623,Unemployed,588034,15,Rejected
34,47265,724,Self-Employed,543272,5,Approved
35,41880,743,Salaried,294511,5,Approved
51,102579,817,Salaried,214500,15,Approved
21,149327,831,Salaried,596287,2,Approved
23,83424,845,Self-Employed,151136,10,Approved
36,88966,528,Salaried,770072,5,Rejected
43,85396,784,Unemployed,866793,5,Approved
31,89694,558,Self-Employed,947557,10,Rejected
32,35106,642,Unemployed,713848,7,Approved
30,74731,825,Self-Employed,612669,5,Approved
52,93010,799,Self-Employed,990858,2,Approved
36,50599,725,Self-Employed,722074,7,Approved
28,89326,663,Salaried,581065,7,Approved
58,93706,583,Salaried,455257,5,Approved
32,27004,812,Self-Employed,325286,7,Approved
44,133018,616,Salaried,665684,7,Rejected
48,43792,819,Salaried,976774,2,Approved
28,72645,703,Self-Employed,546921,7,Approved
48,25232,793,Self-Employed,698042,15,Approved
56,72766,644,Salaried,316010,5,Approved
46,138601,526,Salaried,718389,5,Approved
28,99588,516,Salaried,219953,15,Approved
48,23913,562,Salaried,683469,15,Approved
48,130406,766,Unemployed,961801,15,Approved
57,131693,563,Self-Employed,827474,10,Approved
56,111449,538,Unemployed,149889,3,Rejected
47,28567,629,Salaried,839372,10,Approved
37,56379,614,Salaried,457321,2,Approved
29,18319,544,Self-Employed,302049,2,Rejected
53,108005,715,Salaried,931012,5,Approved
40,128990,587,Salaried,638844,3,Rejected
33,22791,835,Unemployed,948444,10,Rejected
48,149401,676,Self-Employed,859221,3,Approved
49,79032,764,Salaried,194290,5,Approved
33,106662,604,Salaried,330030,7,Approved
55,39300,833,Salaried,853561,5,Approved
26,93700,800,Unemployed,478596,5,Approved
38,73609,670,Self-Employed,969012,3,Approved
25,108045,607,Salaried,248378,2,Approved
45,79901,660,Salaried,127507,7,Approved
22,23703,782,Self-Employed,477945,7,Approved
30,81115,539,Salaried,179539,2,Rejected
50,45676,525,Unemployed,715147,3,Rejected
25,139332,582,Unemployed,701948,3,Rejected
53,47802,672,Self-Employed,352663,2,Approved
21,108331,672,Self-Employed,830773,10,Rejected
38,142786,781,Salaried,971162,3,Approved
52,83169,569,Salaried,335505,2,Rejected
31,86147,822,Self-Employed,924961,10,Approved
41,40075,505,Salaried,509217,5,Rejected
46,100015,783,Salaried,167131,7,Approved
45,27304,694,Salaried,469024,2,Approved
42,147851,512,Salaried,719234,3,Rejected
47,138729,562,Salaried,549856,7,Rejected
33,77622,512,Self-Employed,466163,10,Rejected
53,72215,748,Salaried,90284,7,Approved
54,91973,704,Salaried,830592,15,Approved
55,126654,752,Salaried,764511,2,Approved
21,42028,539,Salaried,331576,5,Rejected
41,57328,664,Self-Employed,381722,10,Rejected
26,45301,530,Salaried,660347,10,Rejected
48,56015,516,Salaried,971706,10,Rejected
37,54845,636,Salaried,744252,7,Rejected
25,104818,819,Unemployed,95205,5,Approved
51,94394,812,Salaried,582061,2,Approved
25,61714,664,Salaried,854103,2,Approved
58,98722,780,Salaried,320445,7,Approved
23,43230,722,Salaried,702305,15,Rejected
43,110554,621,Salaried,811167,2,Approved
57,67262,577,Self-Employed,213701,2,Approved
57,59722,812,Salaried,103971,5,Approved
30,80796,826,Self-Employed,626230,7,Approved
30,105052,587,Salaried,210071,7,Approved
39,118808,612,Salaried,542381,10,Approved
37,109951,599,Self-Employed,571509,2,Approved
41,68886,802,Salaried,538860,3,Approved
34,121424,738,Self-Employed,386332,15,Approved
29,122697,845,Self-Employed,264096,5,Approved
21,114299,610,Unemployed,809038,5,Approved
33,32497,589,Salaried,394807,15,Rejected
24,136915,638,Salaried,68794,15,Approved
21,110019,634,Salaried,668192,3,Approved
60,127017,511,Salaried,882968,10,Approved
52,87385,743,Salaried,910602,3,Approved
54,123153,681,Salaried,576121,15,Approved
48,51826,694,Salaried,345797,15,Approved
51,128034,621,Salaried,720679,3,Rejected
28,102242,552,Self-Employed,315748,10,Rejected
59,141066,672,Self-Employed,710717,3,Approved
46,68100,678,Salaried,459473,10,Approved
54,143170,792,Self-Employed,78932,15,Approved
23,114205,558,Salaried,505952,15,Approved
32,30809,553,Salaried,636007,15,Approved
21,82450,756,Salaried,639703,2,Rejected
25,56428,744,Self-Employed,114413,10,Approved
50,90790,648,Salaried,135141,15,Approved
50,129126,783,Salaried,965258,7,Approved
37,108321,515,Unemployed,680935,7,Rejected
43,20093,675,Salaried,695913,3,Approved
35,62498,527,Unemployed,838028,7,Rejected
57,134251,628,Salaried,502231,10,Approved
41,58985,722,Self-Employed,425819,2,Approved
34,50009,743,Self-Employed,80733,10,Approved
22,146515,737,Self-Employed,158030,5,Approved
31,35718,731,Unemployed,59757,3,Approved
59,34705,825,Self-Employed,976646,15,Approved
58,105618,591,Salaried,519858,2,Approved
54,80598,502,Self-Employed,658700,3,Approved
58,95878,580,Self-Employed,862349,5,Rejected
54,30239,543,Salaried,147054,7,Rejected
38,64622,654,Unemployed,239147,5,Approved
50,64665,523,Salaried,775229,7,Rejected
35,50274,598,Salaried,697139,3,Rejected
47,126368,670,Salaried,230992,3,Approved
54,126563,647,Self-Employed,209373,15,Approved
58,111103,622,Salaried,761417,15,Rejected
53,84446,611,Salaried,350465,3,Approved
44,47072,629,Salaried,655481,15,Approved
35,51717,567,Self-Employed,125462,10,Rejected
50,135202,846,Unemployed,734327,2,Approved
37,140389,815,Salaried,377693,10,Approved
25,127525,716,Self-Employed,775603,5,Approved
49,22646,595,Salaried,831914,2,Rejected
24,57713,644,Salaried,402446,3,Approved
30,85936,532,Salaried,711353,3,Rejected
37,40185,785,Salaried,233088,3,Approved
30,102263,504,Self-Employed,540916,7,Rejected
37,70107,617,Self-Employed,539577,5,Approved
40,35563,639,Salaried,213209,10,Approved
44,88729,729,Salaried,958725,15,Approved
25,33701,659,Unemployed,381782,5,Rejected
54,146331,793,Salaried,313248,7,Approved
26,117280,748,Salaried,872012,7,Approved
22,56665,772,Unemployed,613187,5,Approved
33,33957,685,Unemployed,679220,7,Approved
31,64008,539,Salaried,207028,15,Rejected
43,79920,723,Salaried,637062,2,Approved
36,131828,651,Salaried,802547,3,Approved
51,141852,639,Salaried,425289,10,Approved
31,108815,627,Self-Employed,556374,7,Rejected
36,56311,850,Salaried,680423,10,Approved
28,50356,646,Self-Employed,394865,3,Approved
24,21809,784,Salaried,164301,15,Approved
60,52875,717,Salaried,103696,5,Approved
24,27465,719,Salaried,580716,15,Approved
45,91844,644,Salaried,393321,3,Approved
23,104889,828,Salaried,715673,10,Approved
52,33250,776,Self-Employed,551696,2,Rejected
23,64023,741,Unemployed,578428,5,Approved
47,119350,559,Unemployed,526688,7,Rejected
49,34427,597,Self-Employed,577080,2,Approved
52,89643,830,Self-Employed,904691,3,Approved
39,96672,680,Self-Employed,661784,10,Rejected
41,35300,613,Salaried,248630,10,Approved
25,78289,602,Self-Employed,824718,10,Rejected
38,37659,835,Salaried,501990,3,Approved
48,28360,818,Salaried,938924,5,Approved
42,39424,556,Self-Employed,474257,7,Rejected
41,116035,784,Unemployed,863521,2,Approved
26,66791,628,Salaried,312747,3,Approved
21,30300,814,Salaried,777924,10,Approved
25,51370,585,Salaried,581438,7,Rejected
32,45209,699,Salaried,687481,10,Rejected
46,38927,570,Salaried,106048,3,Approved
54,52579,844,Unemployed,271510,10,Approved
34,27032,597,Salaried,815694,3,Rejected
46,111254,799,Salaried,858778,10,Approved
47,96413,675,Self-Employed,131478,3,Approved
29,131528,732,Salaried,238202,10,Approved
46,141916,574,Self-Employed,642599,7,Rejected
42,90302,642,Salaried,801414,7,Approved
50,103757,522,Self-Employed,446855,10,Rejected
37,33932,680,Salaried,140702,10,Approved
46,43714,544,Salaried,231662,3,Rejected
56,75803,591,Salaried,176450,3,Approved
21,74627,768,Self-Employed,902818,3,Rejected
28,97810,533,Salaried,361735,5,Approved
55,63380,665,Salaried,647624,10,Rejected
35,82686,569,Unemployed,957977,15,Rejected
42,138321,695,Salaried,646399,10,Approved
34,63028,632,Self-Employed,93955,10,Approved
46,131141,746,Self-Employed,144535,10,Approved
48,73248,667,Self-Employed,440400,3,Approved
43,28523,776,Unemployed,502225,3,Approved
34,63530,655,Salaried,790188,5,Approved
44,31769,522,Self-Employed,866681,3,Rejected
22,130035,699,Self-Employed,333721,15,Approved
46,97782,774,Salaried,428089,10,Approved
34,96382,549,Salaried,199000,10,Approved
27,128939,685,Salaried,821953,2,Rejected
23,96712,519,Salaried,211310,3,Approved
43,136643,615,Self-Employed,94639,2,Approved
38,125417,591,Unemployed,868433,10,Rejected
58,146256,848,Self-Employed,68199,3,Approved
55,119422,838,Salaried,937012,10,Approved
35,107300,552,Salaried,766020,2,Rejected
45,24630,622,Self-Employed,379130,2,Approved
57,142474,840,Salaried,934421,7,Approved
48,116869,837,Self-Employed,835863,7,Approved
30,33701,764,Self-Employed,797519,3,Approved
59,115285,503,Self-Employed,538167,3,Rejected
37,135556,668,Salaried,415354,3,Approved
59,33021,780,Salaried,907816,3,Approved
42,82361,789,Salaried,205821,3,Approved
46,28355,572,Salaried,526258,3,Rejected
45,116841,636,Unemployed,519504,15,Approved
37,35198,837,Salaried,180171,3,Approved
33,84951,755,Salaried,535370,2,Approved
40,36740,640,Self-Employed,778180,2,Rejected
45,21810,707,Salaried,835750,2,Approved
24,141743,759,Self-Employed,356882,15,Approved
30,117855,762,Salaried,137272,10,Approved
23,44783,770,Unemployed,461776,5,Approved
38,139701,537,Unemployed,781509,10,Rejected
56,96047,702,Self-Employed,917902,3,Approved
42,27471,723,Salaried,734267,5,Approved
54,128771,846,Salaried,391835,2,Approved
28,24163,551,Self-Employed,513589,2,Rejected
60,80071,580,Self-Employed,875533,7,Rejected
39,34065,710,Self-Employed,930316,3,Approved
57,140323,506,Salaried,498679,3,Rejected
26,135969,544,Salaried,229806,7,Approved
46,101456,814,Unemployed,371180,10,Approved
54,37154,776,Salaried,590962,7,Approved
26,123703,758,Salaried,225963,15,Approved
57,38229,641,Salaried,860324,3,Approved
53,70587,757,Self-Employed,166106,15,Approved
42,67713,784,Salaried,252201,15,Approved
41,39101,536,Salaried,490458,15,Rejected
26,58391,544,Salaried,432142,2,Rejected
26,90723,619,Salaried,255367,7,Approved
24,118264,545,Self-Employed,137558,5,Approved
50,55921,639,Salaried,792450,2,Rejected
31,46460,552,Salaried,528174,10,Rejected
50,109725,800,Salaried,213366,2,Approved
51,76445,787,Salaried,830585,10,Approved
44,100208,773,Salaried,372631,2,Approved
29,124283,768,Unemployed,787588,3,Approved
23,103779,778,Unemployed,232362,15,Approved
51,21060,561,Salaried,68580,10,Approved
60,143806,553,Salaried,802669,10,Rejected
57,31731,568,Salaried,443677,7,Approved
56,95830,741,Self-Employed,292298,2,Approved
44,133871,769,Salaried,164048,10,Approved
51,38719,751,Salaried,823868,10,Approved
26,67116,783,Self-Employed,172647,2,Approved
22,44325,850,Salaried,447948,2,Approved
40,32551,570,Salaried,918997,5,Rejected
48,111287,822,Salaried,636245,7,Approved
31,42278,599,Salaried,465614,10,Rejected
24,33141,560,Unemployed,518340,2,Rejected
35,85913,602,Self-Employed,233492,10,Rejected
26,51615,618,Salaried,750605,5,Approved
50,140058,516,Salaried,537202,5,Approved
58,130684,804,Salaried,869071,10,Approved
22,45452,690,Salaried,762427,7,Approved
35,68391,711,Salaried,619422,3,Rejected
31,138288,577,Self-Employed,649586,10,Rejected
28,131535,545,Salaried,99967,5,Approved
46,104711,592,Salaried,320184,7,Approved
25,95850,512,Salaried,258967,15,Rejected
26,127733,727,Salaried,699258,2,Approved
46,20365,800,Salaried,611954,15,Approved
24,115662,516,Salaried,446420,7,Rejected
39,61372,802,Self-Employed,553582,7,Approved
40,62134,561,Salaried,83897,10,Rejected
53,55823,542,Self-Employed,883182,7,Rejected
40,89158,567,Salaried,277684,2,Approved
32,114076,711,Salaried,355159,15,Approved
21,67396,702,Self-Employed,592469,10,Approved
46,126336,713,Self-Employed,954534,5,Rejected
34,49912,608,Self-Employed,593156,2,Rejected
58,74947,783,Salaried,662431,10,Approved
57,62387,593,Unemployed,74107,10,Approved
31,34508,724,Self-Employed,591360,3,Rejected
56,63592,724,Salaried,274647,2,Approved
33,127249,738,Self-Employed,304527,7,Approved
23,19919,617,Salaried,358099,2,Approved
53,60595,590,Salaried,728175,2,Approved
26,51298,839,Self-Employed,230020,3,Approved
30,32456,788,Unemployed,702400,7,Rejected
25,127599,780,Salaried,929554,15,Approved
43,104676,518,Self-Employed,602766,3,Rejected
30,101721,674,Self-Employed,924353,3,Approved
22,55924,605,Unemployed,243231,3,Rejected
33,42240,788,Salaried,696075,2,Approved
60,105381,747,Salaried,209969,15,Approved
22,27228,822,Salaried,342172,3,Approved
40,39686,641,Salaried,342256,5,Approved
21,29920,797,Unemployed,892005,7,Rejected
57,25432,692,Salaried,548558,15,Approved
29,128507,850,Unemployed,167527,7,Approved
37,148509,802,Self-Employed,364370,15,Approved
29,89725,790,Salaried,800112,3,Approved
31,139764,831,Salaried,773421,15,Approved
35,77099,707,Salaried,348290,2,Approved
44,130557,747,Salaried,536613,15,Approved
58,104760,641,Salaried,962413,10,Rejected
55,36013,810,Salaried,308466,10,Approved
50,39446,721,Salaried,94568,2,Approved
51,123209,724,Salaried,517995,3,Approved
25,120261,683,Salaried,406960,3,Approved
34,113739,804,Salaried,795558,5,Approved
31,18557,687,Self-Employed,298857,10,Rejected
29,148878,612,Salaried,768967,10,Approved
54,117143,680,Self-Employed,275992,7,Approved
32,42578,698,Self-Employed,994519,3,Approved
55,92779,569,Self-Employed,516276,2,Approved
55,75500,585,Unemployed,392368,3,Rejected
21,90534,538,Salaried,588638,3,Rejected
60,28129,630,Salaried,416896,5,Approved
42,29596,509,Salaried,608333,15,Rejected
49,83355,502,Salaried,515518,15,Rejected
28,30974,801,Salaried,812375,2,Approved
31,130004,649,Salaried,432902,5,Approved
57,144794,566,Salaried,433828,5,Approved
34,88202,692,Self-Employed,179663,5,Approved
50,92442,596,Self-Employed,57353,15,Approved
55,73598,518,Salaried,58578,5,Rejected
41,51758,817,Salaried,123203,3,Approved
57,42204,597,Self-Employed,50013,15,Approved
25,145309,556,Self-Employed,892981,15,Approved
39,48552,850,Salaried,201642,7,Approved
34,65037,606,Self-Employed,168163,3,Approved
46,52831,587,Salaried,258376,5,Approved
24,61563,640,Salaried,361299,5,Approved
45,36361,643,Salaried,405325,7,Approved
45,59335,551,Unemployed,213479,10,Approved
38,92469,711,Salaried,184362,2,Approved
60,43816,540,Salaried,815515,5,Rejected
28,110479,803,Unemployed,177771,5,Approved
59,44819,590,Salaried,635570,3,Rejected
60,140330,538,Self-Employed,963623,5,Rejected
34,26798,512,Salaried,483914,5,Rejected
52,67695,595,Salaried,108946,2,Approved
58,147544,608,Unemployed,784941,3,Approved
53,27415,603,Salaried,751119,10,Rejected
43,105638,730,Self-Employed,775722,5,Approved
35,36452,542,Unemployed,286916,5,Rejected
53,128205,708,Self-Employed,809824,10,Approved
45,36170,587,Salaried,381653,7,Approved
37,34259,592,Salaried,339262,10,Rejected
53,40099,673,Salaried,338362,10,Approved
22,147394,625,Salaried,338209,3,Approved
34,77258,608,Unemployed,400651,15,Rejected
60,29805,546,Salaried,571954,10,Rejected
60,61147,713,Unemployed,357162,3,Approved
59,92280,591,Self-Employed,474714,15,Approved
26,124777,680,Unemployed,539828,10,Rejected
26,115841,540,Unemployed,236601,5,Rejected
23,142726,758,Self-Employed,724977,5,Approved
27,146359,620,Self-Employed,932862,15,Approved
28,94215,576,Self-Employed,240111,7,Approved
35,130909,594,Self-Employed,460986,15,Rejected
49,113365,768,Self-Employed,778439,10,Approved
53,28985,517,Self-Employed,497160,2,Rejected
50,30391,792,Salaried,985085,10,Approved
59,22861,670,Salaried,461885,15,Approved
47,52364,661,Salaried,393202,2,Approved
56,100399,810,Salaried,534315,15,Approved
49,60923,551,Salaried,161605,10,Approved
58,103818,535,Self-Employed,422629,3,Approved
53,89160,686,Self-Employed,593631,5,Approved
57,146165,747,Salaried,362557,2,Approved
47,51529,551,Self-Employed,555449,2,Rejected
53,19669,518,Unemployed,177605,10,Rejected
24,135373,591,Self-Employed,550299,5,Approved
42,62859,638,Self-Employed,330068,7,Approved
22,73786,803,Salaried,762409,2,Rejected
30,38323,719,Salaried,419433,5,Approved
25,24021,598,Salaried,275100,5,Approved
30,57807,735,Salaried,900839,2,Rejected
53,146305,706,Salaried,292923,3,Approved
58,68355,643,Unemployed,344210,15,Approved
33,131415,698,Self-Employed,792943,3,Approved
51,26711,802,Salaried,638182,10,Approved
56,25904,822,Salaried,252928,15,Rejected
44,82033,786,Salaried,696643,15,Approved
35,104478,831,Salaried,699188,10,Approved
49,138035,763,Self-Employed,296973,5,Approved
28,21093,716,Salaried,222645,2,Approved
25,42918,688,Self-Employed,523452,3,Approved
49,142501,543,Self-Employed,472373,5,Rejected
24,110510,790,Self-Employed,129820,3,Approved
32,111708,688,Self-Employed,702366,2,Approved
22,115819,693,Salaried,144529,3,Approved
47,54303,769,Salaried,365530,7,Approved
51,45453,759,Self-Employed,385183,10,Approved
56,126886,738,Self-Employed,495841,15,Approved
56,78695,611,Salaried,978993,3,Approved
46,56057,568,Salaried,526425,2,Approved
47,149669,548,Salaried,541743,2,Rejected
25,112655,810,Salaried,914827,7,Approved
40,33025,650,Self-Employed,847447,2,Approved
31,25145,738,Salaried,809343,7,Approved
30,119206,836,Self-Employed,396704,5,Approved
60,59723,614,Salaried,456312,3,Approved
58,91230,574,Self-Employed,337706,2,Rejected
26,126138,597,Salaried,391882,10,Rejected
28,80040,610,Salaried,761516,3,Approved
43,126668,784,Self-Employed,75848,7,Approved
46,73030,755,Salaried,248387,3,Approved
32,74815,817,Salaried,553642,3,Approved
46,130789,808,Self-Employed,98548,2,Approved
33,75923,616,Unemployed,893583,10,Rejected
60,85904,675,Salaried,977930,5,Approved
38,95088,727,Salaried,193608,10,Approved
45,23608,846,Salaried,307150,15,Approved
53,63667,605,Unemployed,520103,7,Rejected
60,73547,841,Salaried,507772,15,Approved
32,146391,738,Salaried,250591,10,Approved
56,93948,599,Salaried,162409,10,Approved
24,89880,675,Salaried,812879,7,Approved
25,75560,849,Salaried,916549,10,Approved
57,133063,748,Salaried,884462,5,Rejected
28,112218,575,Salaried,786666,3,Approved
48,132462,502,Salaried,57385,5,Approved
51,35997,580,Self-Employed,106746,15,Approved
29,139266,787,Unemployed,858974,3,Approved
49,21679,507,Salaried,987727,3,Rejected
34,58308,586,Self-Employed,165513,10,Approved
60,23695,785,Self-Employed,757918,3,Approved
42,76499,573,Salaried,628072,7,Approved
31,41382,622,Salaried,468283,5,Rejected
43,32235,793,Self-Employed,322195,3,Approved
21,130468,642,Salaried,224371,10,Approved
57,24764,657,Salaried,572356,10,Rejected
41,131831,608,Salaried,730527,10,Rejected
46,79836,833,Salaried,892471,2,Approved
56,49923,694,Self-Employed,248100,5,Rejected
43,113711,535,Self-Employed,419587,10,Approved
21,34292,589,Unemployed,928119,7,Rejected
60,142913,795,Self-Employed,706042,10,Approved
35,38939,829,Salaried,730564,2,Approved
41,36800,700,Self-Employed,439712,5,Approved
29,74440,545,Self-Employed,201938,3,Rejected
29,145521,606,Self-Employed,883094,5,Rejected
30,139327,669,Salaried,71131,3,Approved
46,67648,645,Salaried,756752,3,Approved
55,133192,677,Unemployed,225786,10,Approved
45,111498,560,Self-Employed,706453,15,Approved
46,47764,502,Salaried,129021,7,Approved
31,50470,581,Salaried,584971,7,Approved
58,75207,762,Self-Employed,659980,15,Approved
22,80157,786,Salaried,710694,10,Rejected
27,111778,820,Salaried,804200,2,Approved
38,148016,594,Self-Employed,951720,3,Rejected
47,142288,563,Self-Employed,682450,15,Approved
54,128573,745,Salaried,413203,7,Approved
47,138730,576,Self-Employed,386190,5,Rejected
37,82186,758,Self-Employed,262253,2,Approved
44,22960,592,Salaried,769072,10,Rejected
45,36781,790,Salaried,204972,2,Approved
27,49126,770,Salaried,998611,7,Approved
26,124034,520,Salaried,368804,15,Rejected
44,35883,561,Salaried,92822,10,Approved
53,47782,838,Salaried,805191,7,Approved
49,74387,759,Salaried,861078,3,Rejected
42,51746,736,Salaried,104400,2,Approved
46,84266,640,Salaried,378123,15,Approved
48,18056,666,Salaried,884849,3,Rejected
41,49457,566,Salaried,550098,5,Rejected
27,91839,849,Self-Employed,899937,3,Approved
37,98636,557,Salaried,121210,2,Approved
40,125697,711,Salaried,153499,5,Approved
40,84483,629,Salaried,969373,7,Approved
42,38505,524,Self-Employed,103800,15,Rejected
48,51525,510,Salaried,879403,5,Rejected
60,114008,756,Unemployed,208569,2,Approved
27,62348,803,Self-Employed,800956,10,Approved
21,25273,580,Salaried,225383,5,Approved
52,82236,785,Salaried,263271,7,Approved
33,125157,518,Self-Employed,50770,5,Approved
50,18908,609,Salaried,661770,15,Rejected
43,126352,533,Salaried,362249,3,Approved
39,113967,787,Salaried,472216,10,Approved
52,106989,831,Unemployed,313703,2,Approved
50,53079,754,Salaried,572747,10,Approved
49,129889,625,Salaried,929041,3,Approved
49,67323,708,Salaried,626886,10,Approved
50,107909,633,Salaried,487543,3,Approved
36,64105,585,Self-Employed,405803,15,Approved
60,19049,574,Salaried,581270,5,Rejected
39,71281,634,Self-Employed,724184,2,Approved
38,61271,800,Salaried,410556,3,Approved
21,84697,672,Self-Employed,693430,3,Rejected
34,54534,712,Salaried,583435,5,Approved
22,111034,820,Self-Employed,450294,3,Approved
48,76097,849,Self-Employed,397424,2,Approved
50,43037,518,Self-Employed,135409,7,Rejected
58,45278,618,Salaried,640141,10,Rejected
24,117173,802,Self-Employed,410788,15,Approved
21,56294,801,Salaried,817292,15,Approved
28,91277,784,Unemployed,742572,3,Approved
49,22694,726,Salaried,920426,10,Approved
59,76150,711,Self-Employed,697805,15,Approved
23,85470,688,Salaried,95456,10,Approved
52,39556,820,Salaried,769163,15,Approved
30,67086,650,Salaried,858494,7,Rejected
30,117468,722,Salaried,95423,3,Approved
39,51387,627,Salaried,421030,2,Approved
54,86602,747,Salaried,966148,3,Approved
53,20460,550,Salaried,694460,10,Rejected
43,90356,690,Self-Employed,389860,5,Approved
48,72698,736,Salaried,292567,7,Approved
52,119746,521,Self-Employed,194456,2,Approved
27,34191,609,Self-Employed,62128,2,Rejected
49,102631,826,Self-Employed,324617,10,Approved
28,28529,532,Salaried,286355,2,Rejected
21,50175,626,Salaried,52366,10,Approved
23,35675,543,Self-Employed,601866,2,Rejected
44,64798,506,Self-Employed,851759,2,Rejected
43,88910,627,Self-Employed,501352,15,Rejected
28,148400,590,Self-Employed,938440,15,Rejected
57,96678,629,Self-Employed,566450,10,Rejected
23,80821,516,Salaried,963207,7,Rejected
53,30204,820,Self-Employed,947441,2,Approved
48,25394,685,Self-Employed,914177,3,Approved
28,82814,609,Salaried,325073,5,Approved
54,51593,785,Salaried,715804,15,Approved
55,133064,847,Self-Employed,976260,10,Approved
52,71365,662,Salaried,970957,2,Rejected
44,149515,574,Unemployed,753784,15,Rejected
34,121700,698,Salaried,485478,7,Approved
52,115077,786,Self-Employed,621580,15,Approved
36,86247,681,Self-Employed,600614,3,Approved
24,72740,596,Self-Employed,560494,10,Rejected
57,45898,550,Salaried,925969,3,Rejected
41,80613,813,Salaried,214097,15,Approved
34,114707,533,Salaried,851220,5,Approved
51,129777,520,Salaried,240011,7,Rejected
38,65003,683,Self-Employed,760733,10,Rejected
27,66478,792,Salaried,837478,10,Approved
30,77030,563,Self-Employed,187718,2,Rejected
27,70800,623,Salaried,887816,3,Rejected
53,23445,600,Salaried,109938,10,Approved
43,18246,618,Self-Employed,627517,3,Rejected
41,49153,840,Salaried,274768,5,Approved
39,23212,577,Self-Employed,502200,2,Approved
39,74238,680,Salaried,993791,5,Approved
56,71871,698,Self-Employed,918400,2,Rejected
49,118672,689,Salaried,271351,2,Approved
38,52607,827,Salaried,674445,3,Approved
22,70055,602,Salaried,553566,15,Rejected
21,122509,832,Self-Employed,987629,2,Approved
25,145378,774,Salaried,740196,5,Rejected
40,105687,629,Salaried,500951,15,Approved
31,83078,740,Self-Employed,700118,5,Approved
22,120652,633,Salaried,686008,15,Approved
23,81197,656,Self-Employed,286833,5,Approved
43,73773,817,Salaried,309704,3,Approved
32,136943,657,Salaried,645647,3,Approved
40,45584,689,Salaried,469241,7,Approved
25,21338,599,Salaried,572223,10,Rejected
57,80601,551,Salaried,410799,7,Rejected
58,54282,548,Salaried,543792,7,Rejected
50,133447,599,Self-Employed,725781,2,Rejected
29,113798,750,Salaried,74809,2,Approved
54,148963,553,Salaried,631897,7,Approved
55,126611,636,Salaried,722601,10,Approved
42,29158,661,Salaried,435522,7,Approved
44,28547,791,Salaried,845500,3,Approved
37,106713,580,Self-Employed,901161,5,Rejected
30,20459,719,Unemployed,76834,7,Approved
50,81146,584,Salaried,644018,2,Rejected
43,121577,582,Salaried,141756,10,Approved
52,125761,818,Salaried,391379,2,Approved
37,121727,566,Salaried,625832,3,Approved
37,68460,733,Salaried,381004,15,Approved
34,100970,697,Salaried,93911,2,Approved
29,33419,758,Self-Employed,243035,15,Approved
60,53577,676,Salaried,351173,2,Approved
22,20921,797,Self-Employed,175527,10,Approved
45,58935,779,Salaried,530087,15,Approved
59,143534,799,Unemployed,470048,10,Approved
29,90828,628,Salaried,575720,2,Rejected
42,141649,679,Self-Employed,312624,2,Approved
24,107062,791,Self-Employed,697167,7,Approved
46,73152,706,Self-Employed,904938,3,Approved
49,114491,793,Salaried,215505,15,Approved
54,104569,837,Salaried,951448,7,Approved
43,90467,674,Salaried,888838,10,Approved
57,140537,528,Salaried,195337,7,Approved
31,71806,678,Salaried,648432,7,Approved
26,149332,540,Salaried,778146,15,Rejected
38,93992,691,Salaried,691277,2,Rejected
41,40320,843,Salaried,50944,2,Approved
56,96971,736,Salaried,871252,15,Approved
58,66581,803,Salaried,978046,3,Approved
54,111645,724,Salaried,123239,5,Approved
37,38754,613,Salaried,797128,5,Rejected
57,87837,777,Self-Employed,372142,15,Approved
45,141746,516,Salaried,805115,15,Rejected
58,132780,585,Unemployed,519955,7,Rejected
32,105081,816,Salaried,618031,3,Approved
43,42016,844,Self-Employed,811582,3,Approved
42,78522,680,Salaried,997426,10,Rejected
41,138896,836,Unemployed,63965,2,Approved
47,130099,850,Salaried,332531,15,Approved
51,122429,644,Self-Employed,870786,15,Rejected
26,19924,814,Salaried,623829,15,Approved
47,103015,724,Self-Employed,315872,15,Approved
60,122987,553,Salaried,632481,10,Approved
54,72333,803,Self-Employed,402071,5,Approved
32,144372,567,Self-Employed,599682,3,Approved
27,149378,606,Unemployed,168323,5,Rejected
30,106495,833,Self-Employed,127835,2,Approved
37,87767,576,Salaried,187552,2,Approved
46,122332,526,Salaried,537282,15,Rejected
41,57426,843,Self-Employed,97232,2,Approved
48,24336,654,Salaried,512858,5,Approved
22,130200,571,Self-Employed,920671,3,Rejected
21,35256,679,Salaried,126656,10,Approved
56,51719,546,Salaried,552875,3,Rejected
46,60017,741,Salaried,613208,3,Approved
49,63704,776,Salaried,659142,7,Approved
41,48013,812,Self-Employed,141258,3,Approved
31,97991,604,Salaried,298583,10,Approved
60,88258,594,Salaried,539752,7,Approved
31,96348,718,Unemployed,380185,3,Rejected
56,28060,669,Salaried,794359,7,Approved
59,67923,782,Self-Employed,916754,3,Rejected
60,96563,627,Salaried,909766,2,Approved
55,107779,699,Self-Employed,114918,2,Approved
54,117704,831,Salaried,729613,3,Approved
44,147157,534,Salaried,941670,7,Approved
42,128234,643,Salaried,190075,10,Approved
25,79687,791,Salaried,263047,2,Approved
53,54491,565,Unemployed,255507,7,Approved
56,90115,718,Salaried,589002,10,Approved
40,135935,555,Self-Employed,196933,7,Approved
39,101778,644,Salaried,689985,3,Approved
55,38448,712,Salaried,930392,2,Approved
37,69550,593,Salaried,839748,2,Approved
54,67294,605,Salaried,783955,2,Rejected
29,39446,583,Salaried,479473,3,Approved
46,94579,635,Salaried,594998,10,Approved
22,132679,645,Self-Employed,955425,10,Rejected
29,103615,748,Salaried,497649,15,Approved
29,35101,517,Salaried,157896,15,Rejected
60,46016,624,Salaried,854009,2,Rejected
37,108481,501,Self-Employed,251602,15,Approved
21,70802,831,Salaried,975010,10,Approved
45,25549,699,Unemployed,369265,15,Rejected
60,65842,637,Salaried,510249,15,Approved
45,64539,702,Salaried,714802,2,Approved
59,51717,781,Salaried,370360,10,Rejected
55,133042,802,Salaried,314554,2,Approved
23,145922,529,Self-Employed,553262,10,Rejected
57,110447,555,Salaried,862586,7,Approved
50,101402,618,Salaried,124202,2,Approved
58,60607,631,Salaried,570386,15,Approved
54,30823,730,Salaried,989019,15,Approved
32,47986,651,Unemployed,495934,2,Rejected
39,139682,520,Self-Employed,637734,15,Rejected
57,82325,567,Salaried,482911,5,Rejected
37,145925,625,Salaried,196493,2,Approved
30,75771,542,Self-Employed,71008,10,Rejected
32,72973,681,Salaried,287838,7,Approved
36,57107,599,Self-Employed,925033,7,Rejected
44,75888,848,Salaried,145788,10,Approved
39,28956,739,Salaried,482001,3,Approved
28,104839,699,Self-Employed,499168,15,Approved
51,119131,615,Salaried,637840,2,Approved
41,85594,614,Self-Employed,57005,7,Approved
37,29519,641,Salaried,430383,10,Approved
43,19832,618,Self-Employed,686701,7,Rejected
57,131922,592,Salaried,628025,7,Approved
36,123474,508,Salaried,343955,10,Rejected
26,87715,572,Self-Employed,283833,5,Rejected
28,89835,525,Salaried,955003,7,Approved
45,91366,738,Self-Employed,410031,7,Approved
38,55570,644,Unemployed,273803,3,Rejected
45,56311,567,Self-Employed,649010,5,Rejected
32,108245,687,Self-Employed,493136,3,Approved
35,121187,630,Self-Employed,861552,10,Approved
46,41434,720,Salaried,382754,15,Approved
46,104879,780,Self-Employed,976627,2,Approved
52,33739,776,Salaried,205738,10,Approved
30,84202,639,Self-Employed,704284,5,Rejected
36,116580,553,Salaried,686890,15,Rejected
27,97599,500,Salaried,922685,10,Approved
37,134770,627,Salaried,883997,5,Approved
43,57470,500,Self-Employed,941927,15,Rejected
46,92965,672,Salaried,833586,3,Approved
41,143332,765,Salaried,417996,7,Approved
42,147681,795,Salaried,855784,10,Approved
27,132300,755,Salaried,343770,10,Approved
34,55997,673,Salaried,816728,15,Rejected
35,115805,544,Salaried,536405,7,Approved
27,140202,842,Self-Employed,408969,10,Approved
29,20526,640,Salaried,708019,10,Rejected
28,91339,526,Self-Employed,181705,15,Rejected
43,24574,732,Salaried,65716,2,Approved
49,26733,708,Salaried,544748,15,Approved
38,68290,549,Salaried,927768,15,Rejected
51,90793,560,Unemployed,198704,15,Rejected
50,54051,742,Salaried,853798,2,Approved
59,33909,768,Salaried,478494,7,Approved
55,95338,639,Unemployed,397914,3,Approved
38,91432,656,Salaried,824806,10,Rejected
59,46133,584,Salaried,594665,15,Approved
37,97062,583,Self-Employed,163920,10,Rejected
34,129546,775,Self-Employed,673581,3,Rejected
51,69458,530,Self-Employed,117152,10,Approved
44,73415,507,Self-Employed,670974,3,Rejected
55,72160,779,Salaried,237245,7,Approved
54,72399,702,Self-Employed,845048,7,Approved
23,43298,532,Salaried,190694,3,Approved
57,107407,797,Salaried,919987,3,Approved
60,80513,642,Salaried,95160,5,Approved
46,69097,849,Self-Employed,89163,2,Approved
43,53198,536,Self-Employed,540116,2,Approved
59,67997,646,Salaried,677810,15,Rejected
35,149639,727,Salaried,263169,10,Approved
24,20179,533,Salaried,653400,10,Rejected
49,20019,736,Unemployed,382931,3,Rejected
42,99455,711,Salaried,227350,15,Approved
45,144883,808,Salaried,282504,3,Approved
33,87445,639,Self-Employed,990923,2,Rejected
38,91551,689,Self-Employed,931048,15,Rejected
53,21420,595,Self-Employed,208649,15,Approved
36,77875,693,Unemployed,785493,10,Approved
22,34740,803,Self-Employed,740917,2,Approved
55,83263,795,Self-Employed,796125,7,Approved
54,123789,651,Salaried,306574,2,Approved
50,37465,722,Salaried,990149,2,Rejected
33,22131,695,Self-Employed,225588,3,Approved
33,28652,587,Salaried,851738,10,Rejected
38,65671,798,Self-Employed,340112,7,Approved
52,107342,516,Salaried,128131,2,Approved
52,37171,710,Salaried,992569,2,Approved
55,76541,731,Salaried,862352,3,Approved
59,27470,682,Salaried,548420,15,Approved
49,62308,661,Salaried,475852,5,Approved
49,120840,569,Salaried,696499,10,Approved
36,67477,559,Self-Employed,835031,10,Approved
30,126261,678,Unemployed,673199,10,Approved
50,120466,576,Salaried,785968,2,Rejected
45,51071,534,Salaried,645135,2,Rejected
59,88560,515,Salaried,583232,2,Approved
40,94762,793,Salaried,708408,15,Approved
25,20369,670,Salaried,873644,5,Approved
21,127963,531,Salaried,512872,2,Rejected
50,18528,762,Salaried,590288,10,Approved
23,126806,714,Self-Employed,226726,15,Rejected
34,120979,545,Salaried,530032,10,Rejected
50,37748,688,Salaried,401117,3,Approved
24,53109,773,Salaried,599822,5,Approved
38,31919,570,Self-Employed,149895,7,Approved
57,65498,795,Self-Employed,487437,2,Approved
45,73808,587,Self-Employed,718699,7,Approved
21,88441,833,Self-Employed,937324,2,Approved
35,131843,760,Salaried,740666,5,Approved
29,92420,681,Salaried,654647,5,Approved
35,125447,841,Self-Employed,763494,10,Approved
44,84896,521,Self-Employed,848891,5,Approved
24,121431,573,Salaried,383861,15,Approved
32,65020,589,Salaried,455424,15,Rejected
57,40161,834,Self-Employed,889978,7,Approved
57,45738,665,Salaried,429930,7,Rejected
26,75153,733,Salaried,501207,5,Approved
59,79009,628,Salaried,128571,7,Approved
44,105938,833,Salaried,711236,15,Rejected
31,117546,791,Salaried,117011,2,Approved
33,74271,594,Salaried,784676,3,Rejected
54,27797,527,Self-Employed,825252,15,Rejected
45,104130,534,Salaried,964333,10,Rejected
27,89942,730,Self-Employed,994140,3,Rejected
24,136065,817,Self-Employed,663945,7,Approved
28,31965,842,Salaried,343122,10,Approved
40,31733,624,Salaried,415523,3,Approved
49,145182,578,Self-Employed,632755,3,Approved
30,101360,560,Salaried,206263,7,Approved
54,126378,716,Salaried,272468,10,Approved
46,46287,781,Salaried,207973,15,Approved
23,100104,662,Salaried,61329,15,Approved
26,104916,556,Self-Employed,463272,10,Approved
25,21188,690,Self-Employed,806519,3,Approved
25,109205,631,Salaried,526759,10,Rejected
43,115349,541,Unemployed,340169,15,Rejected
29,28204,672,Salaried,940372,10,Approved
55,60120,666,Self-Employed,978399,2,Approved
40,120903,749,Self-Employed,976836,7,Approved
55,55081,692,Self-Employed,806494,15,Approved
38,52986,777,Salaried,419138,7,Approved
37,97322,737,Self-Employed,785436,2,Approved
44,112819,729,Salaried,841114,3,Approved
23,148015,664,Salaried,255903,5,Approved
52,68304,742,Salaried,413537,15,Approved
55,83592,589,Self-Employed,543272,3,Rejected
58,76548,678,Salaried,676606,2,Approved
33,116447,557,Salaried,574901,10,Rejected
45,57986,762,Salaried,765751,2,Approved
29,92095,635,Salaried,132563,7,Approved
24,109594,737,Salaried,722879,10,Rejected
34,106281,806,Unemployed,423332,3,Approved
57,84151,742,Salaried,197274,10,Approved
54,91598,650,Salaried,555657,7,Approved
31,46214,845,Self-Employed,987587,2,Rejected
23,56745,746,Self-Employed,93322,3,Approved
48,108810,718,Self-Employed,426993,5,Approved
49,18944,508,Self-Employed,322157,5,Approved
29,111993,793,Salaried,636051,2,Approved
23,27114,512,Self-Employed,208413,3,Rejected
45,57846,762,Salaried,938138,3,Rejected
54,50596,724,Self-Employed,716179,10,Approved
32,122087,730,Unemployed,86761,15,Approved
29,24907,677,Self-Employed,890439,2,Rejected
35,43009,746,Self-Employed,996677,10,Rejected
60,102846,566,Salaried,967560,2,Rejected
45,68241,796,Salaried,956404,7,Approved
25,36996,656,Unemployed,757749,2,Rejected
31,46767,664,Salaried,76920,10,Approved
54,34347,683,Salaried,112467,3,Approved
44,120063,707,Self-Employed,638185,2,Approved
35,42102,515,Salaried,693878,3,Approved
58,22263,799,Self-Employed,800697,7,Approved
28,126585,805,Self-Employed,738747,5,Approved
25,85438,740,Salaried,197113,5,Approved
46,114359,729,Salaried,988762,10,Rejected
38,148251,517,Salaried,980570,2,Rejected
26,45690,646,Self-Employed,183685,7,Approved
57,20994,743,Salaried,827189,7,Approved
33,121533,550,Salaried,275445,3,Approved
48,85546,758,Self-Employed,530509,15,Approved
25,96572,737,Salaried,855651,10,Approved
33,44467,745,Salaried,140777,7,Approved
37,149120,844,Self-Employed,774453,2,Approved
60,65606,809,Unemployed,775067,7,Approved
52,116112,548,Salaried,710342,5,Rejected
49,91414,783,Salaried,260140,10,Approved
23,111145,537,Salaried,155229,3,Approved
60,66115,783,Self-Employed,310529,2,Approved
54,107606,531,Salaried,889192,5,Rejected
60,58647,742,Unemployed,106758,7,Approved
47,72607,540,Salaried,884994,10,Rejected
33,39996,791,Salaried,635321,10,Approved
53,101697,602,Salaried,252345,2,Approved
26,64022,791,Self-Employed,751030,3,Approved
44,58148,606,Salaried,403241,5,Approved
39,85764,745,Salaried,402009,15,Approved
36,109901,586,Salaried,200029,3,Approved
60,108724,565,Self-Employed,963848,2,Rejected
48,142766,637,Salaried,285029,2,Approved
53,26888,825,Self-Employed,376218,5,Approved
33,116941,699,Salaried,971372,10,Approved
45,35333,834,Unemployed,433366,10,Approved
56,54355,592,Self-Employed,460367,5,Approved
47,147686,847,Salaried,290785,3,Approved
58,121170,777,Unemployed,451822,5,Approved
27,93675,519,Salaried,613626,15,Rejected
25,85664,788,Self-Employed,389155,10,Approved
51,104153,589,Salaried,226376,3,Approved
43,111616,549,Salaried,683890,7,Rejected
30,53285,509,Salaried,872086,3,Rejected
52,64996,578,Salaried,293964,10,Approved
50,64947,536,Salaried,670291,2,Rejected
59,69030,558,Self-Employed,792194,3,Approved
51,60443,587,Salaried,628397,3,Approved
38,146344,603,Self-Employed,274541,2,Approved
56,83464,818,Self-Employed,561837,10,Approved
22,146019,776,Self-Employed,422404,7,Approved
34,138454,603,Self-Employed,951329,7,Approved
33,142444,753,Salaried,301882,5,Approved
49,130175,729,Salaried,953277,7,Approved
32,60460,834,Salaried,806041,7,Approved
59,18015,536,Unemployed,166877,3,Rejected
22,67757,800,Salaried,697843,5,Approved
52,99541,641,Self-Employed,744358,7,Rejected
33,39292,542,Self-Employed,924635,3,Rejected
47,140694,615,Unemployed,163313,5,Approved
37,65046,840,Salaried,893801,3,Approved
60,32817,583,Salaried,421333,2,Approved
51,27759,758,Self-Employed,805314,10,Approved
54,24412,586,Self-Employed,819716,10,Rejected
44,38504,842,Self-Employed,675550,10,Approved
55,126500,846,Self-Employed,922809,7,Rejected
26,26507,790,Self-Employed,711350,10,Approved
39,39050,595,Salaried,428514,10,Rejected
50,118153,754,Self-Employed,914615,5,Approved
27,31587,841,Self-Employed,68350,5,Approved
30,75732,635,Salaried,184358,15,Approved
52,69921,747,Salaried,624435,5,Approved
54,135734,591,Self-Employed,789422,7,Rejected
48,148104,746,Self-Employed,411404,15,Approved
35,49440,757,Salaried,208692,15,Approved
50,53183,686,Salaried,836649,10,Approved
57,114172,623,Self-Employed,627386,7,Rejected
49,132515,759,Salaried,412863,7,Approved
42,141183,668,Salaried,924547,7,Approved
24,84299,610,Self-Employed,411915,7,Rejected
40,133503,789,Salaried,95742,7,Approved
52,57023,586,Unemployed,855688,7,Rejected
56,57941,512,Salaried,590704,15,Approved
24,139677,762,Salaried,814775,10,Approved
47,94054,787,Salaried,856303,5,Approved
37,83363,522,Salaried,466387,15,Rejected
32,79742,699,Salaried,664824,3,Approved
42,63215,741,Self-Employed,530018,3,Approved
37,65857,738,Salaried,839510,3,Approved
30,73476,802,Unemployed,286014,2,Approved
21,77768,664,Salaried,144946,5,Approved
42,121591,725,Self-Employed,480846,10,Approved
46,64229,675,Unemployed,952937,7,Rejected
38,129706,528,Salaried,563771,3,Approved
34,80583,664,Salaried,651942,5,Approved
49,144011,522,Self-Employed,268465,10,Rejected
32,48104,793,Self-Employed,389890,3,Approved
56,55594,543,Salaried,130567,5,Approved
55,21664,760,Salaried,742422,15,Approved
32,28528,679,Self-Employed,149018,10,Approved
27,146404,795,Self-Employed,261378,15,Approved
49,50899,638,Salaried,823255,5,Approved
31,88979,833,Unemployed,217820,7,Approved
53,35241,747,Salaried,218223,5,Approved
26,64211,740,Salaried,363320,5,Approved
35,81472,605,Self-Employed,832113,2,Rejected
52,49346,672,Self-Employed,94689,7,Approved
31,99196,548,Salaried,613918,15,Rejected
43,122451,622,Salaried,462214,5,Approved
46,120908,534,Self-Employed,902778,7,Rejected
54,67167,605,Self-Employed,584935,5,Rejected
54,54373,827,Unemployed,412478,7,Approved
49,85143,695,Salaried,390884,10,Approved
24,138623,608,Salaried,56033,3,Rejected
37,128013,624,Salaried,786141,2,Approved
55,20016,826,Self-Employed,469577,3,Approved
33,87110,794,Salaried,805636,5,Approved
59,25274,846,Self-Employed,942690,5,Approved
35,33748,536,Salaried,828956,10,Rejected
49,29826,687,Salaried,247432,5,Rejected
49,101008,836,Unemployed,215567,15,Approved
31,147288,522,Salaried,286879,7,Rejected
52,123623,760,Unemployed,284497,15,Approved
22,101106,693,Salaried,461832,3,Approved
34,72638,651,Salaried,818673,5,Approved
40,87072,517,Self-Employed,711040,10,Rejected
42,85309,526,Self-Employed,777641,2,Approved
31,142724,523,Salaried,188677,15,Approved
47,145843,528,Salaried,214602,3,Approved
23,53326,638,Self-Employed,298019,10,Approved
37,23079,645,Salaried,87329,10,Approved
48,139412,622,Self-Employed,696108,3,Approved
49,105340,627,Salaried,708665,10,Approved
41,103211,616,Self-Employed,275451,2,Approved
36,60749,631,Salaried,221610,2,Approved
57,136192,788,Salaried,998898,5,Approved
40,92534,705,Self-Employed,104044,7,Approved
26,97233,735,Salaried,977237,5,Approved
39,69818,541,Self-Employed,308291,7,Approved
25,129910,659,Salaried,58612,3,Approved
23,31429,751,Salaried,769226,10,Approved
21,75748,678,Salaried,422184,5,Approved
58,66807,624,Self-Employed,316580,10,Approved
35,25140,759,Salaried,941833,5,Approved
54,81226,775,Salaried,731919,5,Approved
55,106815,712,Self-Employed,910282,2,Approved
45,46525,823,Salaried,169655,7,Approved
44,38491,689,Salaried,91393,3,Approved
32,26078,557,Salaried,852767,10,Rejected
38,109654,702,Salaried,334859,5,Approved
35,147101,579,Salaried,440157,10,Rejected
36,34997,727,Self-Employed,840597,2,Approved
47,149940,594,Self-Employed,701914,3,Approved
28,115356,503,Salaried,692458,7,Rejected
45,131711,664,Self-Employed,549557,7,Approved
37,39246,799,Salaried,954004,5,Approved
49,52512,541,Salaried,626078,3,Rejected
28,75865,784,Unemployed,234101,7,Approved
35,121393,728,Salaried,670861,3,Approved
47,90144,742,Salaried,854431,10,Approved
27,135363,711,Self-Employed,589793,2,Rejected
23,68665,799,Self-Employed,72388,3,Approved
49,111542,554,Salaried,676400,3,Approved
44,119311,835,Salaried,820274,7,Approved
23,32325,672,Salaried,358605,15,Approved
40,86811,776,Salaried,424774,5,Approved
35,134737,833,Self-Employed,935271,5,Approved
45,18824,728,Salaried,573654,15,Approved
50,135718,529,Self-Employed,234589,15,Rejected
34,84617,522,Salaried,614145,15,Rejected
27,29517,504,Salaried,268205,10,Rejected
37,121068,562,Salaried,653927,7,Approved
40,133016,720,Salaried,545054,7,Approved
56,27982,814,Salaried,705116,2,Approved
29,88210,581,Salaried,656866,5,Approved
58,87852,741,Salaried,360293,7,Approved
42,131618,752,Salaried,588625,15,Rejected
22,27695,551,Salaried,441270,10,Rejected
44,66582,820,Unemployed,277276,2,Approved
28,49094,538,Salaried,77683,5,Rejected
31,40187,758,Self-Employed,113269,5,Approved
33,136013,826,Salaried,384898,5,Approved
37,146721,770,Salaried,944094,2,Approved
28,124683,571,Salaried,915762,10,Rejected
41,19214,569,Unemployed,682755,10,Rejected
38,41940,719,Self-Employed,166591,7,Approved
50,62406,503,Unemployed,972901,7,Rejected
38,76414,849,Self-Employed,422346,5,Approved
51,119440,789,Salaried,770309,15,Approved
58,121569,791,Unemployed,435459,3,Approved
52,78481,730,Unemployed,750391,7,Approved
31,45740,579,Salaried,561359,10,Approved
45,81328,565,Unemployed,281380,5,Approved
53,29881,635,Self-Employed,538281,10,Approved
58,54996,690,Unemployed,118269,5,Rejected
28,140196,846,Unemployed,694227,2,Approved
31,55177,835,Self-Employed,730198,7,Approved
42,84126,558,Self-Employed,822489,15,Rejected
44,74531,765,Salaried,549470,2,Approved
37,44119,506,Salaried,72425,7,Approved
32,135744,701,Salaried,89119,15,Approved
52,134894,831,Salaried,542327,15,Approved
35,62989,736,Salaried,442417,15,Approved
36,40106,767,Self-Employed,426508,10,Rejected
42,35131,578,Salaried,494880,10,Rejected
48,64553,545,Self-Employed,869557,3,Approved
40,24553,742,Self-Employed,450527,10,Approved
53,35881,787,Self-Employed,216241,5,Approved
30,19379,659,Salaried,477258,3,Rejected
60,108791,614,Salaried,685255,5,Approved
52,123664,613,Salaried,917572,3,Approved
53,87306,625,Salaried,328545,5,Approved
22,122512,589,Self-Employed,974132,3,Rejected
53,34350,560,Salaried,274181,7,Approved
53,117599,816,Self-Employed,163015,15,Approved
33,99397,601,Salaried,100065,7,Approved
50,97509,613,Salaried,746885,3,Approved
53,35769,673,Self-Employed,827381,2,Approved
33,119584,591,Salaried,429744,3,Approved
46,64365,682,Self-Employed,927896,2,Rejected
42,68185,704,Self-Employed,868830,15,Approved
59,144525,694,Salaried,477455,5,Approved
22,54303,804,Salaried,380843,3,Approved
58,37589,524,Self-Employed,491863,2,Rejected
59,20882,733,Self-Employed,858187,15,Approved
46,147236,515,Salaried,681395,3,Rejected
35,27745,640,Self-Employed,141174,7,Approved
54,33861,607,Salaried,550147,7,Approved
60,109707,799,Salaried,665047,3,Approved
31,72261,838,Salaried,453817,3,Approved
23,92135,802,Salaried,54017,10,Approved
26,72380,579,Salaried,249217,15,Rejected
29,104089,575,Salaried,82850,7,Approved
26,123025,775,Salaried,150093,5,Approved
29,62397,767,Salaried,358931,3,Approved
59,95085,611,Self-Employed,713333,10,Rejected
51,81865,815,Salaried,275022,15,Approved
52,73956,574,Self-Employed,414564,3,Rejected
32,118727,713,Self-Employed,79913,7,Approved
28,32988,533,Salaried,587644,2,Rejected
28,51800,640,Salaried,161545,15,Approved
48,105329,665,Salaried,153830,2,Approved
40,70284,730,Unemployed,364037,7,Approved
27,74232,791,Self-Employed,281902,5,Approved
31,62420,527,Unemployed,999086,15,Rejected
40,55710,794,Salaried,595423,10,Approved
36,110035,832,Self-Employed,696707,3,Approved
24,49283,590,Salaried,230986,3,Approved
26,43968,614,Self-Employed,746937,3,Rejected
42,80508,658,Salaried,258680,10,Approved
46,131435,757,Self-Employed,717984,10,Approved
23,103366,837,Self-Employed,594535,7,Approved
34,23738,589,Self-Employed,327651,10,Approved
31,21098,744,Salaried,954806,3,Rejected
38,113424,797,Self-Employed,702698,15,Approved
32,96672,530,Salaried,377169,3,Approved
43,56244,816,Salaried,198223,10,Approved
32,72333,811,Salaried,475531,10,Approved
33,143349,727,Salaried,949890,7,Approved
45,68969,838,Self-Employed,474320,2,Approved
39,108744,627,Salaried,137521,10,Approved
56,135286,769,Salaried,997802,2,Approved
28,93028,769,Salaried,311220,5,Approved
49,53421,708,Self-Employed,610241,2,Approved
52,56575,677,Salaried,108364,10,Approved
38,21192,805,Self-Employed,368725,3,Approved
26,129116,690,Salaried,897269,3,Rejected
38,145874,567,Self-Employed,67461,10,Approved
39,99311,826,Salaried,225291,7,Approved
42,98781,766,Self-Employed,782698,15,Approved
57,54527,769,Salaried,158271,10,Approved
52,70181,627,Salaried,849933,10,Approved
23,109472,763,Salaried,847502,15,Approved
48,99219,720,Unemployed,674482,7,Approved
30,137783,741,Self-Employed,969130,7,Approved
55,101265,743,Self-Employed,520562,5,Approved
49,68126,518,Salaried,901001,5,Rejected
35,38545,654,Salaried,613702,5,Rejected
53,73114,728,Salaried,78860,7,Approved
27,111740,557,Salaried,211532,2,Approved
32,31890,780,Self-Employed,690547,10,Approved
50,139284,544,Salaried,800437,5,Rejected
41,70482,601,Salaried,168363,2,Approved
51,89591,547,Salaried,960903,10,Approved
44,106241,549,Self-Employed,896402,15,Approved
40,52722,580,Salaried,104584,15,Approved
57,67431,799,Unemployed,900718,15,Approved
24,60000,558,Salaried,310226,2,Rejected
48,89975,660,Self-Employed,644597,15,Rejected
40,48921,602,Salaried,612100,3,Rejected
44,117265,833,Salaried,833923,3,Approved
52,106747,773,Self-Employed,930791,15,Rejected
56,35601,682,Salaried,489193,10,Approved
54,111332,615,Self-Employed,747448,2,Rejected
56,141254,766,Self-Employed,979134,2,Approved
22,137004,663,Salaried,92075,15,Approved
35,46000,642,Self-Employed,693784,7,Approved
54,148439,817,Self-Employed,191172,5,Approved
56,137277,803,Self-Employed,246314,10,Approved
26,48383,593,Salaried,603391,2,Rejected
59,58910,749,Salaried,965010,5,Approved
32,42281,842,Salaried,561656,15,Approved
23,131838,805,Unemployed,870528,10,Approved
38,22841,815,Unemployed,250731,2,Approved
60,115204,739,Salaried,542831,15,Approved
41,78155,558,Salaried,939186,3,Rejected
35,74313,514,Self-Employed,127766,2,Approved
53,129688,784,Self-Employed,567958,3,Approved
55,49976,702,Self-Employed,830244,15,Approved
46,122405,736,Salaried,586095,3,Approved
28,71744,795,Salaried,806389,7,Rejected
56,20473,786,Salaried,631011,15,Approved
50,46715,572,Salaried,84951,15,Rejected
43,55317,713,Self-Employed,851859,7,Approved
34,83516,510,Salaried,574441,5,Rejected
34,72604,836,Self-Employed,629022,10,Approved
22,22889,724,Salaried,113813,5,Approved
57,91748,817,Self-Employed,378495,7,Approved
25,49971,702,Salaried,444335,5,Approved
58,68551,730,Salaried,241684,10,Approved
34,126957,550,Salaried,265147,10,Rejected
59,107882,556,Salaried,903177,2,Approved
45,55958,631,Self-Employed,638098,5,Rejected
40,23681,779,Salaried,269420,7,Approved
22,119982,796,Self-Employed,411554,2,Approved
59,64870,804,Unemployed,785881,5,Approved
26,146396,724,Self-Employed,735382,15,Approved
37,85203,673,Self-Employed,863804,10,Rejected
45,68061,791,Salaried,177424,7,Approved
48,76235,765,Salaried,940000,15,Approved
22,55890,746,Self-Employed,652389,5,Rejected
55,108073,577,Self-Employed,863667,10,Rejected
57,79401,634,Salaried,640861,10,Rejected
25,29217,639,Unemployed,905301,15,Rejected
21,66351,841,Salaried,787693,5,Approved
60,51741,752,Unemployed,683325,5,Approved
32,19408,675,Salaried,471934,7,Approved
56,60903,559,Self-Employed,674531,2,Approved
43,125042,753,Self-Employed,263647,10,Approved
51,140189,507,Self-Employed,851987,2,Rejected
31,127268,606,Salaried,212560,2,Approved
30,48105,670,Salaried,593151,10,Rejected
23,87634,557,Salaried,963173,5,Rejected
34,135426,836,Unemployed,534675,10,Approved
36,36226,841,Self-Employed,989809,15,Approved
30,43322,789,Salaried,671499,2,Approved
49,135504,583,Salaried,688380,7,Approved
30,76215,616,Self-Employed,171208,10,Rejected
32,112835,699,Salaried,841635,7,Approved
50,91079,521,Unemployed,373326,5,Rejected
21,41946,718,Salaried,212839,5,Rejected
25,128733,725,Salaried,152362,15,Approved
40,25253,770,Salaried,760980,7,Approved
28,97311,601,Self-Employed,156319,7,Rejected
32,50813,644,Salaried,722059,10,Approved
21,66365,646,Salaried,82293,5,Approved
40,85593,760,Salaried,531199,7,Approved
48,56485,778,Self-Employed,435244,3,Approved
57,129504,838,Salaried,465641,10,Approved
57,34101,513,Salaried,958759,10,Rejected
32,26831,765,Salaried,263836,3,Approved
57,69897,786,Unemployed,215354,5,Approved
48,23004,640,Salaried,542628,7,Approved
35,63924,792,Self-Employed,294096,7,Approved
26,55170,530,Self-Employed,661331,5,Rejected
40,61555,670,Self-Employed,231954,3,Approved
34,136115,704,Self-Employed,118721,3,Approved
22,122216,790,Salaried,329766,3,Approved
29,83930,610,Salaried,972959,10,Rejected
57,54365,567,Salaried,478908,7,Rejected
40,80188,682,Salaried,450012,2,Approved
46,116633,695,Unemployed,370678,10,Approved
49,81471,625,Unemployed,701550,10,Rejected
21,75287,674,Self-Employed,596711,7,Rejected
55,77076,761,Unemployed,299326,5,Approved
26,134475,785,Unemployed,77007,15,Approved
57,68151,654,Self-Employed,753481,7,Approved
25,85384,568,Salaried,143006,5,Approved
53,117865,607,Salaried,949588,7,Rejected
34,51541,534,Unemployed,146382,10,Rejected
32,90847,543,Self-Employed,952576,15,Rejected
40,68955,642,Self-Employed,755621,3,Approved
44,105780,710,Salaried,522661,10,Approved
54,117919,784,Salaried,805594,10,Approved
45,130854,505,Salaried,733052,2,Rejected
49,79768,717,Salaried,490265,10,Approved
59,61262,526,Unemployed,656830,10,Rejected
51,38605,726,Salaried,199793,10,Approved
43,96590,783,Salaried,781018,15,Approved
58,46231,555,Salaried,568840,2,Rejected
40,97397,809,Salaried,477242,5,Approved
43,95123,835,Salaried,957420,15,Approved
36,31515,604,Unemployed,447717,15,Approved
28,105211,517,Self-Employed,516592,2,Rejected
41,34600,704,Self-Employed,555336,3,Approved
21,87310,542,Unemployed,178711,5,Approved
28,132380,588,Unemployed,712649,15,Rejected
49,129780,573,Salaried,125696,15,Approved
52,84177,656,Salaried,241711,2,Approved
58,73746,765,Salaried,920375,3,Approved
25,141075,633,Salaried,558780,3,Rejected
42,103195,588,Salaried,57190,7,Approved
54,54818,735,Salaried,781332,7,Approved
21,39309,631,Salaried,625966,15,Approved
46,46176,728,Self-Employed,506988,15,Approved
30,86879,533,Self-Employed,815445,10,Approved
50,85592,582,Salaried,926888,5,Rejected
38,102728,631,Self-Employed,454476,2,Rejected
37,26584,703,Self-Employed,573230,10,Approved
46,142555,786,Salaried,985801,5,Approved
28,111302,835,Self-Employed,52445,15,Approved
60,140408,815,Salaried,452192,7,Approved
32,36830,757,Salaried,857707,2,Rejected
47,95066,791,Salaried,799320,3,Approved
28,21591,624,Salaried,890818,3,Rejected
45,111878,650,Salaried,261579,10,Approved
24,143407,746,Salaried,392787,10,Approved
53,134869,674,Unemployed,739555,2,Approved
21,39395,801,Self-Employed,245240,3,Approved
39,34738,579,Self-Employed,511347,10,Approved
51,37056,606,Self-Employed,756788,3,Rejected
36,139656,799,Self-Employed,907733,7,Approved
34,133316,804,Salaried,805776,10,Approved
25,72418,843,Unemployed,225340,15,Approved
46,55190,557,Self-Employed,124673,5,Rejected
48,44014,590,Salaried,785167,10,Rejected
22,143563,634,Salaried,919378,7,Rejected
26,19780,849,Self-Employed,256323,2,Approved
29,60192,668,Salaried,831348,3,Approved
53,122875,833,Salaried,250300,15,Approved
45,117129,621,Salaried,380729,2,Approved
33,61923,735,Self-Employed,274505,10,Rejected
29,107196,575,Salaried,367442,5,Rejected
33,20395,808,Salaried,667706,2,Approved
51,120449,522,Salaried,220938,5,Approved
31,139747,832,Self-Employed,884810,10,Approved
24,89028,572,Unemployed,563783,5,Rejected
54,111176,587,Salaried,898951,5,Rejected
58,44924,602,Salaried,467852,7,Approved
24,50577,593,Salaried,162707,2,Approved
58,103548,815,Self-Employed,61590,10,Approved
39,143093,765,Self-Employed,289982,7,Approved
26,84555,752,Self-Employed,147987,5,Approved
54,107848,557,Salaried,694029,7,Approved
38,26254,508,Salaried,406034,7,Rejected
33,143410,512,Salaried,725350,5,Rejected
43,121025,630,Unemployed,712029,10,Rejected
39,148509,721,Self-Employed,853205,3,Approved
31,50963,828,Self-Employed,852080,7,Approved
21,21273,652,Self-Employed,382296,2,Rejected
44,33330,570,Self-Employed,584155,5,Approved
27,94422,844,Salaried,551489,3,Approved
45,140089,519,Salaried,377932,7,Approved
41,21212,580,Unemployed,672306,5,Rejected
35,105594,727,Unemployed,647876,5,Approved
21,50675,845,Salaried,748034,7,Approved
32,40007,518,Self-Employed,137843,15,Rejected
27,131805,664,Salaried,431580,15,Approved
35,100641,606,Salaried,975369,2,Rejected
41,113815,847,Salaried,362801,5,Approved
39,64815,713,Self-Employed,94628,5,Approved
49,101482,738,Self-Employed,849137,7,Rejected
45,18639,646,Self-Employed,489273,3,Approved
53,81593,680,Salaried,737146,5,Approved
52,96038,835,Salaried,507599,5,Approved
55,111899,697,Unemployed,508395,7,Approved
58,21736,786,Salaried,560647,15,Approved
46,34473,552,Self-Employed,480638,5,Rejected
31,146771,739,Self-Employed,653042,7,Approved
55,143801,789,Self-Employed,94237,2,Approved
28,125598,786,Unemployed,926241,7,Rejected
34,104623,687,Salaried,955810,15,Approved
30,54820,505,Self-Employed,79792,3,Rejected
22,75589,782,Salaried,421554,5,Approved
29,36414,762,Salaried,917475,2,Approved
23,145378,548,Salaried,823916,5,Rejected
41,42220,699,Salaried,113871,5,Approved
46,78531,559,Unemployed,292759,15,Rejected
28,128002,532,Self-Employed,257064,7,Approved
22,27387,802,Salaried,832032,5,Approved
26,94815,743,Salaried,945808,15,Approved
48,45584,671,Salaried,503413,2,Approved
49,62783,706,Self-Employed,565504,15,Approved
46,142494,782,Self-Employed,61899,15,Approved
45,133814,521,Salaried,999748,15,Rejected
32,148752,546,Salaried,115179,10,Approved
25,91588,848,Salaried,73584,15,Approved
54,31580,657,Salaried,847452,5,Approved
57,36240,757,Self-Employed,607271,15,Approved
35,101446,642,Salaried,457467,7,Rejected
56,122533,546,Salaried,252852,3,Approved
35,98974,526,Salaried,570661,5,Rejected
43,91401,526,Salaried,738307,15,Rejected
26,21646,644,Salaried,101838,15,Approved
41,60816,574,Self-Employed,950428,7,Approved
43,107460,686,Self-Employed,287031,5,Approved
36,62112,509,Self-Employed,891163,10,Rejected
35,69048,620,Salaried,591048,10,Approved
45,63752,788,Salaried,433792,2,Approved
56,88726,664,Salaried,254653,10,Approved
31,62788,763,Salaried,638934,7,Approved
35,22747,660,Salaried,199283,10,Rejected
24,18045,826,Salaried,74156,7,Approved
41,25758,796,Salaried,205033,5,Approved
33,143076,617,Salaried,225258,2,Approved
42,74950,810,Self-Employed,461927,15,Approved
39,37455,762,Salaried,272686,15,Approved
54,106552,583,Salaried,784406,15,Rejected
34,64116,645,Salaried,79520,2,Approved
24,138461,670,Self-Employed,140864,15,Approved
47,58484,833,Self-Employed,663792,10,Approved
49,99638,808,Salaried,438193,15,Approved
48,118647,513,Self-Employed,730185,15,Rejected
55,83642,648,Salaried,687841,3,Approved
28,64009,750,Self-Employed,253880,10,Approved
36,146824,556,Self-Employed,544340,15,Rejected
56,47605,846,Self-Employed,613526,3,Approved
50,128879,801,Self-Employed,956721,10,Approved
38,138827,846,Salaried,693842,7,Approved
22,23580,632,Salaried,883315,7,Approved
33,132902,669,Salaried,553714,15,Approved
24,23400,601,Unemployed,867074,15,Rejected
46,114032,605,Salaried,122056,3,Approved
45,145319,670,Salaried,733659,2,Approved
50,124960,627,Salaried,557779,3,Rejected
31,57015,749,Salaried,527879,5,Approved
27,89713,531,Self-Employed,316720,2,Approved
51,106754,715,Salaried,843615,3,Approved
30,61148,761,Salaried,764460,5,Approved
59,140790,829,Salaried,967381,5,Approved
33,104078,743,Self-Employed,126350,15,Approved
51,74879,784,Salaried,338496,10,Approved
27,137894,789,Salaried,374068,15,Approved
56,83839,762,Self-Employed,753766,3,Approved
40,47756,836,Salaried,127132,7,Approved
24,110943,832,Salaried,966395,15,Approved
27,54744,813,Self-Employed,105552,10,Approved
21,142697,584,Salaried,720904,15,Rejected
33,134072,828,Salaried,795035,15,Approved
42,25176,544,Salaried,109418,2,Approved
41,109310,802,Salaried,544616,7,Approved
42,63177,832,Salaried,500389,5,Approved
48,128623,699,Self-Employed,795470,2,Approved
29,18997,700,Unemployed,706445,10,Rejected
46,138179,828,Salaried,408369,15,Approved
29,138403,667,Salaried,348641,5,Approved
35,113287,739,Salaried,398392,15,Approved
30,137574,785,Self-Employed,968991,5,Approved
44,139509,689,Salaried,124076,5,Approved
28,103447,570,Salaried,286829,7,Approved
44,127522,644,Self-Employed,468205,10,Rejected
36,99144,708,Salaried,131491,10,Approved
46,110693,707,Salaried,702974,15,Rejected
47,112315,721,Salaried,928997,7,Approved
57,45387,786,Self-Employed,422092,10,Approved
24,22090,662,Salaried,90105,5,Approved
44,138846,571,Salaried,96369,5,Approved
39,58239,739,Salaried,57102,15,Approved
56,21743,626,Self-Employed,699731,5,Rejected
59,48924,584,Salaried,902977,10,Approved
30,148160,514,Salaried,463982,3,Approved
45,109815,747,Self-Employed,375938,2,Approved
38,123312,811,Salaried,925057,3,Approved
39,86860,782,Salaried,517725,7,Approved
56,98399,501,Salaried,53079,3,Approved
30,66795,573,Salaried,791732,15,Approved
53,69553,563,Salaried,830868,3,Approved
25,121976,760,Self-Employed,324311,15,Approved
55,131566,846,Salaried,379866,7,Approved
54,137968,823,Unemployed,563534,3,Approved
53,79600,738,Self-Employed,94279,2,Approved
41,68022,836,Unemployed,817516,10,Approved
37,68897,840,Salaried,583686,7,Approved
42,56038,778,Salaried,635428,3,Approved
57,141323,700,Self-Employed,185590,5,Approved
35,138278,792,Self-Employed,310927,5,Approved
55,129054,785,Self-Employed,885888,7,Approved
48,25897,720,Salaried,872654,5,Rejected
27,82541,661,Salaried,56082,2,Approved
52,124968,682,Self-Employed,568369,3,Approved
31,32892,764,Self-Employed,546869,2,Approved
30,42815,631,Salaried,411298,2,Approved
29,63612,821,Self-Employed,727471,10,Approved
34,34267,619,Self-Employed,927038,3,Rejected
33,36268,718,Salaried,332083,7,Approved
45,132463,659,Unemployed,232898,5,Approved
22,113347,799,Salaried,889014,10,Approved
55,112542,608,Self-Employed,885251,2,Approved
27,84612,737,Self-Employed,254148,5,Approved
41,106757,792,Salaried,69533,3,Approved
38,116075,566,Self-Employed,752790,2,Approved
23,52609,815,Self-Employed,970851,2,Approved
59,120785,686,Self-Employed,491695,3,Approved
31,41645,535,Salaried,840381,7,Rejected
59,80233,548,Salaried,669701,10,Rejected
44,129443,755,Self-Employed,460104,3,Approved
39,25771,606,Salaried,406958,5,Approved
24,120601,507,Salaried,211156,5,Approved
46,143224,735,Salaried,86174,2,Approved
58,101251,677,Salaried,966459,15,Rejected
52,75042,741,Self-Employed,758029,10,Approved
59,71740,540,Self-Employed,245068,7,Approved
56,65024,744,Self-Employed,880096,7,Approved
60,74965,612,Self-Employed,147527,15,Approved
57,28057,755,Self-Employed,160260,5,Approved
53,26983,665,Salaried,621922,7,Approved
56,148469,841,Self-Employed,120793,5,Approved
23,37995,577,Salaried,961073,10,Rejected
29,132587,706,Salaried,557824,15,Approved
28,56886,810,Salaried,833704,2,Approved
53,107025,695,Salaried,558217,5,Approved
26,113149,820,Salaried,283691,10,Approved
59,112020,563,Salaried,413135,15,Rejected
24,20673,639,Salaried,696286,5,Approved
33,95513,541,Salaried,350435,3,Approved
22,41466,805,Salaried,453126,5,Approved
25,110545,708,Salaried,867036,10,Approved
47,68406,803,Salaried,464099,7,Approved
52,87284,572,Salaried,143738,5,Approved
41,132579,652,Self-Employed,103726,2,Approved
28,31665,634,Self-Employed,237089,10,Rejected
58,38641,763,Unemployed,802552,7,Approved
28,53797,715,Self-Employed,926079,10,Rejected
23,63950,708,Self-Employed,550535,5,Approved
23,147554,703,Salaried,742443,3,Approved
42,120339,609,Salaried,937150,3,Approved
26,131431,530,Salaried,759827,2,Rejected
22,39173,511,Salaried,980775,15,Rejected
43,36095,626,Self-Employed,823868,15,Rejected
22,141554,812,Self-Employed,376600,2,Approved
58,143614,693,Self-Employed,875006,7,Rejected
37,107023,639,Salaried,887553,3,Rejected
55,125181,526,Unemployed,557891,5,Rejected
54,38600,545,Unemployed,339823,10,Rejected
43,20466,634,Salaried,388938,10,Approved
50,127934,816,Self-Employed,51759,3,Approved
28,71276,557,Salaried,544645,3,Rejected
42,24928,512,Salaried,630006,10,Approved
56,73309,599,Salaried,209700,7,Approved
25,134196,548,Self-Employed,735035,10,Rejected
33,27404,790,Salaried,986169,2,Approved
49,131187,593,Salaried,112268,5,Approved
51,128449,594,Salaried,570934,3,Rejected
36,45684,644,Salaried,153533,15,Rejected
50,86591,571,Salaried,454442,3,Approved
36,137821,509,Salaried,198579,7,Approved
32,20682,661,Salaried,645655,2,Approved
37,129186,713,Salaried,968738,10,Approved
36,39832,503,Salaried,237100,2,Rejected
32,34997,723,Self-Employed,942306,2,Approved
28,52640,528,Unemployed,187028,7,Rejected
40,58491,801,Salaried,230898,7,Approved
23,81043,702,Salaried,563417,15,Approved
36,130175,576,Unemployed,724049,10,Rejected
50,146568,558,Salaried,510020,15,Approved
43,132250,695,Self-Employed,595769,10,Approved
48,90725,821,Salaried,397285,5,Approved
60,146131,606,Salaried,529855,2,Approved
25,63520,841,Self-Employed,447410,10,Approved
40,80919,508,Self-Employed,276406,7,Approved
60,127869,519,Salaried,995874,5,Rejected
21,82442,648,Salaried,537406,15,Rejected
50,123246,516,Self-Employed,322395,5,Rejected
41,127687,511,Salaried,113356,7,Approved
40,141447,581,Self-Employed,919601,10,Rejected
26,79477,566,Salaried,316173,7,Rejected
42,18244,632,Salaried,642684,10,Rejected
38,97453,552,Salaried,119049,7,Rejected
28,145962,705,Self-Employed,741347,7,Approved
59,89303,732,Salaried,91138,3,Approved
52,46390,553,Salaried,297959,10,Rejected
53,28247,567,Salaried,382610,2,Rejected
36,47583,790,Unemployed,972181,3,Rejected
32,46670,843,Unemployed,841904,3,Approved
58,142920,668,Self-Employed,482692,3,Rejected
54,28236,660,Unemployed,270833,3,Approved
34,53568,514,Salaried,719088,2,Rejected
56,125327,690,Unemployed,467430,3,Approved
53,128188,514,Salaried,752009,15,Approved
43,34352,786,Salaried,259091,2,Approved
22,143721,509,Salaried,85297,15,Rejected
41,73904,556,Unemployed,797727,2,Rejected
22,140141,698,Self-Employed,517879,15,Approved
47,34108,660,Salaried,964730,3,Approved
29,20853,762,Unemployed,665356,5,Rejected
21,102156,752,Self-Employed,380153,2,Approved
31,22176,618,Self-Employed,149389,3,Approved
23,118459,579,Salaried,417810,7,Approved
43,141225,623,Self-Employed,447878,7,Rejected
46,136458,812,Unemployed,938170,10,Approved
24,128893,571,Unemployed,221568,2,Rejected
38,91927,667,Salaried,445881,2,Rejected
26,136178,783,Salaried,126720,15,Approved
55,58667,535,Salaried,569072,7,Rejected
42,24611,811,Salaried,975979,2,Approved
35,106242,674,Salaried,800648,2,Approved
42,102612,698,Self-Employed,310776,7,Approved
57,64902,615,Self-Employed,873671,3,Approved
32,51043,814,Unemployed,466119,15,Approved
58,90867,719,Salaried,290387,7,Approved
38,95089,565,Salaried,722531,5,Approved
55,76745,764,Salaried,849092,7,Rejected
50,103970,633,Salaried,108200,15,Approved
44,42464,618,Salaried,485874,7,Approved
50,136523,621,Salaried,179267,15,Approved
34,38662,820,Unemployed,73289,3,Approved
26,36228,586,Salaried,189060,7,Rejected
23,78721,788,Salaried,352118,7,Approved
36,24862,636,Self-Employed,999556,3,Rejected
27,58108,552,Self-Employed,674725,7,Rejected
34,109788,704,Salaried,95154,3,Approved
29,98140,847,Self-Employed,838853,5,Approved
35,86578,550,Self-Employed,110149,3,Rejected
41,67966,826,Self-Employed,293182,2,Approved
55,28386,539,Salaried,381611,2,Rejected
22,95228,749,Salaried,252633,15,Approved
47,90197,717,Self-Employed,301087,3,Approved
22,61021,678,Salaried,746944,7,Approved
55,136915,538,Self-Employed,963490,10,Rejected
38,135174,682,Self-Employed,600464,10,Approved
34,104755,723,Salaried,959312,5,Approved
40,84330,663,Salaried,621828,5,Approved
38,90322,733,Self-Employed,794161,10,Approved
30,120318,692,Self-Employed,619115,10,Approved
45,63313,584,Self-Employed,522147,3,Rejected
22,45032,742,Self-Employed,931129,10,Rejected
45,79710,672,Self-Employed,441406,2,Approved
53,113326,536,Self-Employed,93930,5,Approved
56,104157,586,Salaried,695499,15,Rejected
51,46365,628,Salaried,902766,5,Rejected
34,31189,693,Salaried,970966,2,Approved
21,25248,818,Salaried,155799,5,Approved
36,22369,542,Salaried,948527,10,Rejected
23,46605,658,Unemployed,146202,5,Approved
55,67616,604,Self-Employed,100479,2,Approved
26,121719,728,Self-Employed,843881,5,Approved
45,51055,716,Self-Employed,501254,15,Rejected
33,134680,763,Salaried,357334,15,Approved
54,25450,548,Salaried,211235,15,Rejected
28,68272,622,Unemployed,277688,15,Rejected
41,23310,802,Salaried,818568,10,Approved
54,49817,524,Self-Employed,753602,15,Rejected
24,100641,630,Salaried,82953,15,Approved
45,33457,723,Salaried,795949,3,Rejected
35,60311,598,Salaried,89799,15,Approved
24,141573,789,Salaried,324432,10,Approved
32,115427,696,Self-Employed,470689,15,Approved
52,54181,608,Self-Employed,470807,5,Rejected
52,149094,847,Self-Employed,548204,15,Approved
48,19128,719,Unemployed,733751,7,Approved
33,97522,763,Self-Employed,59877,5,Approved
51,66929,707,Self-Employed,647415,15,Approved
34,99696,818,Salaried,675341,15,Approved
40,133245,581,Self-Employed,963677,5,Rejected
38,27808,524,Self-Employed,279111,2,Rejected
49,113148,685,Salaried,282321,7,Approved
26,39725,507,Salaried,924914,2,Rejected
52,90534,623,Salaried,626838,15,Approved
49,57950,648,Salaried,271378,2,Approved
22,101576,597,Self-Employed,942796,10,Rejected
43,38557,715,Self-Employed,715854,3,Rejected
39,39825,600,Unemployed,574366,5,Rejected
51,26998,717,Salaried,651962,7,Approved
25,54080,758,Self-Employed,133041,5,Approved
39,60407,510,Salaried,937957,2,Rejected
54,138283,558,Self-Employed,583265,3,Approved
30,31338,749,Self-Employed,953981,2,Approved
45,94289,639,Self-Employed,869025,5,Approved
22,149029,834,Salaried,252337,10,Approved
31,127367,537,Self-Employed,183795,5,Approved
51,83898,621,Salaried,846205,2,Rejected
35,135486,564,Self-Employed,754870,7,Rejected
29,104540,645,Self-Employed,248373,7,Approved
43,143416,801,Salaried,476788,7,Approved
39,57963,624,Salaried,260675,7,Approved
29,112929,811,Salaried,776545,7,Approved
55,92935,690,Salaried,921082,15,Approved
41,31686,762,Self-Employed,481975,3,Approved
29,81528,795,Salaried,64539,3,Approved
48,117811,681,Self-Employed,352737,10,Approved
27,40787,658,Salaried,750382,7,Rejected
36,133613,807,Salaried,934878,2,Approved
36,122887,786,Self-Employed,699402,2,Approved
53,79086,661,Self-Employed,930103,5,Rejected
24,120231,762,Self-Employed,175049,7,Approved
24,81308,716,Salaried,897197,2,Approved
59,33797,680,Salaried,812979,15,Rejected
60,23302,590,Salaried,214123,10,Rejected
37,56059,516,Salaried,671070,2,Rejected
57,149980,624,Self-Employed,525519,15,Rejected
59,32239,759,Salaried,406128,15,Approved
49,45313,713,Unemployed,488458,10,Rejected
56,60103,738,Self-Employed,524119,7,Approved
58,106771,679,Self-Employed,771519,5,Approved
59,144228,671,Unemployed,607600,5,Approved
57,109665,642,Salaried,319730,3,Approved
55,28534,816,Salaried,919265,7,Approved
27,61060,743,Self-Employed,961449,2,Rejected
47,35189,731,Salaried,396607,5,Approved
48,146431,671,Unemployed,505615,15,Approved
42,104067,776,Unemployed,422635,10,Approved
34,28967,576,Unemployed,461347,15,Rejected
27,83563,802,Unemployed,297923,10,Approved
57,26660,830,Self-Employed,65020,2,Approved
42,136671,548,Self-Employed,517987,2,Rejected
25,147909,747,Salaried,148170,7,Approved
22,93976,782,Self-Employed,371667,2,Approved
47,31107,786,Salaried,911475,2,Approved
41,112182,531,Self-Employed,637765,2,Approved
58,109787,657,Unemployed,297137,5,Approved
35,33954,517,Salaried,405564,7,Rejected
41,34943,562,Salaried,776604,2,Approved
30,58725,627,Salaried,664622,2,Approved
43,63434,515,Self-Employed,775427,15,Rejected
59,103751,662,Self-Employed,244173,15,Approved
25,28110,750,Self-Employed,999286,10,Rejected
21,34462,636,Self-Employed,685206,5,Rejected
33,97232,817,Salaried,342048,2,Approved
41,84567,794,Self-Employed,658361,5,Approved
46,145425,678,Self-Employed,806363,7,Approved
41,74063,728,Salaried,266312,7,Approved
38,131394,679,Salaried,796101,15,Approved
57,73240,571,Self-Employed,541357,3,Rejected
52,99352,817,Unemployed,825521,10,Approved
56,98989,582,Self-Employed,519461,3,Approved
37,40222,635,Unemployed,132644,5,Rejected
55,97794,717,Salaried,537688,10,Approved
31,81924,608,Unemployed,696795,15,Rejected
41,117854,618,Salaried,496416,2,Rejected
46,96513,517,Salaried,899359,15,Rejected
24,72649,831,Salaried,564884,15,Approved
54,120986,653,Self-Employed,102050,10,Approved
38,101749,510,Salaried,84232,10,Approved
60,57369,637,Salaried,534635,7,Approved
55,104379,561,Salaried,392800,3,Approved
49,87392,570,Salaried,900453,7,Approved
49,30661,560,Salaried,355058,7,Approved
58,89718,631,Self-Employed,376000,3,Rejected
41,25970,560,Salaried,161290,7,Approved
33,65922,768,Salaried,621086,10,Approved
37,48755,511,Salaried,229858,5,Rejected
29,138926,534,Salaried,88382,2,Approved
21,37416,550,Salaried,73473,2,Rejected
22,31672,542,Self-Employed,213993,7,Rejected
49,146145,727,Salaried,433595,3,Approved
53,92095,610,Salaried,810123,10,Rejected
30,18064,821,Self-Employed,473211,7,Approved
60,86835,514,Salaried,553223,10,Rejected
41,105594,676,Salaried,463666,10,Approved
48,134916,661,Salaried,542330,15,Approved
31,138308,538,Salaried,492518,2,Approved
54,100516,525,Salaried,516889,5,Approved
28,82666,611,Salaried,590053,5,Approved
42,136294,550,Salaried,928766,3,Rejected
28,28866,597,Salaried,255878,5,Approved
35,21889,669,Self-Employed,116314,7,Approved
37,136194,555,Unemployed,489606,2,Rejected
43,142714,720,Self-Employed,725993,2,Approved
44,49335,824,Self-Employed,889552,10,Approved
39,68547,645,Salaried,352579,7,Approved
25,116756,759,Salaried,129843,7,Approved
52,28995,628,Salaried,677188,10,Rejected
21,20631,549,Salaried,581645,15,Rejected
43,106294,839,Self-Employed,642377,15,Approved
57,105278,825,Self-Employed,78820,10,Approved
28,82471,519,Salaried,856919,2,Approved
33,55116,673,Salaried,129507,7,Approved
28,110116,782,Salaried,334332,5,Approved
43,65664,525,Salaried,390560,5,Rejected
21,105342,659,Salaried,605598,2,Approved
44,32407,509,Salaried,447780,5,Approved
55,131926,581,Salaried,810128,5,Rejected
44,77201,755,Self-Employed,931090,7,Approved
37,98093,604,Salaried,332206,7,Approved
25,35878,639,Salaried,129671,3,Approved
40,101100,701,Self-Employed,455631,7,Approved
41,96629,843,Unemployed,905673,3,Approved
60,61168,523,Unemployed,544878,15,Rejected
51,72862,545,Salaried,845476,7,Rejected
56,46004,716,Salaried,218022,10,Approved
31,38471,554,Salaried,725709,7,Rejected
35,109820,577,Salaried,307275,3,Approved
39,120229,658,Salaried,465933,5,Approved
27,83308,843,Salaried,112263,7,Approved
48,101969,771,Self-Employed,106917,5,Approved
25,32568,647,Salaried,481587,5,Approved
25,27466,537,Salaried,251082,7,Rejected
50,75324,610,Self-Employed,582935,7,Approved
52,120208,514,Self-Employed,457406,10,Approved
28,93955,577,Self-Employed,679767,15,Rejected
30,112791,575,Salaried,523421,3,Approved
58,126718,827,Salaried,672821,7,Approved
52,40650,774,Salaried,859623,5,Approved
48,106290,696,Self-Employed,554315,5,Approved
37,95701,718,Salaried,833125,7,Rejected
51,28683,562,Salaried,964958,3,Rejected
28,98978,531,Salaried,672547,15,Rejected
60,22860,732,Unemployed,432426,5,Rejected
45,49351,609,Salaried,481003,15,Rejected
29,80744,664,Salaried,676069,15,Approved
22,138198,693,Salaried,233582,10,Approved
35,92155,506,Unemployed,655128,5,Rejected
23,139449,638,Self-Employed,263751,3,Approved
56,94700,842,Salaried,420430,2,Approved
24,24955,786,Salaried,374029,10,Approved
34,39662,800,Salaried,739494,10,Approved
45,24408,555,Salaried,205972,2,Approved
30,19225,659,Salaried,902134,10,Approved
41,35279,648,Self-Employed,266656,10,Approved
56,128401,786,Salaried,632212,10,Approved
32,110404,756,Self-Employed,778246,5,Approved
47,66481,638,Self-Employed,800406,5,Rejected
60,62552,848,Self-Employed,219535,7,Approved
22,92474,823,Salaried,174679,7,Approved
33,43168,791,Salaried,277142,5,Approved
52,50099,834,Salaried,567205,10,Approved
51,79455,686,Salaried,94587,3,Approved
36,72240,822,Unemployed,372341,2,Approved
52,92796,683,Self-Employed,993252,7,Approved
52,72592,806,Salaried,116463,10,Approved
54,140181,761,Salaried,295558,7,Approved
31,119611,809,Unemployed,388780,15,Approved
30,76046,843,Salaried,915211,3,Approved
35,34488,644,Salaried,473994,15,Approved
37,136521,760,Salaried,746925,10,Approved
60,149467,501,Self-Employed,782994,5,Rejected
38,36394,813,Unemployed,168788,3,Approved
29,111993,511,Self-Employed,889678,7,Rejected
45,77332,760,Salaried,228258,10,Approved
60,60628,668,Self-Employed,433815,15,Approved
34,39352,647,Salaried,966862,10,Rejected
45,100971,699,Salaried,228724,2,Approved
42,69993,811,Salaried,620846,2,Approved
50,121027,569,Unemployed,565098,15,Approved
40,138212,811,Salaried,81244,2,Approved
41,26539,553,Salaried,206649,5,Rejected
52,71817,758,Salaried,827792,10,Rejected
41,67107,850,Unemployed,509165,10,Approved
55,147240,527,Self-Employed,79386,7,Approved
52,117655,619,Self-Employed,72312,5,Approved
50,74132,632,Salaried,527150,2,Approved
59,143701,589,Self-Employed,944415,10,Approved
32,123494,515,Self-Employed,304734,2,Rejected
38,70979,786,Unemployed,310996,3,Approved
41,76013,783,Salaried,583006,5,Approved
33,81797,729,Salaried,115536,2,Approved
41,69798,636,Self-Employed,418910,5,Approved
28,94421,794,Self-Employed,806195,15,Approved
60,25434,726,Salaried,311051,10,Approved
27,48028,526,Salaried,198527,3,Approved
43,84558,831,Unemployed,828933,7,Approved
52,42331,616,Salaried,621366,3,Approved
31,85573,588,Salaried,327686,5,Approved
42,147473,606,Salaried,954007,3,Rejected
42,100979,720,Salaried,171204,10,Approved
45,22123,722,Self-Employed,965994,5,Approved
42,34603,621,Salaried,454986,5,Approved
48,83941,532,Salaried,959025,10,Approved
49,60597,590,Salaried,556525,15,Approved
33,102238,683,Unemployed,150299,2,Approved
38,59751,757,Self-Employed,971081,7,Rejected
22,144462,512,Self-Employed,425355,15,Rejected
49,104978,523,Self-Employed,170897,15,Rejected
41,35693,824,Salaried,739837,3,Approved
35,112524,533,Self-Employed,588610,15,Approved
47,115869,746,Self-Employed,744245,7,Approved
51,81825,842,Self-Employed,107813,7,Approved
35,148475,518,Salaried,625730,15,Rejected
43,63406,529,Salaried,976032,10,Rejected
44,141371,548,Self-Employed,722499,2,Rejected
33,19617,679,Salaried,802760,7,Approved
42,61016,725,Salaried,421241,5,Approved
57,42276,577,Self-Employed,649735,15,Approved
53,90240,706,Salaried,57212,2,Approved
23,124292,534,Self-Employed,347011,10,Rejected
39,35959,749,Salaried,376806,15,Approved
43,46522,570,Self-Employed,673004,7,Rejected
49,44567,809,Salaried,274796,15,Approved
50,80708,778,Unemployed,884104,10,Approved
59,144206,651,Salaried,655970,3,Approved
45,40560,726,Self-Employed,634912,10,Rejected
57,76390,742,Salaried,562007,5,Approved
28,143772,509,Salaried,446209,10,Approved
36,63104,816,Salaried,61654,2,Approved
28,75805,547,Unemployed,50246,3,Approved
21,42496,611,Salaried,893146,15,Approved
25,109257,703,Salaried,356882,15,Approved
23,21515,656,Salaried,745105,5,Rejected
21,22454,842,Salaried,368391,3,Approved
24,40873,525,Unemployed,276843,5,Rejected
60,91920,807,Salaried,784552,15,Approved
55,31727,665,Self-Employed,196250,3,Approved
52,146376,748,Salaried,692343,7,Approved
54,87070,761,Salaried,341050,10,Approved
45,117059,763,Salaried,183761,2,Approved
30,142564,516,Salaried,738715,2,Rejected
41,135213,575,Salaried,903436,7,Rejected
59,43465,753,Salaried,115768,3,Approved
47,77799,705,Self-Employed,220725,10,Approved
47,114129,533,Salaried,172699,7,Approved
22,125288,646,Salaried,178881,3,Approved
33,30875,825,Salaried,195304,10,Approved
29,45219,837,Salaried,139060,3,Approved
56,54182,727,Salaried,150190,2,Approved
42,97781,617,Salaried,590981,10,Rejected
46,24457,664,Self-Employed,206591,2,Approved
32,51064,537,Unemployed,927451,2,Rejected
37,133256,795,Self-Employed,486701,10,Approved
34,116297,636,Salaried,311633,7,Approved
34,87918,808,Salaried,903568,3,Approved
54,108179,745,Unemployed,551811,10,Approved
40,92944,697,Self-Employed,306300,15,Approved
31,107142,565,Salaried,774719,2,Approved
36,45603,579,Salaried,814544,3,Rejected
51,64458,551,Salaried,168002,10,Approved
26,88605,628,Self-Employed,865459,7,Rejected
39,37623,500,Self-Employed,900739,10,Rejected
57,62440,666,Salaried,218770,10,Approved
24,100427,515,Salaried,317873,5,Rejected
24,111826,644,Salaried,310683,15,Rejected
40,45460,611,Salaried,631431,3,Approved
30,128373,601,Salaried,547081,10,Approved
44,22870,581,Self-Employed,358076,2,Rejected
55,36909,598,Salaried,458282,2,Rejected
46,27117,658,Self-Employed,690817,5,Approved
57,85474,539,Salaried,461236,2,Approved
58,111926,654,Self-Employed,784326,10,Approved
41,145463,535,Self-Employed,166363,3,Approved
60,119536,746,Salaried,571586,5,Approved
59,38128,503,Self-Employed,379470,15,Rejected
41,87001,780,Salaried,249752,5,Approved
30,18440,850,Salaried,946448,7,Approved
58,141491,833,Salaried,220807,7,Approved
24,99662,748,Salaried,754667,3,Approved
40,18005,511,Self-Employed,466514,3,Rejected
37,25038,782,Salaried,91893,5,Approved
27,24414,715,Self-Employed,271759,10,Approved
24,87506,818,Unemployed,174213,10,Approved
49,94586,810,Salaried,939079,7,Approved
34,34482,581,Salaried,616699,3,Rejected
23,51948,513,Salaried,759675,3,Rejected
44,107987,555,Salaried,988436,10,Rejected
57,38875,841,Salaried,548356,7,Approved
36,31057,781,Self-Employed,653020,10,Approved
24,50400,698,Salaried,444155,10,Approved
44,86607,847,Self-Employed,454867,5,Approved
54,105561,665,Salaried,845717,3,Approved
50,45503,791,Salaried,909058,5,Approved
38,119096,645,Salaried,234165,5,Approved
39,64612,577,Salaried,863509,10,Rejected
51,116318,611,Salaried,753194,7,Approved
39,102335,522,Self-Employed,493829,10,Approved
39,118989,615,Self-Employed,634045,15,Approved
42,111012,641,Salaried,619021,7,Rejected
44,99748,696,Self-Employed,991823,3,Approved
32,83195,777,Salaried,75786,15,Rejected
50,107846,527,Salaried,725042,15,Rejected
58,120404,798,Self-Employed,820108,15,Approved
51,57142,575,Unemployed,248823,2,Rejected
56,89540,517,Self-Employed,842707,3,Rejected
39,94948,599,Salaried,766954,10,Rejected
56,76951,623,Unemployed,93791,7,Approved
50,29755,791,Self-Employed,120353,15,Approved
53,135985,624,Salaried,463702,2,Approved
38,102553,506,Unemployed,456026,15,Rejected
48,112376,522,Self-Employed,416279,7,Rejected
31,35175,661,Self-Employed,361546,7,Approved
53,83687,616,Self-Employed,297359,2,Approved
37,102983,520,Salaried,196099,2,Rejected
26,64629,751,Self-Employed,735695,3,Approved
24,134779,825,Salaried,254037,5,Approved
40,86513,808,Unemployed,527303,15,Approved
47,100762,583,Salaried,531327,2,Approved
35,75941,540,Self-Employed,389012,15,Rejected
26,61473,702,Salaried,473800,5,Rejected
34,34040,627,Self-Employed,92245,5,Rejected
31,87806,641,Salaried,589365,5,Approved
59,130076,843,Salaried,682571,5,Approved
29,73916,602,Self-Employed,461068,2,Rejected
46,21811,606,Salaried,430865,15,Approved
36,49276,516,Salaried,624942,7,Rejected
25,99049,524,Salaried,898095,15,Rejected
30,91062,563,Salaried,318744,15,Rejected
23,72499,841,Salaried,775710,2,Approved
33,64281,736,Salaried,225469,2,Approved
50,62852,675,Salaried,907012,10,Approved
26,22595,790,Self-Employed,328555,10,Approved
37,113930,792,Unemployed,376508,3,Approved
39,110676,810,Self-Employed,270890,5,Approved
55,37405,655,Salaried,878292,5,Rejected
46,76122,552,Self-Employed,377780,10,Rejected
25,146909,572,Salaried,502665,7,Rejected
49,21447,682,Self-Employed,589671,3,Rejected
57,28662,688,Salaried,529646,15,Approved
40,76282,512,Salaried,630834,7,Approved
41,46582,546,Self-Employed,217080,10,Rejected
30,85471,659,Salaried,979013,15,Rejected
25,141513,783,Self-Employed,752275,7,Approved
56,125578,552,Self-Employed,738126,5,Approved
26,93871,786,Salaried,180771,10,Approved
46,101205,507,Self-Employed,703674,15,Rejected
24,92081,571,Salaried,510240,7,Rejected
59,123783,597,Salaried,608509,3,Approved
59,101805,586,Salaried,756313,3,Rejected
55,142698,829,Salaried,767220,2,Approved
21,28712,600,Salaried,516836,15,Rejected
44,99527,780,Salaried,734052,10,Approved
56,147453,788,Salaried,669131,10,Approved
26,144888,736,Salaried,225472,15,Approved
51,105185,695,Self-Employed,152863,10,Approved
40,117851,596,Salaried,514992,5,Rejected
44,30210,595,Salaried,647641,5,Rejected
45,54972,760,Salaried,411963,10,Approved
56,52136,620,Salaried,684705,15,Rejected
41,134445,772,Unemployed,393392,7,Approved
50,33945,831,Self-Employed,328108,5,Rejected
44,97180,551,Self-Employed,995246,15,Rejected
50,88453,817,Salaried,238439,10,Approved
42,103404,662,Self-Employed,769227,5,Rejected
48,21052,689,Unemployed,763099,15,Rejected
27,45272,776,Salaried,870627,2,Approved
55,59150,584,Salaried,514837,3,Approved
48,115095,693,Salaried,278999,2,Approved
34,86774,680,Unemployed,277149,10,Approved
30,61175,520,Salaried,487380,15,Approved
36,149637,702,Self-Employed,555909,3,Approved
36,34375,701,Salaried,835699,7,Rejected
51,43710,650,Unemployed,460613,10,Rejected
45,125026,658,Salaried,545746,7,Approved
33,45597,809,Self-Employed,812275,7,Approved
26,92289,525,Self-Employed,381029,5,Rejected
29,103687,808,Salaried,491095,5,Approved
56,136968,565,Self-Employed,285452,3,Approved
40,58274,762,Self-Employed,62157,3,Approved
38,66634,666,Salaried,434589,15,Approved
41,48041,787,Salaried,112214,5,Approved
24,103365,653,Salaried,284563,3,Approved
53,69986,842,Salaried,326029,15,Approved
47,43370,705,Unemployed,157922,2,Rejected
27,53247,652,Salaried,450234,10,Approved
26,142403,683,Self-Employed,791550,2,Approved
35,137544,658,Salaried,129127,10,Approved
38,149506,693,Salaried,836821,15,Approved
52,80982,501,Salaried,220731,5,Approved
31,83180,714,Salaried,590807,2,Approved
40,126534,674,Salaried,85224,7,Approved
44,42644,574,Self-Employed,370088,2,Rejected
35,56493,784,Salaried,335641,3,Approved
27,101824,626,Self-Employed,992698,2,Rejected
41,65289,548,Salaried,977272,5,Rejected
46,53481,531,Unemployed,471561,5,Rejected
34,95097,657,Self-Employed,170784,3,Approved
57,40578,514,Salaried,978621,10,Approved
41,90048,817,Salaried,612562,3,Approved
38,113737,833,Salaried,500568,15,Approved
25,36687,742,Salaried,124931,10,Approved
23,140540,516,Salaried,322057,5,Approved
43,48183,521,Unemployed,237835,5,Rejected
46,38758,743,Salaried,976289,15,Rejected
57,114368,580,Self-Employed,520704,10,Approved
44,63891,643,Salaried,943533,2,Approved
39,64901,507,Salaried,269012,2,Approved
45,121912,666,Self-Employed,346381,3,Approved
41,89062,786,Salaried,129987,5,Approved
32,90008,767,Self-Employed,231919,2,Approved
53,35974,788,Salaried,605252,5,Approved
24,98591,685,Self-Employed,411754,3,Approved
27,36615,511,Self-Employed,317476,7,Rejected
42,40838,780,Self-Employed,600551,5,Approved
53,58728,803,Self-Employed,809461,7,Approved
37,134249,582,Salaried,359698,5,Approved
44,96000,554,Salaried,725727,10,Rejected
54,70798,630,Salaried,717278,15,Rejected
48,28248,624,Salaried,943976,7,Rejected
59,63291,824,Salaried,264727,10,Approved
42,100629,550,Self-Employed,889912,15,Rejected
37,143612,526,Salaried,244051,10,Approved
54,35177,664,Unemployed,200815,3,Approved
26,61815,780,Unemployed,517628,3,Approved
26,56533,532,Self-Employed,121863,2,Rejected
54,18026,561,Unemployed,359498,7,Rejected
21,122997,644,Self-Employed,207986,2,Approved
30,78611,670,Salaried,534276,7,Approved
41,105242,785,Self-Employed,89709,3,Approved
25,122913,796,Self-Employed,536758,3,Approved
22,60082,616,Salaried,541824,15,Approved
42,121613,503,Salaried,117933,15,Approved
22,116315,565,Salaried,568096,3,Approved
30,107690,559,Salaried,327842,7,Rejected
54,113220,786,Unemployed,727811,3,Approved
36,33389,844,Salaried,555296,2,Approved
59,109860,728,Salaried,155463,10,Approved
42,39797,599,Salaried,717777,15,Approved
32,129975,618,Salaried,869386,7,Approved
44,115169,568,Salaried,899316,10,Rejected
60,84332,651,Salaried,475455,2,Approved
58,41696,779,Unemployed,379244,5,Approved
30,20024,720,Salaried,744941,15,Approved
55,108998,722,Self-Employed,936645,3,Approved
52,23285,664,Salaried,535610,15,Approved
27,25370,710,Unemployed,681061,15,Approved
41,35903,778,Salaried,723226,15,Approved
40,115904,562,Self-Employed,762416,2,Rejected
46,40995,761,Self-Employed,71266,5,Approved
24,123160,505,Self-Employed,269970,7,Rejected
42,106377,747,Salaried,948279,2,Approved
35,55822,728,Salaried,223909,7,Approved
60,125412,785,Salaried,818273,10,Approved
41,69222,756,Salaried,718012,10,Approved
35,112088,562,Salaried,850221,7,Approved
42,108450,527,Self-Employed,688912,10,Rejected
48,127366,844,Salaried,455971,10,Approved
34,128078,552,Salaried,92608,3,Approved
47,81853,751,Unemployed,215764,7,Approved
60,141794,537,Unemployed,604955,7,Rejected
48,70442,807,Unemployed,904666,5,Approved
46,27675,833,Salaried,553511,15,Approved
22,107590,638,Salaried,97929,3,Approved
45,126570,552,Self-Employed,436321,2,Rejected
23,49661,593,Salaried,501911,3,Rejected
28,82289,593,Salaried,814764,2,Rejected
53,35184,762,Salaried,273415,7,Approved
55,65963,822,Self-Employed,130789,3,Approved
26,23267,636,Salaried,129671,5,Approved
59,80814,755,Self-Employed,797500,15,Approved
43,54025,536,Salaried,894993,10,Rejected
45,139246,641,Salaried,394335,2,Approved
39,95605,646,Salaried,166011,10,Approved
25,61436,507,Salaried,418199,15,Approved
31,95192,750,Unemployed,589405,7,Approved
32,138591,634,Unemployed,134872,7,Rejected
30,102511,558,Salaried,66714,7,Approved
28,27665,622,Unemployed,481855,10,Rejected
44,109277,762,Self-Employed,454075,15,Approved
48,70474,619,Salaried,257346,7,Approved
56,93911,758,Self-Employed,258271,7,Approved
57,110643,822,Unemployed,811228,10,Approved
41,48484,517,Salaried,453243,7,Approved
28,119165,800,Salaried,540595,15,Approved
29,43835,591,Salaried,306080,2,Rejected
35,114453,663,Salaried,664157,3,Approved
60,71790,643,Salaried,423596,2,Rejected
38,27643,834,Self-Employed,180041,7,Rejected
40,93846,814,Self-Employed,581472,15,Approved
26,31200,737,Salaried,991760,15,Rejected
32,70275,673,Salaried,884771,7,Rejected
22,107001,582,Self-Employed,94896,7,Approved
27,60448,656,Salaried,68557,7,Rejected
36,109685,608,Self-Employed,998021,10,Rejected
23,28619,677,Unemployed,414157,15,Rejected
23,123454,749,Unemployed,246737,3,Approved
47,19766,752,Self-Employed,262624,10,Approved
60,21549,554,Salaried,105039,10,Approved
58,125938,654,Salaried,510310,15,Rejected
53,145673,590,Self-Employed,519205,7,Rejected
48,66328,838,Unemployed,921552,2,Approved
21,43301,625,Salaried,981339,15,Rejected
28,62763,836,Salaried,86492,2,Approved
57,62787,668,Self-Employed,626973,5,Approved
52,138675,638,Salaried,956185,15,Rejected
57,25425,504,Salaried,436827,3,Rejected
24,30857,565,Unemployed,552840,15,Rejected
50,110999,610,Salaried,54693,5,Approved
26,59457,683,Salaried,622689,10,Rejected
39,149776,767,Salaried,206262,5,Approved
52,23452,669,Self-Employed,700578,5,Rejected
29,129153,743,Salaried,213677,15,Approved
32,56862,830,Salaried,727006,5,Approved
31,36300,637,Self-Employed,226550,3,Rejected
36,19845,527,Salaried,339101,15,Rejected
21,137342,506,Salaried,166552,2,Rejected
41,57181,832,Salaried,525076,2,Approved
50,52404,816,Salaried,270292,5,Approved
33,40564,550,Self-Employed,422567,15,Rejected
54,115898,635,Self-Employed,220247,3,Rejected
24,36227,677,Self-Employed,87010,2,Approved
48,113259,628,Self-Employed,322395,7,Approved
58,142451,696,Salaried,72343,15,Approved
51,35215,766,Self-Employed,924375,15,Approved
47,148577,606,Self-Employed,121734,2,Approved
25,89074,547,Salaried,146485,2,Rejected
45,126621,637,Salaried,688931,3,Approved
23,124759,602,Salaried,536632,3,Approved
53,146471,546,Salaried,346529,2,Approved
24,39711,652,Salaried,88848,7,Rejected
45,66398,505,Self-Employed,422682,7,Rejected
40,19286,510,Self-Employed,686462,5,Rejected
54,126304,516,Self-Employed,969403,5,Rejected
46,122959,642,Salaried,786034,2,Approved
25,77967,771,Salaried,150338,2,Approved
55,115803,811,Self-Employed,815427,2,Approved
48,147745,565,Self-Employed,850415,15,Rejected
49,72583,838,Salaried,72706,7,Approved
29,142077,830,Self-Employed,286905,10,Approved
58,129359,755,Salaried,778271,5,Approved
26,45086,626,Self-Employed,70357,5,Approved
39,122132,630,Unemployed,863960,10,Rejected
31,77263,517,Self-Employed,79223,2,Rejected
22,138155,706,Unemployed,99877,5,Approved
29,78664,588,Salaried,807167,7,Rejected
41,138474,742,Self-Employed,94487,10,Approved
44,94968,849,Salaried,950599,7,Approved
54,85804,516,Salaried,713391,15,Approved
42,56400,722,Salaried,731113,2,Rejected
23,46088,709,Salaried,930629,5,Approved
32,105893,598,Salaried,127137,7,Approved
48,23969,512,Self-Employed,265332,10,Rejected
50,26981,818,Unemployed,322819,2,Approved
46,72091,769,Self-Employed,482523,5,Approved
41,125154,686,Salaried,619509,5,Approved
48,42408,773,Unemployed,560945,2,Approved
46,65940,632,Salaried,995603,2,Rejected
53,21657,513,Self-Employed,276063,2,Rejected
41,39230,780,Self-Employed,139020,15,Approved
55,102731,543,Unemployed,362855,7,Approved
54,22329,794,Salaried,754461,3,Approved
38,53865,603,Self-Employed,984288,15,Rejected
31,55869,561,Salaried,873410,5,Rejected
43,138185,552,Salaried,865454,7,Rejected
42,101984,808,Salaried,659539,10,Approved
37,143172,617,Salaried,798337,5,Approved
25,119069,820,Salaried,349883,15,Approved
31,107711,630,Self-Employed,919601,3,Rejected
50,84252,798,Salaried,819509,10,Approved
35,97386,805,Self-Employed,54226,5,Approved
47,136728,698,Self-Employed,466007,3,Approved
55,43801,535,Self-Employed,792923,2,Rejected
53,108709,778,Salaried,936690,3,Approved
40,71270,715,Self-Employed,401041,5,Approved
36,73535,573,Unemployed,832516,3,Rejected
54,34220,805,Self-Employed,418988,15,Approved
22,31392,554,Self-Employed,879910,5,Rejected
55,38010,511,Salaried,762864,5,Approved
60,144951,582,Unemployed,615361,3,Rejected
48,86358,531,Self-Employed,842593,3,Rejected
59,114190,585,Salaried,409609,15,Approved
26,133795,731,Salaried,874661,10,Approved
29,140790,774,Self-Employed,518429,10,Approved
40,143223,700,Salaried,51628,7,Approved
21,93205,550,Self-Employed,909948,5,Approved
28,19082,819,Salaried,414686,10,Rejected
43,93093,755,Salaried,998878,7,Approved
23,69952,740,Self-Employed,883324,15,Rejected
24,54719,704,Self-Employed,651699,5,Approved
45,66737,695,Self-Employed,335124,15,Rejected
58,125271,743,Self-Employed,215835,7,Approved
35,85839,819,Unemployed,453517,10,Approved
41,65931,500,Salaried,771491,7,Rejected
55,57925,588,Self-Employed,526075,3,Approved
34,105745,781,Salaried,362595,15,Approved
56,144298,638,Self-Employed,438774,7,Approved
32,111709,586,Salaried,333942,15,Approved
37,60287,501,Unemployed,763856,2,Rejected
59,125252,848,Salaried,505019,2,Approved
29,127323,667,Salaried,817042,7,Approved
55,30803,618,Salaried,797566,2,Rejected
33,136819,579,Salaried,675608,7,Rejected
35,111361,610,Salaried,59589,15,Rejected
38,31698,664,Salaried,806533,7,Approved
53,33376,718,Unemployed,947683,7,Rejected
26,31117,504,Salaried,917065,2,Rejected
47,66786,714,Salaried,681944,5,Approved
43,131005,694,Self-Employed,360366,7,Approved
47,84480,781,Salaried,56381,7,Approved
54,71233,505,Self-Employed,140907,3,Approved
58,129022,799,Salaried,295567,3,Approved
34,110529,557,Self-Employed,545650,10,Approved
56,118919,836,Salaried,893047,2,Approved
28,101533,801,Salaried,735948,5,Approved
55,87407,601,Self-Employed,118453,7,Approved
39,91809,547,Salaried,77115,7,Approved
50,35229,775,Unemployed,316497,2,Approved
34,60176,662,Salaried,650450,10,Approved
40,112825,831,Self-Employed,382045,10,Approved
45,115555,695,Unemployed,338720,3,Approved
60,21145,823,Salaried,163506,2,Approved
44,115289,631,Self-Employed,397182,10,Approved
34,20263,565,Salaried,990637,10,Rejected
46,75788,582,Self-Employed,355845,5,Approved
58,149994,764,Self-Employed,517897,3,Approved
43,63344,728,Salaried,141837,3,Approved
42,140819,772,Salaried,174390,3,Approved
39,91352,718,Self-Employed,133661,15,Approved
23,58324,724,Self-Employed,492159,10,Approved
39,112075,612,Unemployed,511210,7,Rejected
29,95169,639,Self-Employed,601756,15,Rejected
48,41384,684,Salaried,436998,10,Approved
40,21512,672,Self-Employed,768972,10,Rejected
27,141775,510,Self-Employed,351267,2,Approved
34,96743,658,Salaried,567488,3,Rejected
29,103642,704,Salaried,816896,3,Approved
39,147587,729,Self-Employed,646887,5,Approved
34,97858,525,Self-Employed,807001,3,Approved
58,72800,818,Salaried,302038,10,Approved
56,118364,658,Unemployed,187075,2,Rejected
60,20387,777,Salaried,454240,5,Approved
37,137095,647,Unemployed,329317,10,Approved
50,53548,765,Salaried,187530,10,Approved
29,108450,582,Salaried,812155,15,Rejected
53,123669,525,Salaried,373338,5,Rejected
45,98171,570,Self-Employed,695398,15,Rejected
34,63414,536,Salaried,103621,10,Approved
31,91071,632,Self-Employed,555787,10,Rejected
55,130808,625,Salaried,638501,15,Approved
34,96591,614,Self-Employed,680247,2,Rejected
50,22297,591,Salaried,707469,2,Rejected
24,127513,741,Salaried,171710,15,Approved
24,146668,699,Salaried,980869,2,Approved
48,104479,706,Salaried,261820,3,Approved
28,116752,616,Self-Employed,79145,5,Approved
22,133481,718,Salaried,914367,2,Rejected
42,85156,804,Salaried,382765,10,Approved
36,78263,742,Salaried,991324,3,Approved
49,136996,791,Salaried,130195,5,Approved
50,117252,781,Salaried,214458,2,Approved
32,136632,800,Salaried,333418,2,Approved
55,92855,816,Self-Employed,452290,5,Approved
31,34575,671,Salaried,248311,2,Approved
41,30204,575,Salaried,942489,15,Rejected
41,29952,708,Salaried,847419,5,Rejected
25,101323,813,Salaried,702891,5,Approved
40,44437,604,Self-Employed,210852,10,Rejected
57,145129,525,Unemployed,232643,5,Approved
23,105681,850,Salaried,898970,7,Approved
53,25903,578,Salaried,964003,2,Rejected
29,44863,627,Salaried,422468,10,Rejected
29,61381,636,Self-Employed,533835,3,Rejected
24,46548,833,Self-Employed,662579,7,Approved
55,29467,535,Self-Employed,638370,5,Rejected
37,75954,558,Salaried,715587,3,Rejected
54,41901,729,Self-Employed,542937,3,Approved
44,41301,623,Self-Employed,219998,3,Rejected
52,142686,587,Salaried,843580,3,Approved
21,103180,836,Salaried,740988,10,Approved
28,87903,640,Salaried,80900,10,Approved
43,121955,772,Self-Employed,848203,3,Approved
60,37755,550,Unemployed,248993,7,Rejected
32,77817,554,Salaried,902893,2,Rejected
32,20093,836,Salaried,875421,15,Approved
35,114319,649,Unemployed,607284,2,Approved
39,40940,652,Salaried,786285,10,Approved
46,146714,718,Salaried,339141,7,Approved
49,109544,718,Salaried,834538,7,Approved
42,102437,841,Salaried,865920,5,Approved
60,110969,757,Unemployed,946184,10,Rejected
41,125001,544,Salaried,72975,7,Approved
58,105725,768,Self-Employed,349454,7,Approved
40,133784,810,Salaried,253183,2,Approved
49,128675,659,Salaried,114254,7,Approved
24,112266,777,Self-Employed,667552,7,Rejected
27,27236,844,Salaried,153197,3,Approved
48,90597,554,Salaried,75809,2,Approved
48,117656,644,Unemployed,942162,2,Approved
24,52364,734,Salaried,880427,3,Approved
42,125071,678,Salaried,249204,2,Approved
32,112410,707,Self-Employed,960621,5,Approved
23,76473,635,Salaried,515973,15,Approved
42,62153,774,Salaried,632100,5,Approved
22,56502,822,Self-Employed,109760,10,Approved
44,33675,682,Salaried,963107,15,Rejected
54,136384,560,Self-Employed,272037,2,Rejected
47,96229,562,Salaried,416563,2,Approved
21,107049,714,Self-Employed,591795,5,Approved
28,107157,638,Salaried,84388,10,Approved
43,123711,633,Unemployed,636452,10,Rejected
58,128090,533,Self-Employed,135894,5,Rejected
26,111321,692,Salaried,369239,5,Approved
42,44465,819,Unemployed,495397,15,Rejected
45,50286,586,Salaried,392613,3,Approved
38,72795,709,Self-Employed,752014,10,Rejected
37,126139,580,Self-Employed,936206,10,Rejected
32,121845,821,Salaried,950287,3,Approved
26,67986,838,Salaried,912621,5,Rejected
46,93396,689,Salaried,309553,3,Approved
47,73178,847,Salaried,304044,3,Approved
28,28745,732,Salaried,428108,7,Approved
39,97637,668,Salaried,569817,10,Rejected
21,66566,750,Salaried,720660,5,Approved
49,61722,667,Self-Employed,472448,7,Approved
55,104623,730,Salaried,190920,15,Approved
60,129074,649,Salaried,249718,7,Approved
34,92974,651,Salaried,939377,7,Approved
55,102084,537,Self-Employed,266421,5,Rejected
40,135353,796,Self-Employed,505433,3,Approved
33,122417,774,Salaried,581464,5,Approved
58,86099,604,Self-Employed,648203,10,Approved
28,43107,847,Self-Employed,95663,15,Approved
40,71839,561,Unemployed,843220,15,Rejected
53,107241,515,Salaried,243186,15,Approved
46,41397,849,Salaried,318426,10,Approved
59,25704,649,Salaried,306297,3,Rejected
41,34442,641,Salaried,567199,5,Approved
29,147576,615,Self-Employed,948650,3,Rejected
44,27765,811,Salaried,317519,3,Approved
57,133828,564,Self-Employed,213475,5,Approved
37,28002,809,Salaried,330754,10,Approved
44,29390,693,Salaried,297040,5,Approved
41,24641,841,Unemployed,300073,15,Approved
59,129119,660,Unemployed,168781,10,Approved
59,33624,805,Self-Employed,699482,2,Approved
33,27966,777,Salaried,182412,2,Approved
31,89301,795,Unemployed,566686,2,Approved
39,133123,538,Salaried,222710,15,Approved
31,96183,668,Self-Employed,812471,7,Approved
33,22959,567,Salaried,385663,10,Rejected
21,68802,506,Self-Employed,943777,10,Rejected
60,142125,584,Self-Employed,491627,5,Rejected
39,141795,698,Self-Employed,344232,10,Approved
32,45215,631,Self-Employed,161318,5,Approved
28,73046,575,Unemployed,732720,7,Rejected
28,112593,749,Salaried,124063,5,Approved
32,97036,846,Self-Employed,403059,2,Approved
53,127864,708,Salaried,898726,5,Approved
46,138333,583,Salaried,358805,5,Approved
59,34772,722,Self-Employed,648378,5,Rejected
48,69943,752,Self-Employed,811303,10,Rejected
25,86868,530,Salaried,985909,3,Rejected
28,67855,700,Salaried,96185,3,Approved
45,119124,551,Salaried,301973,15,Approved
47,75205,571,Self-Employed,118105,3,Rejected
43,43874,520,Salaried,401445,15,Rejected
50,149007,515,Salaried,929574,10,Rejected
43,19301,515,Salaried,490836,2,Rejected
40,76017,674,Salaried,323722,3,Approved
38,61319,811,Self-Employed,763608,3,Approved
38,40455,837,Unemployed,678646,7,Rejected
22,75033,577,Salaried,754240,15,Rejected
24,124924,739,Salaried,342346,15,Approved
50,50735,536,Self-Employed,835643,7,Approved
53,90781,731,Self-Employed,916395,2,Approved
56,144031,712,Salaried,74381,5,Approved
38,146305,692,Salaried,768680,5,Approved
57,126049,559,Unemployed,480442,7,Rejected
39,23630,688,Self-Employed,396149,7,Approved
48,83488,766,Unemployed,440874,2,Approved
60,74289,625,Salaried,724455,2,Approved
40,36953,702,Self-Employed,613903,10,Approved
53,118932,821,Self-Employed,496072,5,Approved
32,96930,531,Self-Employed,212282,10,Approved
35,19067,811,Unemployed,580090,3,Approved
59,68658,760,Salaried,939965,15,Approved
22,70165,845,Self-Employed,164831,15,Approved
49,98781,593,Salaried,323985,2,Rejected
30,47164,827,Self-Employed,786065,5,Approved
22,122946,599,Self-Employed,413716,5,Approved
31,145580,784,Self-Employed,288637,10,Approved
33,117251,814,Salaried,114660,7,Approved
30,38773,524,Salaried,948619,7,Rejected
34,51939,616,Salaried,412633,2,Approved
38,116475,698,Salaried,68921,15,Approved
29,30818,778,Salaried,449961,7,Approved
59,27335,569,Unemployed,867875,3,Rejected
48,73008,834,Salaried,327160,5,Approved
23,89745,578,Salaried,128755,7,Approved
40,21577,513,Self-Employed,949696,2,Rejected
26,91916,528,Self-Employed,603300,3,Rejected
47,77314,643,Salaried,661905,15,Rejected
22,59205,842,Salaried,771197,15,Approved
49,131583,509,Salaried,199621,10,Approved
58,102715,546,Salaried,674352,10,Rejected
23,74680,759,Self-Employed,127974,3,Approved
36,46400,511,Self-Employed,776182,2,Rejected
50,125345,797,Self-Employed,216494,10,Approved
60,105110,725,Self-Employed,333395,5,Approved
22,138120,759,Self-Employed,829688,15,Approved
37,46562,583,Unemployed,473682,15,Approved
32,36510,847,Self-Employed,87860,5,Approved
55,79608,847,Salaried,449796,15,Approved
21,70182,505,Salaried,263623,15,Rejected
35,44883,746,Salaried,360345,15,Approved
46,29094,534,Self-Employed,652207,2,Rejected
57,30644,674,Self-Employed,668787,2,Approved
41,103834,564,Salaried,458752,5,Approved
51,126982,646,Self-Employed,805738,2,Approved
45,70748,556,Salaried,119936,3,Approved
43,77021,692,Unemployed,101922,2,Approved
44,80651,512,Salaried,814773,15,Rejected
58,54807,517,Salaried,337488,5,Approved
48,46669,745,Salaried,960297,7,Approved
41,44539,662,Salaried,687869,2,Approved
38,35745,842,Salaried,213645,10,Approved
56,52555,613,Self-Employed,74780,3,Approved
55,50683,781,Salaried,894642,3,Approved
29,43741,732,Self-Employed,759622,3,Approved
58,21599,665,Salaried,765329,10,Approved
50,146513,821,Salaried,574949,10,Approved
54,45293,525,Self-Employed,902646,3,Rejected
52,33389,625,Salaried,252971,3,Approved
23,30318,812,Salaried,738427,3,Approved
23,21055,780,Salaried,790042,2,Approved
48,139164,785,Salaried,541759,15,Approved
35,100579,782,Salaried,631434,10,Approved
43,122817,638,Salaried,102452,5,Approved
60,22642,600,Salaried,356649,15,Approved
31,27321,510,Salaried,466923,2,Rejected
52,97968,715,Self-Employed,953385,5,Approved
56,120770,529,Salaried,797984,2,Rejected
53,127762,593,Unemployed,152594,2,Approved
44,132183,615,Salaried,801885,5,Rejected
59,135159,770,Self-Employed,55647,3,Approved
54,43727,790,Self-Employed,195136,15,Approved
48,91820,538,Salaried,107083,5,Approved
57,127062,523,Unemployed,679298,7,Rejected
27,45476,763,Salaried,499051,10,Approved
24,138355,542,Salaried,998699,7,Approved
57,88047,669,Salaried,292228,15,Approved
21,21881,839,Unemployed,603267,2,Approved
21,33668,668,Self-Employed,220611,5,Rejected
40,46106,802,Salaried,238824,3,Approved
39,33729,525,Salaried,205064,15,Rejected
49,147354,679,Salaried,869720,3,Approved
30,88320,649,Salaried,186714,7,Approved
38,72913,632,Salaried,240948,7,Approved
48,77402,642,Salaried,358842,2,Rejected
55,139649,663,Salaried,53884,10,Approved
51,121930,600,Unemployed,952996,2,Rejected
47,77739,562,Salaried,753745,15,Approved
31,22507,592,Self-Employed,871941,3,Rejected
58,120552,706,Salaried,81649,15,Approved
25,97059,810,Unemployed,479516,5,Approved
28,148514,571,Salaried,932500,7,Rejected
54,105680,559,Salaried,411098,3,Approved
32,43530,528,Self-Employed,847468,2,Rejected
58,33305,518,Self-Employed,510910,10,Rejected
21,127097,572,Salaried,134571,5,Approved
51,70044,745,Salaried,814123,10,Approved
24,148436,812,Self-Employed,780116,2,Approved
25,107363,823,Salaried,584035,2,Approved
50,76817,586,Self-Employed,620980,3,Rejected
44,121038,682,Salaried,483446,5,Approved
23,64666,696,Salaried,106777,15,Approved
31,36909,743,Salaried,309999,2,Approved
24,40525,827,Salaried,636396,3,Approved
46,130293,617,Self-Employed,533265,2,Approved
47,119046,581,Salaried,483022,3,Approved
47,55403,746,Salaried,943440,10,Rejected
26,149605,733,Salaried,362531,3,Approved
35,41504,652,Salaried,787398,15,Rejected
50,128551,771,Salaried,767184,10,Approved
57,73715,534,Salaried,820307,7,Rejected
57,54855,712,Self-Employed,710878,2,Rejected
57,59721,710,Unemployed,318421,7,Approved
55,129597,638,Self-Employed,125877,5,Approved
43,118659,688,Salaried,953552,7,Rejected
26,52723,799,Self-Employed,73613,3,Approved
24,23539,751,Unemployed,182031,3,Approved
38,134360,649,Salaried,888532,5,Rejected
29,119140,840,Self-Employed,492933,5,Approved
49,87180,718,Self-Employed,973440,2,Approved
33,134985,581,Self-Employed,996182,3,Approved
37,103981,689,Self-Employed,259763,5,Approved
52,53934,733,Self-Employed,204114,15,Approved
42,149255,675,Self-Employed,192714,7,Approved
24,27475,731,Self-Employed,681228,3,Approved
25,77577,562,Salaried,302238,15,Rejected
57,44008,736,Self-Employed,69923,5,Approved
33,60756,532,Salaried,262904,2,Approved
54,98730,712,Self-Employed,757220,15,Rejected
42,100702,559,Salaried,265327,10,Approved
43,64840,501,Salaried,59227,3,Rejected
23,56623,556,Self-Employed,642868,3,Rejected
54,81303,800,Self-Employed,950199,3,Approved
52,64062,786,Salaried,958910,3,Approved
41,74690,637,Salaried,673878,10,Approved
41,116980,778,Unemployed,387330,10,Approved
31,63266,713,Salaried,191484,15,Approved
59,105643,738,Salaried,674222,15,Approved
24,76704,784,Self-Employed,474256,2,Approved
21,135374,530,Self-Employed,922379,3,Rejected
48,26382,705,Self-Employed,229914,5,Approved
44,107609,773,Self-Employed,855932,7,Approved
55,64698,510,Self-Employed,481649,3,Rejected
33,19110,546,Unemployed,261154,15,Rejected
54,133266,502,Self-Employed,143066,10,Approved
31,149458,629,Salaried,849456,2,Rejected
56,65801,571,Salaried,341232,3,Rejected
37,132012,658,Self-Employed,728188,2,Rejected
55,114085,629,Salaried,218039,5,Approved
38,49566,521,Salaried,694058,5,Approved
60,41798,634,Salaried,255020,5,Approved
42,41027,519,Self-Employed,492701,5,Approved
44,23631,719,Salaried,701681,7,Rejected
39,74878,832,Self-Employed,568778,2,Approved
57,63206,629,Self-Employed,555316,3,Approved
59,121473,531,Salaried,92440,7,Approved
41,76334,589,Salaried,673027,3,Rejected
28,90323,758,Salaried,822489,10,Approved
48,71619,797,Salaried,925229,15,Approved
25,121536,832,Self-Employed,770938,7,Approved
37,24734,748,Self-Employed,752673,15,Approved
57,57008,672,Salaried,178848,7,Approved
56,67349,546,Salaried,67349,15,Rejected
39,142478,696,Self-Employed,799578,15,Approved
47,74614,533,Salaried,443431,10,Rejected
54,21692,753,Salaried,978931,15,Rejected
31,144745,747,Salaried,594992,7,Approved
32,38373,541,Self-Employed,997936,15,Rejected
41,130413,788,Self-Employed,702533,2,Approved
31,32507,622,Unemployed,183777,15,Approved
59,80931,526,Salaried,393742,5,Rejected
48,93499,558,Salaried,353876,15,Approved
25,132362,646,Self-Employed,559726,3,Rejected
37,115449,614,Self-Employed,201567,10,Rejected
40,114819,698,Salaried,704529,5,Approved
32,57423,627,Salaried,276312,7,Rejected
26,121612,652,Salaried,605521,2,Approved
37,104120,770,Self-Employed,171124,15,Approved
39,135409,838,Salaried,143267,15,Approved
46,108918,582,Unemployed,910090,7,Rejected
52,84600,522,Salaried,700448,10,Rejected
26,59848,510,Salaried,648073,7,Rejected
56,24820,686,Salaried,210728,2,Approved
58,26512,615,Salaried,186018,15,Approved
31,69534,661,Self-Employed,997711,7,Rejected
53,143191,602,Self-Employed,54743,7,Approved
44,78945,742,Salaried,985731,15,Approved
43,101420,506,Salaried,432282,7,Approved
35,101488,671,Self-Employed,99612,15,Rejected
47,27711,755,Salaried,911128,7,Rejected
31,104009,746,Salaried,344212,2,Approved
37,27597,691,Salaried,981025,3,Rejected
34,78067,613,Salaried,188364,5,Approved
47,66022,522,Salaried,568835,10,Rejected
38,130673,813,Salaried,844061,3,Approved
48,69782,775,Salaried,181361,2,Approved
24,128716,635,Unemployed,143397,10,Approved
27,136030,694,Salaried,65791,10,Approved
55,90036,757,Salaried,223152,15,Approved
29,53342,777,Self-Employed,114407,15,Approved
28,103745,569,Salaried,924744,7,Rejected
37,75396,535,Salaried,213318,5,Approved
37,132836,607,Salaried,599596,15,Rejected
53,124998,523,Unemployed,433500,5,Rejected
52,68021,639,Salaried,201032,2,Approved
28,148672,521,Unemployed,959105,15,Rejected
39,136559,838,Self-Employed,130986,3,Approved
58,84836,828,Self-Employed,679440,7,Approved
23,95017,703,Self-Employed,774678,5,Approved
25,120689,723,Salaried,482899,7,Approved
33,98291,722,Salaried,226703,3,Approved
51,108450,580,Salaried,579225,10,Rejected
36,74006,829,Salaried,388663,3,Approved
52,122268,690,Unemployed,801330,10,Approved
42,68138,785,Salaried,191302,3,Approved
49,80398,646,Salaried,146422,7,Approved
42,75228,781,Self-Employed,606282,3,Approved
23,80670,510,Unemployed,717070,15,Rejected
30,143613,775,Unemployed,292873,5,Approved
41,120071,555,Self-Employed,441416,5,Rejected
36,128572,672,Salaried,307807,2,Approved
32,21107,802,Salaried,529194,15,Approved
22,104388,703,Salaried,618765,5,Approved
44,113719,844,Salaried,868313,5,Approved
55,136018,747,Salaried,298637,10,Approved
50,45617,813,Unemployed,697110,15,Approved
50,92258,765,Unemployed,239483,7,Approved
55,68075,521,Self-Employed,441085,7,Approved
39,144998,826,Self-Employed,578725,10,Approved
28,40631,523,Salaried,643744,5,Rejected
46,141120,693,Salaried,572440,3,Approved
60,115158,595,Unemployed,720073,10,Rejected
27,64221,762,Salaried,378807,7,Approved
50,123922,571,Self-Employed,367897,2,Rejected
27,51550,742,Salaried,299827,7,Approved
23,32642,537,Self-Employed,911150,3,Rejected
21,124093,588,Self-Employed,397550,7,Approved
56,111885,527,Self-Employed,638676,10,Approved
45,97538,591,Salaried,611783,2,Rejected
57,80014,553,Salaried,186581,7,Approved
21,37523,658,Salaried,252089,10,Approved
35,128285,727,Salaried,207105,10,Approved
57,123879,540,Self-Employed,217294,10,Approved
33,108629,536,Self-Employed,886635,2,Rejected
60,94830,624,Salaried,270266,10,Approved
28,63538,678,Salaried,866919,2,Rejected
25,65310,831,Self-Employed,244500,15,Approved
29,133266,536,Salaried,691563,3,Approved
21,30699,600,Salaried,725001,3,Approved
56,84912,530,Salaried,805906,3,Rejected
55,97183,689,Salaried,245729,15,Approved
22,78282,645,Salaried,54867,10,Approved
60,76249,589,Salaried,648887,2,Approved
43,56176,505,Self-Employed,630272,15,Rejected
29,26163,638,Self-Employed,263119,3,Rejected
54,72210,594,Salaried,992185,5,Rejected
34,141844,618,Salaried,97455,3,Approved
24,122587,619,Self-Employed,542926,10,Approved
50,89979,622,Self-Employed,373282,15,Approved
51,96860,784,Salaried,692396,5,Approved
58,22920,678,Salaried,989488,15,Approved
31,100911,824,Salaried,507537,7,Approved
55,55996,506,Salaried,535689,5,Rejected
28,112071,811,Unemployed,487770,7,Rejected
23,65252,626,Salaried,131774,5,Approved
34,140734,576,Self-Employed,320326,2,Approved
33,70756,733,Salaried,934704,5,Rejected
52,68235,817,Unemployed,321336,3,Approved
54,108546,573,Salaried,127159,7,Approved
39,149092,770,Salaried,614544,7,Approved
58,143802,808,Salaried,783567,15,Approved
36,126421,619,Salaried,841529,3,Approved
22,84635,534,Salaried,217952,2,Approved
60,41225,706,Salaried,690369,5,Approved
37,124885,769,Salaried,903839,2,Rejected
54,103333,592,Salaried,460689,3,Rejected
36,28807,676,Salaried,128709,5,Approved
58,24402,773,Self-Employed,210880,3,Approved
22,22521,678,Salaried,721363,7,Approved
22,132693,628,Self-Employed,776431,7,Rejected
46,26382,624,Unemployed,955286,7,Rejected
33,128996,526,Self-Employed,228076,10,Rejected
51,33065,563,Salaried,339852,10,Approved
54,103470,559,Salaried,87307,7,Approved
59,32425,718,Salaried,249923,10,Rejected
23,31111,716,Salaried,758404,10,Approved
28,71257,668,Salaried,93524,15,Approved
43,141990,648,Salaried,903361,3,Approved
34,145813,769,Salaried,900236,15,Approved
47,99046,615,Salaried,339812,5,Approved
49,55851,744,Salaried,585225,7,Approved
59,26816,647,Salaried,67104,15,Approved
59,20175,591,Salaried,578614,15,Approved
21,29341,584,Salaried,643421,10,Rejected
37,81908,586,Salaried,612015,3,Approved
50,77696,619,Self-Employed,352670,3,Approved
33,101115,839,Self-Employed,794916,15,Approved
41,48194,523,Salaried,78341,5,Approved
39,102358,588,Self-Employed,896925,3,Rejected
39,120548,536,Salaried,774776,2,Rejected
45,52579,841,Salaried,639583,2,Approved
42,114554,770,Salaried,783746,7,Approved
51,71294,511,Self-Employed,202320,15,Approved
37,67777,594,Salaried,261751,5,Approved
43,58751,530,Salaried,204129,15,Rejected
52,126750,849,Salaried,779377,2,Approved
30,92180,732,Unemployed,423977,5,Rejected
30,49644,839,Salaried,869132,7,Approved
56,51521,827,Salaried,842675,3,Approved
28,29564,799,Salaried,89060,3,Approved
40,123155,785,Self-Employed,131280,3,Approved
52,106747,534,Salaried,442346,2,Rejected
34,29202,520,Self-Employed,291586,5,Approved
48,127407,610,Salaried,74970,2,Approved
44,108197,818,Salaried,574663,10,Approved
35,60637,847,Salaried,547765,5,Approved
42,42276,644,Salaried,940482,7,Approved
50,98946,511,Self-Employed,464477,2,Rejected
24,93214,743,Self-Employed,723883,3,Approved
33,59230,645,Unemployed,789254,3,Rejected
43,142086,738,Self-Employed,748778,3,Approved
28,147526,591,Salaried,251109,2,Approved
38,53059,815,Self-Employed,269156,2,Approved
32,19532,822,Self-Employed,486855,3,Approved
51,120666,614,Salaried,571623,3,Approved
34,99551,514,Salaried,727906,3,Approved
54,89880,771,Salaried,227687,10,Approved
38,124734,521,Salaried,569705,2,Rejected
54,131997,617,Salaried,666600,3,Approved
31,70168,594,Unemployed,473787,7,Rejected
32,131123,756,Self-Employed,140524,3,Approved
35,105897,830,Salaried,187417,2,Approved
51,122599,761,Salaried,498498,7,Approved
49,97239,586,Salaried,392154,15,Approved
46,36642,817,Salaried,899687,15,Approved
38,124862,557,Salaried,88923,15,Rejected
52,54509,729,Self-Employed,924630,2,Approved
42,97417,607,Unemployed,589559,2,Rejected
58,67237,518,Salaried,441248,2,Approved
37,81176,640,Salaried,985266,5,Approved
43,146633,659,Salaried,427925,7,Approved
44,97865,599,Salaried,817179,10,Rejected
28,135181,764,Salaried,112030,10,Approved
26,80059,737,Self-Employed,597807,5,Approved
25,67150,737,Unemployed,278630,2,Approved
49,106367,548,Unemployed,443926,10,Rejected
48,59091,664,Self-Employed,78026,7,Approved
31,18903,786,Unemployed,663669,3,Rejected
21,72235,558,Unemployed,954606,7,Rejected
39,73342,682,Self-Employed,579180,2,Approved
29,53572,646,Salaried,430331,7,Rejected
47,35610,800,Salaried,610283,15,Approved
54,52052,595,Salaried,829851,2,Rejected
24,116993,542,Salaried,198186,7,Rejected
56,105063,756,Self-Employed,440979,5,Approved
38,115540,712,Salaried,662628,7,Approved
35,71533,688,Salaried,942168,15,Approved
33,141989,630,Salaried,812465,10,Approved
39,138388,846,Salaried,699508,3,Approved
26,46702,799,Salaried,592139,5,Approved
32,141482,788,Salaried,870758,7,Approved
57,26631,636,Salaried,617767,2,Rejected
37,105388,529,Salaried,350169,5,Rejected
43,142798,645,Salaried,525365,10,Approved
46,88043,811,Salaried,859797,3,Approved
49,53764,604,Self-Employed,121060,15,Approved
53,147014,786,Salaried,947380,3,Approved
47,131076,690,Salaried,904842,7,Rejected
45,117007,677,Self-Employed,560996,15,Rejected
30,42940,844,Salaried,680613,10,Approved
43,125418,738,Salaried,825778,10,Approved
41,89792,500,Unemployed,438670,3,Rejected
41,26367,609,Salaried,122493,3,Approved
33,129764,837,Salaried,593364,10,Approved
57,26573,774,Self-Employed,275806,3,Approved
53,33582,733,Unemployed,585549,2,Approved
44,83296,563,Salaried,505278,3,Approved
31,83841,743,Self-Employed,994978,2,Rejected
37,39881,552,Self-Employed,798879,15,Rejected
24,88233,761,Salaried,914679,3,Approved
45,83285,516,Self-Employed,875966,5,Approved
50,77547,801,Salaried,584378,5,Rejected
29,25933,733,Salaried,244390,15,Rejected
41,101385,572,Self-Employed,869203,15,Rejected
40,116706,590,Salaried,652580,5,Approved
39,102590,505,Self-Employed,906727,15,Rejected
39,124399,697,Self-Employed,930169,2,Rejected
32,77145,695,Unemployed,822982,2,Approved
57,75520,795,Salaried,572089,7,Approved
37,22544,846,Salaried,974865,7,Approved
57,72812,821,Self-Employed,363703,3,Approved
59,137090,636,Salaried,183639,2,Rejected
48,117054,766,Salaried,763800,5,Rejected
55,118834,615,Self-Employed,912145,5,Rejected
38,58002,542,Salaried,85917,5,Approved
34,149583,730,Salaried,729571,3,Approved
55,130850,557,Salaried,541329,2,Approved
27,148011,705,Salaried,818067,15,Rejected
33,139548,793,Salaried,293554,3,Approved
38,49786,593,Salaried,679430,15,Rejected
57,54244,535,Salaried,400292,10,Approved
33,85261,729,Self-Employed,137535,10,Approved
56,36477,726,Salaried,172958,7,Approved
51,26496,682,Self-Employed,993654,15,Rejected
22,138522,761,Salaried,696449,2,Approved
36,38724,630,Self-Employed,838037,15,Rejected
29,48416,564,Unemployed,947179,15,Rejected
29,53575,685,Salaried,122820,5,Approved
58,94614,616,Self-Employed,759487,2,Approved
31,111566,685,Salaried,366865,15,Approved
42,145192,773,Salaried,754539,15,Approved
53,37359,650,Self-Employed,292273,15,Approved
56,61634,650,Self-Employed,882461,7,Rejected
43,135255,535,Salaried,329880,5,Rejected
54,60864,825,Unemployed,184806,3,Approved
29,112482,594,Salaried,319675,5,Approved
44,55355,633,Self-Employed,869618,15,Approved
28,55690,661,Salaried,881509,15,Approved
27,74630,543,Self-Employed,353364,10,Approved
56,39658,799,Salaried,134027,3,Approved
38,33797,782,Unemployed,225016,15,Approved
23,76799,739,Self-Employed,506092,5,Approved
48,136301,551,Salaried,646130,3,Approved
26,70236,780,Self-Employed,360385,10,Approved
41,24265,573,Self-Employed,709651,10,Approved
48,143611,794,Salaried,130496,2,Approved
60,139754,737,Salaried,911064,15,Approved
21,109426,666,Salaried,936962,10,Rejected
56,127681,639,Salaried,569949,10,Approved
41,61826,638,Salaried,876860,10,Rejected
55,73597,734,Salaried,586900,15,Approved
33,115375,502,Salaried,556225,7,Approved
30,35084,755,Salaried,238983,10,Approved
30,107447,777,Unemployed,555710,2,Approved
33,22383,503,Self-Employed,835754,3,Rejected
57,110313,769,Self-Employed,263770,7,Approved
58,52361,711,Salaried,370413,3,Approved
44,98294,715,Salaried,531394,3,Approved
22,79331,769,Salaried,277684,2,Approved
42,113057,515,Self-Employed,733174,7,Rejected
37,139685,563,Salaried,630961,15,Rejected
56,114917,738,Salaried,785346,5,Approved
34,48932,515,Self-Employed,651495,10,Rejected
30,19908,551,Salaried,100767,3,Approved
55,48412,518,Self-Employed,510601,3,Rejected
45,146319,824,Self-Employed,884333,2,Rejected
23,101710,592,Salaried,871143,15,Rejected
58,20928,760,Unemployed,887954,2,Rejected
37,83158,797,Salaried,156537,2,Approved
32,50309,516,Unemployed,833819,7,Rejected
44,27280,610,Salaried,298950,15,Rejected
49,58449,827,Self-Employed,718221,10,Approved
45,44957,593,Self-Employed,336362,7,Rejected
56,88499,509,Salaried,772716,2,Approved
46,111057,711,Self-Employed,702737,2,Approved
58,128065,736,Unemployed,58632,15,Approved
21,92893,753,Unemployed,79884,15,Approved
40,43176,515,Self-Employed,621676,3,Approved
48,74967,643,Self-Employed,877495,7,Rejected
36,18987,541,Salaried,288024,7,Approved
37,114854,502,Self-Employed,181382,15,Rejected
60,44015,655,Self-Employed,871107,10,Rejected
48,130350,672,Self-Employed,584187,7,Approved
32,84404,523,Self-Employed,428523,15,Rejected
47,134751,774,Salaried,155636,10,Approved
50,146807,574,Salaried,578790,5,Approved
54,66231,539,Salaried,552604,15,Approved
57,46305,801,Salaried,984468,10,Approved
26,72306,539,Salaried,363311,2,Approved
27,139139,561,Self-Employed,964489,5,Rejected
52,36318,737,Salaried,384542,3,Approved
52,39584,744,Salaried,840487,3,Rejected
45,33169,517,Salaried,199316,3,Approved
53,43968,639,Salaried,61876,2,Approved
27,140684,581,Salaried,155722,15,Rejected
32,133391,688,Self-Employed,733167,3,Approved
36,43444,607,Salaried,435210,10,Approved
36,124081,733,Salaried,511695,15,Approved
56,80497,767,Unemployed,324363,2,Approved
33,23362,603,Salaried,682406,7,Approved
27,117254,633,Self-Employed,833857,2,Rejected
56,86354,843,Unemployed,470169,2,Approved
29,54368,532,Salaried,498860,7,Rejected
52,62109,736,Salaried,728387,10,Approved
31,45426,835,Salaried,827882,5,Approved
28,135632,677,Salaried,199346,7,Approved
53,130637,511,Salaried,406841,2,Rejected
43,57023,850,Salaried,884540,3,Approved
45,140268,728,Salaried,124007,7,Approved
28,127211,808,Self-Employed,870054,7,Approved
42,112897,768,Salaried,932498,5,Approved
24,97777,630,Self-Employed,251891,2,Approved
60,62858,748,Self-Employed,603964,3,Approved
23,108042,557,Salaried,328925,3,Rejected
49,101098,503,Salaried,917395,5,Approved
49,38239,735,Salaried,996603,15,Approved
54,128951,672,Self-Employed,53503,3,Approved
54,59291,821,Salaried,344761,10,Approved
48,56805,535,Self-Employed,726214,7,Rejected
33,116831,778,Self-Employed,389743,7,Approved
35,27290,736,Self-Employed,991047,3,Approved
43,149283,774,Salaried,889379,3,Approved
46,101634,795,Salaried,83399,3,Approved
24,37072,827,Salaried,131808,7,Approved
46,61290,557,Salaried,692012,3,Approved
60,103186,517,Salaried,62984,10,Approved
29,33115,535,Self-Employed,637174,10,Rejected
25,23149,628,Unemployed,50927,7,Approved
52,59992,500,Salaried,768787,15,Rejected
40,35716,563,Salaried,895803,2,Rejected
31,115724,561,Salaried,836409,2,Rejected
35,31621,830,Self-Employed,666065,2,Approved
52,131065,645,Salaried,156573,10,Approved
48,48399,771,Salaried,546103,5,Approved
42,137374,516,Salaried,667641,2,Rejected
37,61098,779,Self-Employed,198517,5,Approved
46,63511,597,Salaried,941446,7,Approved
27,71243,726,Salaried,982790,10,Approved
46,133131,742,Salaried,249969,15,Approved
45,46750,700,Salaried,802173,2,Approved
30,73398,678,Salaried,668666,10,Approved
39,62345,769,Self-Employed,333265,7,Approved
31,111430,733,Self-Employed,362995,10,Approved
33,132921,611,Salaried,514453,3,Approved
28,109729,565,Self-Employed,164979,2,Approved
60,69843,837,Salaried,563941,10,Approved
24,149458,848,Unemployed,66964,15,Approved
51,82334,744,Unemployed,537845,10,Approved
48,85170,744,Salaried,54200,10,Rejected
31,58878,571,Salaried,277893,7,Rejected
21,108352,548,Salaried,771775,2,Rejected
58,36383,845,Self-Employed,933562,15,Approved
44,60889,689,Unemployed,191559,2,Approved
51,32633,792,Salaried,188142,3,Approved
46,80244,676,Self-Employed,515204,3,Approved
25,147177,660,Self-Employed,995524,10,Approved
40,101597,649,Salaried,960441,2,Approved
31,33115,569,Salaried,645804,2,Rejected
53,93379,532,Salaried,820362,10,Rejected
58,57979,783,Self-Employed,938661,5,Approved
47,87377,843,Self-Employed,618240,2,Approved
54,24416,759,Unemployed,789866,10,Approved
35,146785,821,Unemployed,248727,10,Approved
52,149666,576,Salaried,533705,5,Approved
41,148364,609,Salaried,112959,3,Approved
25,115507,804,Self-Employed,958472,15,Rejected
26,136243,638,Self-Employed,992213,10,Approved
58,121070,534,Self-Employed,643069,2,Rejected
42,54126,734,Salaried,600680,3,Approved
38,98382,829,Self-Employed,87256,3,Approved
34,36228,699,Salaried,151439,3,Approved
30,42009,824,Salaried,343859,10,Approved
33,18094,650,Salaried,693486,2,Approved
51,98636,533,Self-Employed,580834,15,Rejected
50,116453,623,Salaried,968640,5,Rejected
23,72486,531,Unemployed,662416,7,Rejected
50,108510,771,Self-Employed,199207,7,Approved
26,38860,823,Salaried,775857,3,Approved
49,90812,809,Salaried,351456,7,Approved
28,84087,623,Salaried,567602,7,Approved
53,67607,815,Salaried,129756,10,Approved
37,124664,577,Salaried,534666,5,Rejected
31,36330,575,Self-Employed,851880,7,Approved
33,138803,559,Salaried,425542,15,Rejected
31,61336,584,Salaried,355995,15,Approved
51,26070,579,Salaried,130532,5,Approved
48,19320,671,Salaried,613556,7,Rejected
26,107043,757,Unemployed,874173,15,Rejected
36,56921,778,Salaried,305936,3,Approved
24,24589,720,Self-Employed,722495,3,Approved
55,110995,545,Salaried,282965,15,Rejected
46,33589,572,Salaried,50748,5,Approved
32,54375,553,Salaried,656474,5,Rejected
31,61085,826,Self-Employed,967327,5,Approved
57,78840,720,Salaried,160997,5,Approved
45,116704,836,Salaried,92148,2,Approved
38,115047,508,Self-Employed,72297,3,Approved
39,48982,825,Salaried,637448,7,Approved
43,77720,671,Salaried,613865,2,Approved
58,46514,583,Salaried,364516,5,Approved
38,94034,829,Salaried,834568,7,Approved
46,116388,828,Unemployed,366825,3,Approved
26,62845,511,Salaried,470622,5,Rejected
24,128853,531,Salaried,722446,10,Approved
49,126417,838,Unemployed,59890,5,Approved
54,131436,788,Unemployed,949978,7,Approved
37,39159,819,Salaried,82968,3,Approved
36,107788,803,Self-Employed,733734,5,Approved
22,42003,771,Salaried,197267,3,Approved
54,123722,677,Self-Employed,559917,2,Approved
28,53139,613,Salaried,97323,10,Approved
33,70452,525,Salaried,390824,15,Rejected
28,40205,736,Salaried,479525,15,Approved
50,74955,809,Unemployed,122691,2,Approved
52,25464,671,Salaried,912169,15,Approved
56,27840,732,Salaried,184577,10,Approved
50,58768,536,Self-Employed,634732,2,Approved
21,38927,764,Self-Employed,217999,3,Approved
59,116622,512,Self-Employed,581368,3,Rejected
37,33329,815,Self-Employed,980911,2,Approved
40,33791,605,Self-Employed,733673,7,Rejected
44,70627,625,Salaried,793963,2,Rejected
42,146885,835,Salaried,122189,5,Approved
49,127554,629,Salaried,374947,7,Approved
42,148436,815,Unemployed,698879,3,Approved
29,105073,755,Salaried,535057,2,Approved
57,52370,614,Salaried,700518,7,Rejected
30,69408,798,Self-Employed,95094,5,Approved
56,108941,623,Salaried,197524,10,Approved
57,53416,755,Salaried,545892,3,Approved
48,90439,638,Self-Employed,847815,7,Approved
48,36242,705,Salaried,501669,15,Approved
41,97324,546,Self-Employed,367616,7,Rejected
44,53249,716,Salaried,446234,15,Approved
60,118124,818,Salaried,52653,7,Approved
22,113049,849,Unemployed,292779,2,Approved
28,103078,622,Salaried,571635,3,Approved
47,50294,530,Salaried,375712,3,Rejected
42,107627,554,Self-Employed,74916,2,Rejected
57,108381,652,Salaried,976116,2,Approved
47,108027,785,Salaried,920627,15,Approved
49,88366,535,Salaried,543438,15,Approved
23,112176,805,Salaried,673064,15,Approved
33,137667,784,Salaried,289703,2,Approved
30,90870,755,Self-Employed,250029,5,Approved
56,65387,677,Salaried,917967,7,Rejected
29,27304,535,Salaried,465529,5,Approved
47,35032,753,Salaried,424973,3,Approved
54,109291,661,Salaried,685746,2,Approved
21,130889,520,Salaried,831268,7,Rejected
52,77486,793,Salaried,177956,15,Approved
45,83552,574,Unemployed,785367,10,Rejected
49,57244,706,Salaried,819348,7,Approved
27,68697,677,Salaried,215927,10,Approved
23,144031,536,Salaried,614873,7,Approved
40,20693,619,Self-Employed,733294,2,Rejected
40,99098,617,Unemployed,336713,10,Approved
50,24259,500,Unemployed,549967,10,Rejected
55,137746,708,Salaried,463469,3,Approved
55,125772,810,Salaried,409346,7,Approved
59,135928,707,Salaried,104868,5,Approved
47,65419,653,Salaried,993523,15,Rejected
46,120092,749,Self-Employed,582284,5,Rejected
34,74105,670,Salaried,342581,3,Approved
37,41404,814,Self-Employed,901234,3,Approved
38,90656,806,Unemployed,331915,3,Approved
49,118965,606,Salaried,764527,2,Approved
40,74332,642,Self-Employed,624297,2,Approved
47,121182,507,Salaried,443347,2,Rejected
38,129395,593,Salaried,563626,2,Approved
24,120619,596,Salaried,593587,3,Approved
21,126269,506,Salaried,259636,3,Approved
21,91844,773,Salaried,298346,2,Approved
46,142983,511,Salaried,544894,2,Approved
40,52142,501,Self-Employed,608981,10,Rejected
43,127699,848,Salaried,740129,7,Approved
30,114226,506,Self-Employed,447593,10,Approved
31,25393,511,Self-Employed,859451,7,Rejected
25,120281,839,Self-Employed,732263,2,Approved
21,27388,556,Salaried,586051,2,Approved
37,80969,577,Salaried,303126,15,Rejected
42,54660,573,Self-Employed,55494,2,Rejected
54,107244,732,Self-Employed,323707,10,Approved
49,97544,778,Salaried,276188,3,Rejected
24,149183,529,Self-Employed,607721,7,Rejected
25,133370,813,Salaried,342138,15,Approved
31,35545,594,Self-Employed,400762,10,Rejected
41,105346,807,Salaried,432273,15,Approved
55,35809,555,Salaried,374717,2,Rejected
32,45967,509,Salaried,330174,3,Approved
46,41424,646,Salaried,914726,10,Approved
39,126411,586,Salaried,374096,7,Approved
27,88069,752,Unemployed,575451,15,Rejected
27,107119,686,Salaried,249533,15,Approved
46,55049,732,Salaried,73217,15,Approved
60,45821,752,Self-Employed,540420,2,Approved
25,113797,723,Self-Employed,991559,7,Approved
41,95734,839,Salaried,392075,15,Approved
34,115445,503,Self-Employed,391174,2,Approved
24,21830,611,Salaried,996594,2,Rejected
43,104940,692,Salaried,612108,5,Rejected
40,81867,640,Self-Employed,416361,7,Approved
35,50419,822,Unemployed,324334,3,Approved
49,34668,639,Salaried,239240,2,Approved
28,42996,848,Salaried,882395,3,Approved
39,69312,594,Salaried,326356,10,Approved
59,28467,540,Salaried,540722,2,Approved
48,46702,501,Unemployed,365782,15,Rejected
47,112369,777,Self-Employed,221151,2,Approved
24,93569,649,Self-Employed,499247,15,Approved
35,71952,540,Salaried,783844,2,Rejected
55,52169,850,Salaried,82794,15,Approved
57,34829,615,Salaried,926263,3,Rejected
21,22522,619,Salaried,134590,5,Approved
23,103687,736,Self-Employed,776523,7,Rejected
44,138334,769,Salaried,835998,2,Approved
47,136576,848,Salaried,383590,7,Approved
60,135419,790,Self-Employed,361422,15,Approved
56,25699,508,Self-Employed,919831,7,Approved
54,86165,738,Salaried,175208,15,Approved
49,93692,617,Self-Employed,358618,7,Approved
44,35441,814,Salaried,205966,15,Approved
44,48716,811,Self-Employed,986376,3,Approved
24,80175,509,Salaried,804004,15,Rejected
23,24834,524,Salaried,357893,7,Approved
54,36179,672,Self-Employed,324550,10,Approved
43,44219,724,Salaried,906841,15,Rejected
43,121153,510,Salaried,392705,3,Approved
25,92967,600,Salaried,564760,3,Approved
51,120454,764,Salaried,996175,10,Approved
26,27496,826,Self-Employed,440511,5,Approved
57,64025,582,Salaried,947408,5,Rejected
30,77886,775,Salaried,908069,15,Approved
60,21712,844,Self-Employed,936341,2,Approved
27,112067,760,Salaried,399341,5,Approved
59,63489,720,Salaried,983686,2,Approved
58,50664,810,Salaried,833969,7,Approved
41,23315,718,Salaried,635813,2,Approved
40,93033,588,Salaried,244437,5,Approved
23,135862,514,Self-Employed,347320,2,Rejected
42,97030,745,Self-Employed,438077,3,Approved
24,81910,675,Self-Employed,446055,5,Approved
48,139075,503,Self-Employed,542628,2,Approved
32,73919,833,Unemployed,906422,5,Approved
58,145153,520,Unemployed,433702,10,Rejected
56,59598,707,Self-Employed,274388,5,Approved
25,86206,636,Self-Employed,719574,10,Approved
33,92900,821,Self-Employed,205010,2,Approved
43,44296,715,Salaried,667612,10,Approved
50,93577,616,Salaried,768773,5,Rejected
57,95173,678,Salaried,816398,3,Approved
45,82771,745,Unemployed,311195,10,Approved
47,95865,627,Self-Employed,215765,5,Approved
34,117074,577,Self-Employed,196529,3,Approved
56,54622,728,Salaried,88862,7,Approved
59,53886,792,Salaried,663841,15,Approved
36,74377,761,Salaried,796550,10,Approved
42,100910,581,Self-Employed,693376,10,Rejected
41,136992,841,Self-Employed,707336,2,Approved
41,34312,837,Self-Employed,831058,7,Approved
28,19436,806,Salaried,756594,2,Approved
36,45569,565,Salaried,571755,2,Rejected
51,134787,595,Salaried,799032,5,Rejected
30,108485,644,Salaried,323065,2,Approved
52,120555,564,Self-Employed,763867,10,Rejected
54,50646,508,Salaried,960326,2,Rejected
29,94126,685,Salaried,931280,3,Rejected
37,135922,657,Salaried,374707,10,Approved
31,58430,530,Salaried,605997,15,Rejected
52,140238,650,Salaried,315588,5,Approved
30,86659,818,Unemployed,869958,2,Approved
42,133341,741,Salaried,331622,3,Approved
37,22158,655,Self-Employed,113332,15,Approved
24,92236,558,Salaried,54379,3,Approved
45,94067,509,Self-Employed,721856,10,Rejected
41,27879,844,Salaried,363716,2,Approved
57,130284,623,Self-Employed,734228,3,Approved
58,102117,845,Salaried,55283,2,Approved
21,61888,781,Salaried,853637,10,Approved
45,48276,736,Salaried,538878,7,Approved
56,22799,832,Unemployed,293721,3,Approved
37,130529,516,Salaried,235988,5,Approved
44,142713,823,Self-Employed,781533,2,Approved
22,108141,522,Self-Employed,551911,15,Rejected
60,133013,508,Salaried,881678,10,Rejected
35,49668,706,Salaried,363115,10,Approved
52,90392,544,Salaried,541796,15,Rejected
59,34490,830,Salaried,97596,5,Approved
26,135219,526,Salaried,206914,7,Rejected
21,62104,687,Self-Employed,335159,2,Approved
43,23316,639,Self-Employed,205467,7,Rejected
59,56130,508,Self-Employed,525411,10,Rejected
37,125294,733,Salaried,826381,3,Approved
54,47954,591,Self-Employed,768450,7,Rejected
49,131437,576,Salaried,732847,3,Approved
29,81165,839,Salaried,993410,5,Approved
33,84775,743,Self-Employed,166581,10,Approved
26,103311,832,Self-Employed,453751,3,Approved
26,71149,654,Salaried,831545,2,Approved
40,90561,717,Self-Employed,142500,10,Approved
23,108710,784,Salaried,148896,5,Approved
37,110199,649,Self-Employed,786448,2,Approved
32,45326,828,Salaried,308930,10,Approved
21,135272,587,Salaried,624827,7,Rejected
37,49139,605,Self-Employed,250603,15,Approved
23,91638,793,Self-Employed,466693,10,Approved
46,90652,594,Salaried,474193,2,Rejected
35,30937,752,Self-Employed,939808,3,Rejected
56,48161,538,Unemployed,403790,3,Approved
52,103856,754,Self-Employed,800822,10,Approved
52,88043,553,Self-Employed,127837,10,Approved
24,77919,742,Self-Employed,956253,5,Approved
38,100055,609,Self-Employed,269691,7,Approved
39,103455,753,Salaried,587583,5,Approved
55,56135,611,Self-Employed,769057,15,Approved
60,102677,673,Salaried,92023,5,Approved
34,47696,688,Salaried,937841,3,Approved
53,42956,720,Salaried,532026,3,Approved
34,33819,748,Salaried,815760,2,Approved
54,19528,551,Salaried,618553,15,Rejected
24,145781,661,Unemployed,481889,15,Approved
44,104491,534,Salaried,101055,5,Approved
49,62588,536,Salaried,839793,2,Rejected
39,117152,833,Salaried,519839,10,Approved
26,145872,816,Salaried,602914,2,Approved
53,28119,610,Salaried,78388,3,Approved
60,93893,676,Salaried,781003,5,Approved
39,34167,508,Self-Employed,134918,3,Approved
21,128782,774,Salaried,854157,10,Rejected
25,148775,620,Salaried,150165,7,Approved
47,52889,604,Salaried,183527,15,Approved
36,63678,655,Salaried,840224,5,Rejected
26,78262,835,Salaried,995231,3,Rejected
60,98291,525,Salaried,743992,7,Rejected
33,84008,795,Salaried,393877,10,Approved
55,43912,524,Self-Employed,532127,7,Rejected
39,24473,568,Salaried,793176,3,Rejected
32,117500,826,Self-Employed,968812,3,Approved
36,56785,650,Salaried,418579,10,Approved
30,118956,844,Self-Employed,983819,10,Rejected
45,137006,564,Salaried,615145,7,Approved
40,28832,649,Unemployed,664005,7,Approved
51,100747,819,Salaried,190965,15,Approved
24,98107,744,Unemployed,701581,15,Approved
43,83428,557,Self-Employed,914665,3,Rejected
22,104843,655,Salaried,511965,10,Approved
42,29002,611,Unemployed,289586,2,Rejected
57,85501,622,Salaried,58438,10,Rejected
28,50556,702,Self-Employed,871424,5,Approved
27,85963,503,Self-Employed,773754,5,Rejected
34,24563,628,Salaried,210007,10,Approved
23,23840,525,Salaried,521207,7,Rejected
36,33154,788,Salaried,808808,5,Rejected
39,42194,526,Self-Employed,755214,15,Rejected
38,41528,541,Self-Employed,912083,3,Rejected
36,22352,570,Self-Employed,493918,3,Rejected
28,18184,563,Salaried,761183,3,Approved
53,32319,524,Self-Employed,919685,15,Rejected
32,138497,571,Unemployed,244174,10,Approved
31,74333,767,Salaried,279130,5,Approved
25,59205,813,Salaried,670571,7,Approved
47,28426,594,Salaried,100950,15,Approved
32,25504,814,Self-Employed,571585,15,Approved
37,134775,616,Salaried,233679,3,Approved
26,51368,663,Self-Employed,905333,15,Rejected
53,121841,777,Unemployed,812519,15,Approved
25,134744,564,Salaried,704814,7,Approved
48,26724,805,Salaried,232851,15,Approved
34,100297,759,Salaried,215924,3,Approved
25,143099,727,Salaried,175815,15,Approved
53,96872,699,Salaried,898418,10,Approved
39,88333,719,Self-Employed,406997,3,Approved
42,20596,679,Salaried,513725,10,Approved
25,35167,727,Unemployed,701936,5,Rejected
22,105844,751,Salaried,357571,5,Approved
50,107751,798,Salaried,292399,7,Approved
59,147817,503,Self-Employed,686525,15,Rejected
24,98520,640,Salaried,691125,3,Rejected
53,76326,665,Salaried,610482,5,Rejected
33,95670,753,Self-Employed,302368,15,Approved
40,42022,652,Self-Employed,237061,2,Approved
27,102458,566,Salaried,853295,2,Rejected
35,101796,554,Salaried,995037,7,Rejected
43,128704,595,Unemployed,397794,15,Rejected
34,62361,666,Salaried,629799,5,Approved
43,56286,820,Salaried,663350,10,Approved
39,47533,830,Self-Employed,786906,15,Approved
49,145441,841,Salaried,428182,2,Approved
40,115079,561,Salaried,520956,15,Approved
49,118960,673,Salaried,992779,5,Approved
44,76465,752,Self-Employed,85415,10,Approved
38,41395,611,Self-Employed,71750,3,Approved
30,122162,714,Salaried,612164,15,Approved
28,148704,738,Salaried,608777,5,Approved
46,93937,726,Self-Employed,511911,3,Approved
49,147647,729,Salaried,656541,2,Approved
30,138650,732,Salaried,714215,3,Approved
37,148744,662,Salaried,927322,2,Approved
22,109512,625,Salaried,378903,7,Rejected
26,85009,752,Salaried,774350,7,Approved
25,50548,832,Salaried,94459,2,Approved
48,36371,698,Salaried,358558,10,Approved
25,123977,696,Self-Employed,802617,7,Approved
38,32281,621,Salaried,432709,10,Approved
46,118020,763,Self-Employed,601361,10,Approved
40,125508,553,Salaried,498727,10,Approved
47,84846,634,Salaried,222972,5,Approved
32,112682,838,Salaried,413081,15,Approved
27,47312,650,Salaried,335343,5,Approved
23,132186,599,Self-Employed,890958,15,Rejected
30,22257,733,Self-Employed,344416,15,Approved
54,44558,531,Salaried,542536,10,Rejected
45,61188,561,Self-Employed,292168,2,Approved
55,51236,695,Salaried,946649,15,Rejected
36,63076,529,Self-Employed,638245,7,Rejected
22,66402,742,Self-Employed,574293,3,Approved
44,112467,605,Salaried,355370,5,Rejected
30,98337,794,Salaried,152291,5,Approved
58,133827,632,Self-Employed,342352,3,Approved
42,92264,521,Salaried,728463,10,Rejected
46,35335,655,Unemployed,168480,15,Rejected
59,61773,713,Self-Employed,648528,3,Approved
47,46570,725,Self-Employed,956084,10,Approved
49,105995,784,Salaried,61452,5,Approved
58,58658,670,Salaried,935710,3,Rejected
40,138640,541,Salaried,587846,15,Rejected
47,90613,559,Salaried,978512,2,Rejected
40,76194,576,Salaried,354080,7,Approved
39,129872,701,Unemployed,640444,7,Rejected
40,126558,719,Salaried,737675,7,Approved
55,86582,686,Self-Employed,95610,3,Approved
22,67456,595,Self-Employed,712955,15,Rejected
50,73491,841,Self-Employed,783733,10,Approved
54,26043,711,Salaried,244922,15,Approved
42,121212,839,Salaried,422481,15,Approved
23,86340,761,Salaried,320929,5,Approved
26,49174,828,Unemployed,682203,7,Approved
35,100632,576,Self-Employed,645676,3,Approved
47,106768,530,Salaried,322278,7,Rejected
30,143775,538,Salaried,583102,15,Rejected
29,126177,805,Salaried,389720,10,Approved
53,43909,833,Salaried,466903,2,Approved
52,62158,713,Self-Employed,316673,2,Approved
26,142296,625,Self-Employed,348831,15,Rejected
56,77331,664,Self-Employed,681101,5,Approved
22,105367,745,Self-Employed,691558,2,Approved
49,83382,608,Salaried,510276,2,Rejected
24,92319,587,Salaried,164012,3,Approved
21,29170,699,Self-Employed,745354,3,Rejected
39,137952,770,Self-Employed,999001,5,Approved
46,98145,550,Salaried,900059,15,Approved
45,123626,697,Salaried,164621,5,Approved
30,34208,522,Salaried,788172,15,Rejected
35,32990,652,Self-Employed,845251,3,Rejected
42,147327,722,Salaried,661531,2,Approved
41,97314,720,Self-Employed,226285,15,Approved
42,44862,650,Salaried,112793,10,Approved
56,111949,765,Self-Employed,211987,2,Approved
54,148223,572,Salaried,821502,2,Rejected
50,21956,576,Salaried,372259,10,Approved
45,106789,531,Salaried,443768,5,Rejected
48,107451,564,Salaried,916150,3,Approved
21,135782,517,Self-Employed,684374,5,Rejected
24,20365,663,Self-Employed,980653,5,Rejected
27,90204,786,Salaried,147139,5,Approved
29,75072,553,Salaried,932280,3,Rejected
56,70499,562,Salaried,571687,5,Approved
39,87211,756,Self-Employed,503065,5,Approved
21,103220,738,Salaried,65155,7,Approved
30,111847,508,Self-Employed,704380,2,Approved
56,127459,619,Salaried,912245,7,Approved
29,95755,847,Salaried,542195,3,Approved
52,86783,589,Salaried,942496,15,Approved
52,145851,811,Salaried,654500,15,Approved
26,24472,674,Salaried,321929,10,Approved
58,121152,502,Salaried,463997,15,Rejected
37,25008,629,Salaried,798154,10,Rejected
30,105851,553,Self-Employed,586258,15,Rejected
47,98799,792,Salaried,643088,7,Approved
55,34238,683,Salaried,568033,7,Approved
41,35153,723,Self-Employed,153297,7,Approved
45,77353,511,Unemployed,124343,2,Rejected
48,70092,694,Salaried,997823,3,Rejected
35,67104,746,Self-Employed,250835,15,Approved
24,46887,653,Self-Employed,600495,15,Approved
49,22355,577,Unemployed,997794,15,Rejected
29,51701,639,Salaried,278819,5,Approved
47,89442,589,Unemployed,792569,7,Rejected
46,30279,643,Salaried,573824,2,Rejected
39,138738,571,Salaried,59136,10,Approved
48,109414,676,Salaried,841412,10,Approved
37,46390,847,Salaried,270806,10,Approved
40,100174,762,Self-Employed,489560,7,Approved
60,22787,770,Salaried,948330,10,Approved
59,61724,604,Salaried,176356,10,Rejected
43,28663,571,Salaried,416114,10,Approved
52,118271,573,Salaried,934567,5,Rejected
53,85388,642,Salaried,237871,10,Approved
25,70335,561,Salaried,566566,2,Rejected
54,61315,645,Salaried,625395,7,Approved
60,122922,545,Salaried,770624,15,Rejected
31,64627,728,Salaried,969900,5,Rejected
23,67334,604,Self-Employed,160402,5,Approved
53,83700,608,Salaried,183162,7,Rejected
31,57726,816,Salaried,364119,10,Approved
36,48694,620,Salaried,396593,15,Approved
38,81545,542,Salaried,663752,15,Approved
50,24033,598,Salaried,742301,10,Rejected
30,80461,693,Unemployed,583539,3,Rejected
38,20665,810,Self-Employed,82126,10,Approved
58,45025,713,Self-Employed,745087,15,Approved
39,95661,728,Salaried,391165,2,Approved
56,138473,684,Salaried,278255,10,Approved
33,38998,611,Salaried,943574,7,Rejected
23,79248,846,Self-Employed,845977,10,Rejected
30,122493,771,Self-Employed,601563,7,Approved
58,41057,812,Salaried,784262,5,Approved
21,97244,601,Salaried,190027,3,Approved
47,115031,709,Salaried,996151,5,Rejected
28,130713,726,Salaried,492826,7,Approved
37,123887,780,Self-Employed,435715,3,Approved
29,85173,521,Salaried,740700,5,Approved
26,56734,747,Salaried,164379,10,Approved
45,80072,658,Self-Employed,751894,15,Rejected
59,112194,728,Salaried,622990,15,Approved
48,131272,842,Salaried,232763,10,Approved
53,85902,686,Salaried,775065,3,Approved
57,140247,642,Salaried,162070,5,Approved
29,74959,837,Salaried,190082,2,Approved
38,114623,523,Salaried,318217,2,Approved
41,149438,640,Self-Employed,898026,2,Approved
22,66415,739,Self-Employed,140630,5,Approved
58,142716,791,Salaried,169158,15,Approved
60,139209,804,Self-Employed,270465,5,Approved
56,27907,581,Salaried,266983,5,Rejected
57,113825,547,Self-Employed,926886,7,Rejected
35,50780,670,Salaried,662395,15,Approved
48,53085,761,Salaried,647432,2,Approved
38,38426,567,Salaried,325552,2,Rejected
54,25485,513,Salaried,72692,2,Approved
42,67527,529,Unemployed,863801,15,Rejected
31,142604,609,Salaried,946102,7,Rejected
33,109005,711,Salaried,824579,7,Rejected
24,76528,763,Salaried,229580,5,Approved
42,138631,821,Salaried,195854,15,Approved
27,45799,701,Self-Employed,841558,15,Approved
44,112817,583,Unemployed,769965,2,Rejected
24,76260,552,Salaried,754955,2,Rejected
48,30943,755,Salaried,840136,15,Approved
35,139401,573,Salaried,527036,10,Approved
21,45371,719,Salaried,223549,15,Approved
23,116746,642,Salaried,854372,10,Approved
34,119248,599,Salaried,861105,10,Approved
58,43727,628,Self-Employed,781949,7,Approved
21,132000,718,Salaried,132964,5,Approved
58,81969,770,Salaried,915511,3,Approved
58,86531,521,Salaried,582947,2,Rejected
41,57097,677,Self-Employed,451761,10,Approved
49,68859,547,Salaried,623511,2,Approved
25,74790,616,Salaried,321711,2,Approved
30,83696,828,Salaried,903043,2,Approved
48,33648,678,Salaried,845869,15,Rejected
41,79779,772,Salaried,976719,5,Approved
27,124371,838,Unemployed,158316,2,Approved
23,54672,846,Self-Employed,82068,5,Approved
40,87109,678,Self-Employed,173869,3,Rejected
39,52593,548,Self-Employed,890139,3,Rejected
55,27815,814,Self-Employed,399350,7,Approved
24,39302,754,Self-Employed,374890,2,Approved
25,103140,529,Salaried,765252,10,Approved
21,91356,584,Salaried,947740,7,Rejected
24,67282,776,Salaried,185534,15,Approved
32,146451,533,Salaried,152025,7,Rejected
47,139347,828,Salaried,315251,3,Approved
43,41814,597,Self-Employed,726446,10,Approved
45,99673,575,Salaried,789855,2,Rejected
41,69940,674,Self-Employed,495414,2,Rejected
44,104796,840,Self-Employed,427580,3,Approved
45,54476,748,Salaried,199155,15,Approved
52,60278,839,Salaried,763305,5,Approved
52,33634,633,Salaried,775611,3,Approved
25,144259,677,Salaried,98723,10,Approved
56,70196,727,Salaried,353358,5,Approved
59,116679,562,Self-Employed,454385,10,Rejected
36,148861,767,Salaried,429556,2,Approved
53,37420,757,Self-Employed,104471,5,Approved
41,24218,643,Self-Employed,657043,10,Approved
29,142283,802,Salaried,182922,2,Approved
26,82057,551,Self-Employed,890348,10,Rejected
55,96609,802,Salaried,102254,5,Approved
59,141108,598,Self-Employed,250257,2,Approved
42,28046,805,Salaried,138664,10,Approved
25,135462,544,Self-Employed,265525,7,Rejected
43,127345,541,Salaried,85074,5,Approved
37,55117,826,Unemployed,750668,5,Approved
32,147980,556,Salaried,640317,5,Approved
43,35373,532,Salaried,110649,15,Approved
36,63452,613,Salaried,108474,2,Approved
23,24654,799,Self-Employed,661908,5,Approved
50,141319,613,Self-Employed,286309,10,Approved
42,123646,555,Unemployed,455839,7,Approved
29,44583,543,Self-Employed,602648,10,Rejected
49,112242,711,Salaried,60292,10,Approved
57,71968,828,Salaried,586495,5,Approved
43,149590,533,Salaried,512792,7,Approved
33,34652,769,Unemployed,936512,7,Approved
52,131114,695,Unemployed,216574,7,Approved
43,120489,624,Salaried,606073,7,Approved
37,95001,578,Self-Employed,118867,3,Rejected
60,142269,754,Self-Employed,99361,7,Approved
41,94757,644,Salaried,82209,5,Approved
22,42395,582,Self-Employed,814969,15,Rejected
57,119978,729,Salaried,860922,7,Approved
26,149572,636,Self-Employed,751792,10,Approved
38,142541,526,Salaried,757241,3,Approved
50,26083,676,Salaried,833618,10,Rejected
42,124598,706,Salaried,549642,5,Approved
53,114171,805,Salaried,62261,5,Approved
50,138423,810,Salaried,540187,15,Approved
37,24613,712,Self-Employed,997594,15,Rejected
52,128033,536,Salaried,343712,7,Rejected
34,94202,792,Self-Employed,775666,15,Approved
30,103666,678,Salaried,611256,5,Approved
56,40068,659,Unemployed,233985,3,Rejected
54,67057,511,Salaried,177678,15,Rejected
29,36946,668,Salaried,124875,10,Approved
48,103237,811,Salaried,343986,5,Approved
31,23769,579,Salaried,228181,15,Approved
34,79340,513,Salaried,433775,15,Rejected
59,97199,553,Unemployed,272474,5,Approved
39,122222,753,Salaried,102266,3,Approved
35,51434,564,Salaried,946806,2,Rejected
48,40102,557,Self-Employed,282076,2,Approved
44,39536,595,Salaried,571484,3,Approved
28,122639,520,Self-Employed,761206,5,Approved
29,68775,759,Self-Employed,229117,3,Approved
53,49147,572,Self-Employed,206321,3,Approved
53,68526,747,Salaried,735250,2,Rejected
39,122663,626,Salaried,290543,7,Approved
23,130180,545,Salaried,879763,15,Rejected
30,142233,767,Salaried,499127,5,Approved
60,41088,627,Salaried,448400,10,Approved
21,86464,529,Self-Employed,480280,3,Rejected
49,123921,593,Salaried,533184,2,Approved
54,77998,723,Salaried,234561,7,Approved
33,58382,815,Salaried,851798,5,Approved
21,46184,599,Salaried,278570,3,Approved
54,55739,570,Salaried,634533,2,Rejected
49,145937,580,Self-Employed,354591,3,Rejected
33,35352,799,Salaried,190231,10,Approved
49,144788,607,Self-Employed,970516,5,Approved
59,135843,601,Self-Employed,855168,15,Approved
44,49828,590,Unemployed,382089,5,Rejected
46,86040,515,Salaried,335149,5,Rejected
37,112279,609,Salaried,478827,5,Approved
27,112430,762,Salaried,493250,2,Rejected
33,133957,659,Unemployed,82154,10,Approved
25,35748,752,Self-Employed,558401,3,Approved
46,106636,588,Self-Employed,817509,2,Rejected
23,133158,594,Salaried,475565,7,Approved
27,28246,771,Salaried,127156,5,Approved
59,77395,746,Salaried,367510,5,Approved
21,68300,705,Salaried,608961,3,Approved
37,32860,844,Salaried,279085,5,Approved
45,35013,817,Salaried,786268,5,Approved
23,51542,785,Self-Employed,64741,3,Approved
35,42935,747,Unemployed,670490,10,Approved
49,67079,566,Self-Employed,139109,2,Approved
52,52111,545,Self-Employed,985886,10,Rejected
46,74550,542,Unemployed,147150,3,Approved
36,94955,728,Salaried,657540,15,Approved
45,58565,800,Salaried,594038,15,Approved
48,37283,733,Self-Employed,911732,15,Approved
29,84470,698,Salaried,654190,5,Rejected
21,104916,835,Salaried,188301,5,Approved
49,97552,531,Salaried,251948,10,Approved
42,56233,763,Salaried,774350,7,Approved
36,40695,612,Salaried,53816,2,Approved
27,144440,817,Salaried,448853,5,Approved
34,99257,775,Salaried,555448,3,Approved
49,19505,645,Salaried,957425,10,Rejected
39,61614,505,Unemployed,973478,2,Rejected
39,19010,839,Unemployed,361859,15,Approved
22,148560,607,Self-Employed,875501,7,Rejected
35,87393,759,Unemployed,727900,15,Rejected
23,82512,570,Salaried,456713,15,Approved
31,116026,839,Self-Employed,493101,5,Approved
50,93656,661,Salaried,599616,10,Approved
60,115686,599,Self-Employed,240772,5,Approved
38,33489,826,Salaried,947171,10,Approved
22,77789,532,Self-Employed,424661,7,Rejected
52,87925,642,Salaried,145228,3,Approved
28,67703,743,Salaried,366470,3,Approved
42,94625,723,Self-Employed,417162,2,Approved
26,125535,713,Self-Employed,971490,5,Rejected
32,21051,619,Salaried,956949,5,Approved
60,46805,667,Self-Employed,836017,5,Rejected
56,112978,848,Salaried,880107,3,Approved
35,62557,716,Self-Employed,459484,2,Approved
48,68241,821,Salaried,570883,3,Approved
38,145838,716,Self-Employed,462233,15,Approved
22,83994,553,Salaried,246156,10,Rejected
33,132005,707,Unemployed,876280,5,Rejected
35,34066,579,Salaried,877014,10,Rejected
40,95982,650,Salaried,64033,15,Approved
49,24304,554,Salaried,572325,7,Rejected
49,60967,504,Salaried,485981,10,Rejected
23,96763,534,Salaried,61555,10,Approved
39,58462,848,Self-Employed,930903,10,Rejected
23,138356,618,Salaried,139355,3,Approved
34,89834,696,Salaried,77631,10,Approved
60,129023,553,Salaried,886832,15,Rejected
24,135771,758,Salaried,549927,5,Approved
31,93842,761,Salaried,676537,2,Approved
51,20589,842,Self-Employed,341046,7,Approved
52,143023,811,Salaried,182797,5,Approved
47,72918,501,Salaried,495069,2,Approved
50,25711,581,Salaried,813056,5,Approved
22,77430,849,Self-Employed,700802,10,Approved
29,120605,504,Self-Employed,654861,7,Rejected
48,21970,673,Unemployed,940578,5,Approved
51,87535,638,Salaried,693778,7,Rejected
54,104570,692,Unemployed,689488,3,Rejected
35,139315,637,Self-Employed,876471,3,Rejected
45,130111,796,Self-Employed,948920,10,Approved
56,59730,615,Salaried,243636,10,Approved
28,141252,543,Self-Employed,766415,3,Rejected
29,81944,845,Salaried,832176,5,Approved
57,125437,788,Salaried,781440,2,Approved
59,144794,718,Salaried,451389,2,Approved
52,90123,555,Self-Employed,686816,3,Rejected
37,40880,741,Unemployed,482072,2,Approved
55,105829,757,Self-Employed,160942,5,Approved
57,71205,500,Self-Employed,935538,2,Rejected
39,124948,788,Self-Employed,448604,15,Approved
49,77810,602,Self-Employed,729283,2,Approved
27,131089,791,Salaried,499444,15,Approved
48,82482,648,Salaried,540533,3,Rejected
29,87192,583,Self-Employed,950941,7,Rejected
48,105154,525,Salaried,411349,7,Rejected
26,104066,674,Self-Employed,704073,5,Approved
49,146514,722,Self-Employed,450092,7,Approved
37,50977,628,Salaried,267150,10,Approved
36,22983,641,Unemployed,854604,3,Rejected
43,67029,845,Salaried,343808,15,Approved
51,140668,801,Salaried,945240,15,Approved
23,60837,797,Salaried,379379,7,Approved
41,135512,634,Unemployed,105830,2,Rejected
46,84786,554,Unemployed,782238,7,Rejected
56,22758,555,Salaried,55749,3,Rejected
57,120667,575,Salaried,763912,2,Rejected
42,126119,818,Salaried,937729,2,Approved
32,118157,838,Salaried,585022,15,Approved
33,100673,631,Salaried,182666,3,Approved
31,115639,541,Self-Employed,528577,5,Approved
36,132869,609,Self-Employed,458454,5,Approved
28,37728,569,Self-Employed,756350,3,Rejected
60,121542,783,Salaried,95819,15,Approved
60,111565,625,Salaried,602536,3,Approved
22,143019,847,Self-Employed,839334,3,Approved
50,120548,795,Self-Employed,621722,2,Approved
50,139289,678,Salaried,950535,2,Rejected
32,147068,797,Salaried,974909,3,Approved
30,97624,696,Self-Employed,614103,15,Approved
31,20821,760,Salaried,199795,2,Approved
35,73090,600,Self-Employed,840953,10,Rejected
36,64454,560,Salaried,158838,3,Approved
37,122273,682,Salaried,939664,2,Rejected
46,122472,796,Self-Employed,921979,5,Rejected
22,149935,508,Salaried,714396,3,Rejected
32,34148,705,Salaried,291231,3,Approved
46,104545,817,Salaried,688637,3,Approved
43,72459,553,Self-Employed,769500,7,Rejected
38,102224,679,Self-Employed,976756,3,Approved
52,84189,603,Salaried,104797,5,Approved
58,109954,625,Self-Employed,101833,2,Approved
23,41118,533,Salaried,108093,3,Rejected
58,149515,664,Salaried,146651,15,Approved
23,107379,797,Salaried,129414,10,Approved
50,39053,769,Self-Employed,191211,15,Approved
21,114384,788,Salaried,239461,15,Approved
50,135545,617,Salaried,798883,2,Approved
52,144675,591,Salaried,120126,5,Approved
48,111749,599,Salaried,413922,7,Approved
41,34285,586,Self-Employed,755738,5,Rejected
33,79589,733,Salaried,839405,15,Approved
47,31944,623,Salaried,546565,7,Approved
56,119041,702,Salaried,436393,2,Approved
27,106876,531,Salaried,395102,7,Approved
42,113561,538,Self-Employed,423789,2,Rejected
30,72391,593,Salaried,982892,5,Rejected
59,19607,509,Salaried,789067,15,Rejected
35,20953,714,Self-Employed,326639,5,Rejected
35,62941,599,Salaried,234939,7,Approved
24,79683,743,Self-Employed,693698,10,Approved
52,127588,557,Self-Employed,734303,15,Rejected
43,140080,819,Salaried,812275,15,Approved
26,29154,518,Salaried,523087,5,Rejected
44,143542,616,Salaried,691873,7,Approved
40,106529,635,Self-Employed,465919,3,Approved
57,32323,826,Self-Employed,348214,2,Approved
40,55693,795,Salaried,83563,3,Approved
32,107170,512,Salaried,284813,3,Rejected
53,63111,600,Self-Employed,593481,3,Rejected
48,57491,654,Salaried,984354,7,Rejected
28,67336,581,Salaried,587015,5,Rejected
21,34905,587,Salaried,524167,15,Rejected
57,48273,604,Self-Employed,698522,3,Approved
42,143191,629,Salaried,427104,7,Approved
26,133936,771,Salaried,367604,5,Approved
41,84538,513,Self-Employed,309563,2,Approved
52,122570,627,Salaried,851650,5,Approved
55,111339,559,Salaried,282865,5,Rejected
35,139132,726,Self-Employed,230192,3,Approved
25,146993,516,Salaried,864876,7,Rejected
26,29330,544,Self-Employed,119187,15,Approved
45,90553,537,Salaried,335663,10,Approved
60,101537,623,Salaried,624395,2,Approved
49,78985,563,Salaried,284762,7,Approved
27,35044,752,Self-Employed,598569,15,Rejected
60,140304,761,Self-Employed,200865,3,Approved
33,41289,611,Salaried,477903,7,Approved
58,51087,601,Salaried,331460,15,Approved
38,93952,548,Salaried,386059,10,Rejected
22,54368,776,Unemployed,358698,2,Approved
28,138648,726,Unemployed,50207,5,Approved
31,88815,522,Salaried,50073,15,Approved
53,108693,831,Salaried,860859,2,Approved
58,76900,684,Salaried,562672,10,Approved
47,33494,563,Unemployed,483545,2,Rejected
40,134486,656,Salaried,179513,15,Approved
32,51050,782,Salaried,912779,2,Rejected
51,115799,648,Salaried,649065,3,Approved
47,149016,826,Salaried,906937,5,Approved
52,106257,668,Salaried,614760,10,Approved
30,66070,632,Salaried,973393,3,Approved
23,23166,813,Salaried,469673,2,Approved
47,105409,631,Salaried,221859,2,Approved
55,55664,696,Salaried,714066,7,Approved
51,147926,634,Salaried,481903,3,Approved
35,19293,534,Self-Employed,585808,10,Rejected
36,67212,719,Self-Employed,181351,10,Approved
33,93276,684,Self-Employed,638593,10,Approved
55,30559,504,Salaried,667386,15,Approved
31,83231,570,Self-Employed,235079,15,Approved
41,126277,841,Salaried,730491,15,Approved
31,39747,740,Salaried,825200,10,Approved
50,18037,850,Salaried,827839,2,Approved
55,122294,796,Salaried,405635,15,Approved
42,115847,830,Salaried,967794,2,Approved
58,121742,692,Salaried,454281,3,Approved
51,66503,667,Salaried,180351,5,Approved
34,46207,838,Salaried,982906,10,Approved
44,51241,735,Self-Employed,664191,2,Rejected
52,149130,793,Salaried,336251,3,Approved
56,114171,797,Self-Employed,549488,10,Approved
52,135302,747,Salaried,395686,5,Approved
35,90832,664,Salaried,980533,10,Approved
55,39383,811,Unemployed,332079,15,Approved
23,142291,570,Salaried,774171,7,Rejected
36,20674,730,Self-Employed,158507,10,Approved
25,132100,554,Salaried,634321,7,Approved
41,127369,681,Salaried,841689,5,Approved
30,40820,521,Salaried,992162,7,Rejected
39,61794,782,Self-Employed,152299,5,Approved
45,146544,604,Salaried,416254,3,Rejected
24,55555,674,Salaried,501207,7,Approved
49,50406,793,Self-Employed,144358,15,Approved
39,58262,538,Salaried,751359,10,Approved
22,109320,559,Self-Employed,414140,10,Approved
30,48284,799,Salaried,444973,3,Approved
45,108627,798,Self-Employed,988843,2,Approved
40,107023,711,Salaried,859278,15,Approved
39,59516,654,Salaried,432796,15,Approved
43,33577,672,Self-Employed,286790,5,Approved
44,33015,522,Salaried,548724,15,Rejected
31,109104,739,Salaried,864347,2,Approved
54,132412,708,Unemployed,618905,2,Rejected
48,109740,621,Salaried,226242,3,Rejected
25,84640,752,Self-Employed,126880,3,Approved
25,101190,640,Self-Employed,794128,7,Rejected
41,147516,839,Self-Employed,738853,15,Approved
32,105007,819,Self-Employed,178526,7,Approved
24,65728,652,Salaried,475295,7,Approved
40,32878,713,Self-Employed,870307,7,Rejected
58,146925,807,Salaried,865990,7,Approved
45,27145,547,Self-Employed,192089,10,Rejected
34,106578,816,Salaried,145017,3,Approved
31,36226,516,Self-Employed,535529,5,Rejected
52,20802,795,Self-Employed,961152,5,Approved
31,42119,830,Salaried,857164,5,Approved
38,81560,844,Salaried,425285,5,Approved
47,75353,568,Self-Employed,107238,5,Approved
38,141001,584,Salaried,371983,10,Approved
43,89641,781,Salaried,145504,3,Approved
31,69712,707,Salaried,335601,15,Approved
41,148085,539,Salaried,144056,7,Approved
25,86285,595,Salaried,181896,7,Approved
43,133278,749,Salaried,474789,7,Approved
45,42512,635,Salaried,415050,3,Approved
30,120077,572,Salaried,719827,3,Rejected
42,20064,800,Salaried,256534,15,Approved
39,113614,772,Salaried,467092,10,Approved
21,135639,668,Salaried,591022,10,Approved
27,48011,832,Salaried,989090,15,Approved
24,89152,697,Salaried,342803,7,Approved
21,28960,846,Unemployed,297933,15,Rejected
35,139789,605,Salaried,468626,3,Rejected
60,76920,600,Salaried,57894,7,Approved
32,39387,734,Salaried,273171,10,Approved
42,81960,779,Self-Employed,684605,15,Approved
42,140994,828,Salaried,946599,7,Approved
37,50628,605,Unemployed,939727,10,Rejected
49,139269,534,Salaried,757514,2,Rejected
34,65452,656,Salaried,576797,5,Approved
40,59098,772,Unemployed,380352,2,Approved
53,104861,739,Salaried,310200,15,Approved
35,45949,706,Unemployed,790722,7,Rejected
32,91537,744,Unemployed,643982,7,Rejected
60,134003,592,Unemployed,234345,3,Rejected
40,68701,608,Self-Employed,947024,5,Rejected
50,68511,805,Salaried,433069,10,Approved
58,98664,613,Salaried,696002,7,Rejected
23,57427,523,Salaried,343315,10,Approved
48,115180,792,Unemployed,860957,10,Approved
46,121550,751,Salaried,338657,10,Approved
50,95952,766,Salaried,958299,2,Approved
33,84046,708,Self-Employed,449013,10,Approved
33,124918,554,Salaried,279673,3,Rejected
22,53200,526,Self-Employed,180467,2,Approved
57,85442,822,Unemployed,688735,2,Approved
58,109070,501,Salaried,154384,7,Approved
22,76168,567,Self-Employed,713106,5,Rejected
56,66322,647,Self-Employed,925686,5,Rejected
46,88246,818,Self-Employed,420941,15,Approved
31,33583,827,Salaried,74316,7,Approved
28,100720,629,Salaried,369221,5,Approved
60,77757,582,Salaried,477578,10,Approved
42,24659,541,Self-Employed,459550,3,Rejected
40,19238,655,Salaried,782453,10,Approved
28,139270,656,Salaried,865312,5,Approved
49,137211,606,Salaried,452889,5,Approved
60,33064,783,Salaried,775275,3,Approved
46,117790,687,Salaried,553386,2,Approved
50,120985,604,Salaried,491829,2,Approved
37,62258,611,Self-Employed,475937,3,Approved
40,42668,632,Self-Employed,610238,2,Rejected
36,95259,770,Salaried,311871,5,Approved
27,130192,609,Self-Employed,595117,2,Rejected
36,114576,572,Salaried,407708,5,Rejected
47,123481,845,Self-Employed,634783,7,Approved
43,129505,792,Salaried,819409,10,Approved
44,23397,642,Unemployed,385251,2,Rejected
29,117925,759,Salaried,733723,7,Rejected
55,101481,744,Salaried,621356,15,Approved
40,78308,839,Self-Employed,748093,2,Approved
57,19130,654,Salaried,657559,7,Approved
37,142293,648,Self-Employed,534645,3,Approved
51,32071,559,Salaried,842045,7,Rejected
28,103517,585,Salaried,207678,5,Approved
35,128240,691,Self-Employed,459811,3,Approved
51,20118,826,Salaried,444490,3,Approved
50,149735,681,Salaried,611318,5,Approved
40,80408,786,Self-Employed,930158,2,Approved
59,69786,772,Unemployed,891551,3,Approved
32,99271,754,Self-Employed,659942,2,Approved
37,37158,506,Self-Employed,698353,10,Rejected
50,49087,625,Unemployed,385455,7,Rejected
49,106114,582,Self-Employed,409696,7,Approved
39,37874,527,Unemployed,960186,5,Rejected
31,101443,765,Salaried,868711,5,Approved
54,58821,782,Self-Employed,104690,15,Approved
27,133675,750,Salaried,260549,7,Approved
54,78582,687,Self-Employed,431334,10,Approved
40,140603,798,Self-Employed,487639,5,Approved
58,87381,568,Salaried,216325,10,Approved
44,129800,818,Self-Employed,466854,15,Approved
30,148805,825,Self-Employed,160996,5,Approved
52,100018,598,Self-Employed,644194,3,Approved
35,118592,692,Salaried,301294,15,Approved
57,109626,726,Self-Employed,302465,2,Approved
40,104217,681,Salaried,856214,7,Rejected
23,90799,826,Self-Employed,727999,2,Approved
57,80185,592,Salaried,743015,15,Rejected
60,59538,642,Salaried,72829,7,Approved
28,38343,702,Salaried,566231,15,Approved
60,138026,631,Salaried,181404,5,Approved
43,71106,766,Self-Employed,91986,2,Approved
60,132322,633,Salaried,102385,15,Approved
31,99227,678,Self-Employed,297295,15,Approved
28,60135,685,Unemployed,592904,10,Approved
49,137599,517,Self-Employed,889541,15,Rejected
50,101470,822,Salaried,929161,5,Approved
30,38910,596,Salaried,579570,15,Approved
59,63950,533,Salaried,857956,3,Approved
48,34225,799,Salaried,844176,2,Rejected
56,50959,850,Self-Employed,448913,2,Approved
33,67192,686,Salaried,381049,3,Approved
52,97711,846,Unemployed,728186,7,Approved
56,21449,610,Salaried,716905,5,Approved
57,122213,746,Salaried,944914,3,Approved
46,118245,570,Salaried,832807,15,Approved
42,115069,808,Self-Employed,842985,10,Approved
24,41908,826,Salaried,438487,5,Approved
51,122847,711,Salaried,761342,3,Approved
38,138910,808,Self-Employed,885748,3,Rejected
58,32012,607,Unemployed,322327,2,Rejected
44,35412,676,Salaried,958369,2,Rejected
43,128030,727,Salaried,527841,2,Approved
42,42657,518,Salaried,715291,5,Rejected
22,23656,821,Self-Employed,472051,15,Approved
51,33873,747,Self-Employed,279479,7,Approved
31,112485,708,Unemployed,253905,5,Approved
48,127383,715,Salaried,284067,2,Approved
52,19607,700,Salaried,725959,2,Approved
25,66447,756,Salaried,416850,5,Approved
58,67757,605,Self-Employed,952247,15,Rejected
30,87201,810,Salaried,190833,15,Approved
60,146765,770,Unemployed,713421,3,Approved
44,23462,770,Salaried,312512,3,Approved
55,134832,620,Salaried,808717,2,Approved
43,66465,744,Salaried,438421,2,Approved
37,108027,565,Salaried,629303,7,Rejected
21,68528,727,Self-Employed,579592,15,Approved
51,54230,636,Salaried,105689,3,Approved
51,66242,693,Salaried,818529,7,Approved
54,132688,693,Salaried,825398,2,Approved
29,19783,645,Self-Employed,603094,15,Rejected
42,46390,644,Self-Employed,363388,2,Approved
33,90102,571,Salaried,277951,7,Approved
45,35426,691,Self-Employed,239931,7,Approved
38,48750,543,Salaried,638700,2,Approved
32,76188,656,Self-Employed,50594,10,Approved
60,28872,515,Self-Employed,854261,2,Rejected
37,112231,577,Salaried,463222,3,Approved
35,147860,551,Self-Employed,334568,15,Rejected
35,84770,501,Salaried,208864,15,Rejected
35,142158,731,Salaried,174220,2,Approved
59,101514,560,Salaried,305538,5,Approved
33,110663,631,Salaried,482420,2,Approved
37,130808,551,Self-Employed,766354,10,Rejected
52,128091,796,Salaried,333159,3,Approved
29,117272,679,Self-Employed,599497,2,Rejected
60,67393,530,Salaried,836421,7,Rejected
40,111558,654,Salaried,531745,3,Approved
46,87770,620,Salaried,433024,3,Approved
47,44720,550,Salaried,172841,10,Rejected
41,31368,594,Unemployed,857572,15,Rejected
38,65969,675,Salaried,501018,7,Approved
33,66838,510,Salaried,417288,5,Rejected
36,26734,511,Unemployed,237129,2,Rejected
29,125187,544,Salaried,896248,5,Approved
32,117329,789,Salaried,518624,15,Approved
58,86895,704,Salaried,153154,7,Approved
39,138424,718,Unemployed,786108,3,Approved
27,119255,827,Self-Employed,395957,10,Approved
55,76073,755,Self-Employed,884196,10,Approved
38,33624,747,Self-Employed,666515,3,Approved
36,42315,520,Self-Employed,656716,10,Rejected
59,35422,540,Self-Employed,820783,5,Rejected
24,90663,777,Salaried,384033,15,Approved
45,119216,776,Salaried,577039,3,Approved
52,50743,694,Salaried,96379,2,Approved
60,28108,570,Self-Employed,846795,2,Rejected
33,54180,769,Self-Employed,331371,7,Approved
37,36883,834,Salaried,124019,15,Approved
57,62400,572,Salaried,734452,15,Approved
26,65951,807,Salaried,682702,3,Approved
39,73262,698,Self-Employed,951931,15,Rejected
33,101133,575,Salaried,953217,5,Rejected
46,133106,774,Self-Employed,158505,15,Approved
34,88496,782,Salaried,361152,3,Approved
51,79934,645,Self-Employed,472134,3,Approved
24,96886,512,Self-Employed,902617,5,Rejected
59,48881,628,Self-Employed,544117,10,Approved
28,36409,729,Salaried,673152,5,Approved
45,116171,584,Self-Employed,878161,3,Approved
33,66951,661,Salaried,824699,3,Approved
52,26752,550,Unemployed,82034,3,Approved
58,135339,714,Salaried,640327,3,Approved
58,62864,500,Salaried,337347,7,Rejected
48,90035,622,Self-Employed,851428,10,Approved
50,104675,787,Salaried,946312,3,Approved
23,40343,699,Self-Employed,606890,7,Approved
48,37673,682,Salaried,758374,15,Rejected
23,113024,715,Salaried,77935,3,Approved
54,44520,739,Unemployed,342569,10,Rejected
36,33784,848,Unemployed,695627,10,Approved
42,135446,567,Salaried,112534,5,Approved
52,56079,818,Salaried,619504,7,Approved
58,62220,581,Salaried,916064,15,Approved
28,130878,641,Salaried,347086,10,Approved
28,134583,540,Salaried,53527,2,Approved
26,66720,738,Salaried,588281,3,Approved
34,32718,502,Self-Employed,604512,10,Rejected
52,79217,593,Salaried,579711,15,Rejected
55,118668,558,Self-Employed,863545,15,Rejected
30,106378,727,Self-Employed,617534,7,Approved
23,26177,517,Self-Employed,764927,7,Rejected
32,140318,738,Salaried,863265,7,Approved
51,129145,573,Self-Employed,981811,5,Approved
49,31418,831,Self-Employed,328072,15,Approved
25,106075,668,Self-Employed,695478,3,Rejected
45,83227,763,Salaried,882700,2,Approved
51,35533,659,Salaried,373068,7,Approved
41,119457,836,Self-Employed,926075,3,Approved
40,125504,668,Salaried,131814,7,Rejected
59,142202,705,Unemployed,469787,7,Approved
42,28273,508,Salaried,910793,15,Rejected
24,51519,845,Salaried,498470,2,Approved
33,145024,803,Salaried,336516,3,Approved
40,142540,614,Salaried,546672,7,Approved
33,101460,651,Salaried,623940,15,Approved
37,122471,586,Self-Employed,752775,5,Approved
56,122668,594,Self-Employed,837995,7,Approved
53,85519,730,Salaried,70459,15,Approved
21,108426,685,Self-Employed,231398,3,Approved
35,32629,613,Salaried,797070,10,Rejected
33,67056,773,Salaried,139606,7,Approved
37,29273,528,Self-Employed,569809,5,Approved
44,138484,702,Salaried,756496,5,Approved
28,115275,501,Salaried,663507,7,Rejected
47,64073,577,Self-Employed,722263,3,Rejected
43,63693,823,Self-Employed,355021,7,Approved
28,42343,730,Salaried,870528,5,Approved
28,61095,597,Salaried,991084,7,Rejected
46,140388,616,Salaried,532129,5,Approved
33,132441,609,Salaried,850566,10,Rejected
59,118782,666,Self-Employed,485108,7,Approved
57,90590,796,Salaried,336046,2,Approved
48,126263,836,Salaried,338261,7,Approved
45,47373,586,Salaried,525543,5,Rejected
36,45525,521,Salaried,755135,3,Rejected
22,145716,709,Self-Employed,52766,5,Approved
38,122513,804,Salaried,888411,10,Approved
37,147401,771,Salaried,735101,3,Approved
50,114643,823,Unemployed,671808,2,Approved
59,115694,777,Salaried,311389,2,Approved
33,54136,638,Salaried,771562,10,Approved
52,74539,840,Self-Employed,454516,10,Approved
49,86363,731,Salaried,806940,10,Approved
50,99526,732,Unemployed,600648,15,Rejected
38,53255,579,Self-Employed,842037,10,Rejected
33,136209,554,Unemployed,673725,7,Rejected
41,104437,790,Salaried,231733,5,Approved
50,133900,533,Salaried,618637,15,Rejected
41,41729,828,Self-Employed,690834,7,Approved
37,39818,832,Unemployed,502175,3,Approved
60,83555,751,Unemployed,629659,2,Approved
39,116979,624,Self-Employed,963165,2,Rejected
35,71629,510,Self-Employed,611761,3,Rejected
29,133296,816,Salaried,694593,2,Approved
30,73438,621,Salaried,152878,10,Approved
51,27457,534,Salaried,328438,10,Rejected
43,51922,568,Salaried,316827,15,Approved
50,126122,812,Salaried,438889,10,Approved
53,120020,638,Salaried,538016,3,Approved
29,106405,511,Salaried,675003,5,Rejected
21,134130,624,Unemployed,607364,3,Approved
55,86038,798,Salaried,201818,5,Approved
31,80325,646,Salaried,121712,2,Approved
54,43600,576,Self-Employed,150136,15,Rejected
36,79526,567,Self-Employed,72567,2,Approved
29,31149,705,Salaried,128509,2,Approved
52,130168,735,Salaried,745007,5,Approved
35,127813,558,Salaried,328238,2,Approved
32,109779,757,Salaried,597082,3,Approved
53,50398,753,Salaried,838432,5,Rejected
34,22789,742,Self-Employed,714218,10,Approved
28,82967,776,Self-Employed,115287,5,Approved
28,116837,719,Self-Employed,739812,3,Approved
47,119967,724,Salaried,131120,15,Approved
32,149201,600,Salaried,243918,3,Approved
21,77683,841,Salaried,481601,3,Approved
60,63331,621,Salaried,581070,2,Approved
31,52626,717,Self-Employed,413524,15,Approved
59,30342,574,Unemployed,448332,10,Rejected
51,54417,830,Salaried,877837,15,Approved
37,70664,736,Unemployed,447599,10,Approved
53,26833,838,Unemployed,599945,7,Approved
52,78658,739,Salaried,465386,15,Approved
49,149809,664,Salaried,456297,15,Approved
41,112965,833,Salaried,381431,3,Approved
41,82054,656,Salaried,620908,15,Approved
60,19299,710,Salaried,705304,2,Approved
43,83875,776,Salaried,147361,5,Approved
26,132286,715,Unemployed,423510,2,Approved
42,116730,717,Salaried,319929,3,Approved
58,74298,732,Salaried,62564,2,Approved
57,139035,511,Self-Employed,596767,15,Approved
28,127825,582,Self-Employed,964370,3,Rejected
55,133637,612,Salaried,238255,15,Rejected
31,90618,770,Salaried,280921,5,Approved
44,43532,694,Self-Employed,258445,5,Rejected
41,126197,640,Self-Employed,808495,10,Approved
22,148860,623,Unemployed,258007,15,Approved
60,78285,640,Salaried,994863,7,Approved
39,36866,707,Self-Employed,402369,2,Approved
59,27495,614,Salaried,534099,7,Approved
48,25837,705,Unemployed,457708,2,Approved
37,48346,787,Salaried,268507,10,Approved
26,126621,842,Salaried,460612,10,Approved
39,41412,648,Salaried,434228,5,Approved
58,136833,709,Salaried,340403,5,Approved
48,83206,611,Salaried,375886,15,Rejected
22,28934,641,Salaried,516706,5,Rejected
58,48723,523,Salaried,763956,15,Rejected
57,145968,548,Salaried,90302,2,Approved
24,139988,787,Self-Employed,962414,15,Approved
42,54523,830,Salaried,168891,7,Approved
46,119150,510,Self-Employed,365673,7,Approved
56,138950,687,Self-Employed,708028,5,Approved
33,59646,567,Salaried,335061,10,Approved
52,70776,589,Salaried,475500,7,Approved
37,37116,609,Self-Employed,666976,10,Rejected
56,130858,663,Salaried,750410,5,Approved
39,94620,705,Salaried,469219,2,Approved
55,100604,531,Salaried,413689,15,Rejected
60,112452,826,Salaried,640701,3,Approved
48,41550,573,Salaried,952318,7,Rejected
21,88227,750,Unemployed,720793,15,Approved
38,41212,520,Self-Employed,607509,15,Rejected
60,58118,795,Self-Employed,234828,5,Approved
53,46602,797,Salaried,272447,5,Approved
32,35540,827,Unemployed,691119,15,Rejected
28,89455,801,Self-Employed,422225,7,Approved
44,40277,837,Self-Employed,220185,3,Approved
36,137133,572,Salaried,155508,2,Rejected
24,27752,540,Salaried,717738,7,Rejected
58,143332,593,Self-Employed,242744,15,Approved
47,36302,631,Salaried,194018,2,Approved
29,84236,598,Unemployed,495426,5,Rejected
36,82467,552,Salaried,757368,15,Rejected
32,120350,728,Unemployed,59103,15,Approved
51,21048,627,Salaried,687180,7,Rejected
44,76906,711,Salaried,141579,2,Approved
34,94637,784,Salaried,705800,10,Approved
45,47778,778,Self-Employed,411443,10,Rejected
54,138918,840,Self-Employed,117647,10,Approved
23,108036,658,Salaried,349012,15,Rejected
44,29957,732,Salaried,291297,2,Approved
29,90644,570,Salaried,88983,10,Approved
46,131294,704,Salaried,348380,5,Approved
40,35829,688,Self-Employed,423352,15,Approved
60,23837,650,Salaried,89241,2,Approved
30,117770,507,Salaried,459123,5,Approved
39,44352,831,Unemployed,333794,3,Approved
23,48215,599,Salaried,442606,2,Rejected
44,59247,515,Self-Employed,979535,10,Rejected
25,147692,653,Salaried,98867,10,Approved
23,84714,656,Salaried,629932,15,Rejected
47,53319,592,Self-Employed,54460,3,Approved
36,137058,761,Salaried,81135,15,Rejected
35,34025,536,Salaried,144832,7,Rejected
55,27780,660,Self-Employed,423242,3,Approved
32,40706,850,Self-Employed,845146,10,Approved
46,93503,673,Self-Employed,468497,10,Approved
54,121166,816,Self-Employed,510511,7,Approved
43,27179,517,Salaried,377929,3,Rejected
51,117423,850,Salaried,497364,5,Approved
40,141076,515,Self-Employed,218184,3,Rejected
32,93138,769,Salaried,764078,5,Approved
43,104706,567,Salaried,580879,10,Approved
24,134905,529,Salaried,600690,10,Approved
43,46830,815,Salaried,945058,3,Approved
21,128076,808,Salaried,647532,10,Approved
45,48609,724,Salaried,749798,15,Approved
22,35401,663,Self-Employed,318626,15,Rejected
50,121480,819,Salaried,272287,15,Approved
23,136278,513,Self-Employed,924590,7,Rejected
41,75391,778,Self-Employed,704223,2,Approved
45,144543,655,Salaried,619241,5,Approved
40,146886,621,Salaried,255947,10,Approved
42,112583,762,Salaried,998758,5,Approved
41,24015,669,Salaried,171784,3,Approved
53,39506,509,Self-Employed,411352,7,Rejected
58,42067,671,Salaried,595714,5,Approved
35,148819,512,Salaried,565799,10,Rejected
35,20056,712,Salaried,819485,2,Rejected
45,47328,660,Self-Employed,134059,15,Approved
41,95712,731,Salaried,972647,7,Approved
44,70832,659,Self-Employed,266170,3,Approved
25,60771,626,Self-Employed,967297,10,Rejected
26,115421,547,Salaried,381827,7,Approved
43,82538,760,Salaried,491030,10,Approved
24,58151,560,Salaried,791669,3,Rejected
47,101463,621,Salaried,380027,3,Rejected
38,114853,589,Salaried,97448,2,Approved
41,107432,754,Salaried,104653,7,Approved
48,46155,589,Salaried,526727,2,Rejected
55,68588,502,Self-Employed,463228,2,Approved
42,29251,779,Unemployed,752899,2,Approved
60,120420,616,Self-Employed,589008,15,Approved
43,27623,597,Salaried,75430,5,Rejected
23,72715,661,Unemployed,280126,3,Approved
60,24123,839,Salaried,194755,2,Approved
30,21061,797,Salaried,631351,5,Approved
45,124393,796,Salaried,439073,5,Approved
28,120035,581,Salaried,928911,5,Rejected
31,57095,647,Salaried,484414,2,Approved
25,99897,505,Self-Employed,318679,5,Approved
57,99443,684,Salaried,932657,2,Rejected
58,136005,751,Salaried,113402,7,Approved
49,52814,524,Salaried,835692,3,Approved
25,103141,540,Self-Employed,56156,10,Approved
29,47767,668,Unemployed,639184,2,Rejected
22,64057,502,Self-Employed,218476,3,Rejected
21,104755,670,Salaried,392705,2,Approved
60,45946,556,Self-Employed,223348,15,Approved
50,21364,582,Salaried,855120,7,Rejected
31,95015,829,Unemployed,967611,3,Approved
48,105208,678,Self-Employed,739732,3,Approved
32,141208,632,Salaried,363204,5,Approved
59,43345,585,Self-Employed,115199,2,Rejected
46,103895,770,Salaried,429062,2,Approved
33,147022,843,Salaried,778817,10,Approved
28,69116,593,Self-Employed,700945,5,Rejected
48,115599,749,Salaried,599230,5,Approved
50,44521,794,Unemployed,728907,10,Approved
29,72431,697,Salaried,439950,5,Approved
59,28731,578,Self-Employed,237925,5,Approved
51,81094,665,Self-Employed,994989,7,Rejected
41,36423,538,Self-Employed,364890,15,Rejected
54,132612,807,Salaried,802924,3,Approved
51,21934,713,Salaried,839353,10,Approved
45,94945,630,Self-Employed,114770,7,Approved
32,148443,656,Self-Employed,668668,15,Approved
21,114946,658,Salaried,51740,7,Approved
42,114344,821,Salaried,261703,7,Approved
60,45358,726,Unemployed,773714,5,Approved
57,147774,544,Self-Employed,788633,15,Rejected
21,37763,700,Self-Employed,501011,15,Rejected
21,103997,521,Self-Employed,836189,10,Rejected
41,85975,838,Salaried,711500,5,Approved
35,105189,741,Unemployed,832806,5,Approved
37,105507,728,Salaried,833440,7,Approved
42,85525,737,Salaried,496784,2,Approved
58,117248,648,Salaried,898312,10,Approved
55,42604,772,Salaried,158942,10,Approved
36,134585,566,Salaried,273419,7,Rejected
28,147716,506,Self-Employed,897285,7,Rejected
37,28680,732,Self-Employed,75460,3,Approved
37,131508,791,Unemployed,547537,7,Approved
46,113619,755,Salaried,319137,5,Approved
33,73037,566,Self-Employed,700687,7,Rejected
37,117969,749,Self-Employed,104741,10,Approved
58,129115,576,Salaried,319149,2,Approved
37,76914,586,Salaried,778524,2,Rejected
34,125255,751,Salaried,994119,5,Approved
26,28349,721,Salaried,724306,2,Approved
55,46525,571,Salaried,624700,7,Rejected
34,23948,701,Self-Employed,505065,2,Approved
28,32498,558,Self-Employed,130387,7,Rejected
35,77790,775,Self-Employed,718559,15,Approved
47,44245,720,Self-Employed,933547,3,Approved
33,149310,656,Salaried,958359,10,Approved
51,64659,680,Salaried,474117,15,Approved
55,143983,712,Salaried,73823,5,Approved
26,92874,628,Salaried,314478,3,Approved
25,60517,742,Unemployed,678822,2,Approved
42,144618,671,Self-Employed,435409,5,Approved
43,93885,769,Salaried,622488,7,Approved
45,64350,662,Salaried,116138,3,Approved
54,95179,523,Self-Employed,377340,10,Rejected
46,63013,692,Self-Employed,884869,10,Rejected
25,57913,793,Self-Employed,720394,3,Approved
46,63819,628,Salaried,427274,3,Rejected
40,100168,540,Salaried,998117,3,Approved
26,110680,530,Salaried,811505,2,Rejected
26,112792,535,Self-Employed,650648,15,Approved
38,67875,752,Salaried,383536,15,Approved
24,91947,714,Salaried,717519,15,Approved
37,27586,786,Self-Employed,856117,10,Approved
34,69986,755,Salaried,707661,10,Approved
34,107848,685,Self-Employed,990983,2,Approved
33,41055,560,Salaried,238065,5,Approved
27,46807,761,Salaried,431282,10,Approved
35,65177,775,Self-Employed,64073,5,Approved
39,86625,610,Salaried,315710,5,Approved
55,74317,816,Salaried,597225,5,Approved
37,34433,640,Salaried,393238,10,Approved
55,51282,732,Self-Employed,101628,7,Approved
39,94519,522,Self-Employed,508479,5,Rejected
40,61578,578,Unemployed,260668,15,Approved
56,148843,530,Self-Employed,376219,7,Rejected
55,126333,503,Self-Employed,57120,2,Rejected
52,68317,617,Salaried,605924,15,Approved
60,145878,565,Self-Employed,430842,7,Rejected
44,126745,786,Salaried,330917,7,Approved
37,147230,675,Self-Employed,965929,3,Rejected
27,83950,622,Self-Employed,723574,5,Rejected
21,77612,730,Self-Employed,416988,10,Approved
55,82873,542,Salaried,922425,3,Approved
52,133792,503,Self-Employed,547065,15,Rejected
56,142814,689,Salaried,898940,7,Approved
33,33231,803,Salaried,405670,2,Approved
26,105385,749,Unemployed,857645,10,Approved
34,59163,643,Salaried,942790,2,Rejected
57,139880,844,Salaried,866144,7,Approved
35,105592,832,Self-Employed,560170,2,Approved
24,124564,657,Self-Employed,107534,3,Approved
60,73535,564,Self-Employed,508166,2,Approved
36,128952,824,Self-Employed,566739,3,Approved
48,42507,769,Salaried,983360,5,Approved
36,142225,574,Salaried,629358,10,Approved
24,128282,528,Salaried,521133,2,Rejected
46,88559,834,Salaried,763822,3,Approved
48,18982,737,Self-Employed,594439,7,Rejected
52,147128,652,Salaried,551379,15,Approved
22,94737,593,Salaried,133025,7,Approved
51,100446,736,Self-Employed,292003,3,Approved
23,106567,821,Salaried,380535,10,Approved
28,41636,614,Salaried,523076,5,Approved
44,100850,795,Salaried,658367,5,Approved
35,101866,718,Salaried,545918,10,Approved
51,80726,745,Salaried,195201,15,Approved
29,98901,531,Self-Employed,883430,2,Rejected
59,86896,519,Unemployed,332674,3,Rejected
22,58880,552,Salaried,206453,5,Approved
28,70077,705,Salaried,514776,10,Approved
27,21625,718,Self-Employed,812556,5,Rejected
59,56237,694,Salaried,152095,5,Approved
36,19223,804,Salaried,808420,2,Approved
55,83197,694,Salaried,879192,5,Approved
50,92693,844,Self-Employed,199363,3,Approved
30,129555,581,Self-Employed,477120,10,Rejected
58,55760,500,Unemployed,332659,15,Rejected
38,128174,666,Self-Employed,837054,15,Approved
25,145192,816,Salaried,179706,15,Approved
49,47024,682,Self-Employed,581533,2,Approved
59,41202,849,Salaried,822944,15,Approved
54,137414,772,Unemployed,399723,2,Approved
43,69524,656,Unemployed,655119,15,Rejected
25,116228,700,Unemployed,113532,10,Approved
50,122755,691,Self-Employed,153272,3,Approved
26,33993,840,Salaried,245511,15,Rejected
24,32620,798,Self-Employed,88191,5,Approved
49,141271,575,Unemployed,903383,5,Rejected
43,38193,639,Salaried,941533,15,Approved
26,69559,805,Self-Employed,789342,3,Approved
52,39248,695,Unemployed,298447,7,Approved
38,81410,560,Salaried,938998,10,Rejected
35,22260,806,Salaried,936424,3,Rejected
60,55596,832,Salaried,840590,5,Rejected
52,27012,582,Salaried,336266,10,Rejected
29,43823,833,Salaried,418842,15,Approved
57,91851,504,Salaried,800748,10,Rejected
30,65027,718,Self-Employed,633170,5,Approved
40,101794,753,Salaried,950646,3,Approved
26,43099,587,Unemployed,408677,7,Rejected
23,119427,708,Salaried,247732,10,Approved
31,54992,679,Self-Employed,239310,15,Approved
37,137942,707,Salaried,530424,10,Approved
52,135886,772,Self-Employed,371043,10,Approved
24,27218,564,Self-Employed,330978,15,Rejected
24,39788,520,Self-Employed,686044,15,Rejected
37,38501,676,Salaried,973994,15,Rejected
39,121733,521,Salaried,353890,3,Rejected
25,33210,824,Salaried,59167,10,Approved
52,146476,535,Salaried,251537,15,Approved
42,92225,749,Salaried,775184,5,Approved
26,81721,648,Salaried,593618,5,Approved
55,49449,572,Self-Employed,388071,15,Rejected
42,107333,590,Self-Employed,549435,2,Approved
21,38782,675,Unemployed,995957,10,Rejected
40,38243,625,Salaried,292049,7,Approved
42,47379,703,Salaried,981767,2,Approved
31,55780,745,Self-Employed,471071,10,Approved
33,132944,598,Salaried,958836,10,Approved
23,37984,770,Salaried,348987,15,Approved
29,18050,543,Salaried,817053,3,Rejected
32,58205,721,Self-Employed,695072,3,Approved
43,33162,596,Self-Employed,795004,5,Rejected
34,67746,535,Unemployed,173216,2,Rejected
53,29628,667,Unemployed,512419,2,Rejected
38,56516,529,Self-Employed,159435,15,Rejected
29,105157,781,Self-Employed,391422,2,Approved
43,137558,584,Salaried,986424,15,Rejected
30,58800,620,Self-Employed,673257,5,Rejected
39,53788,786,Salaried,441273,7,Approved
25,138754,747,Self-Employed,822965,7,Approved
43,44240,683,Salaried,968736,15,Approved
50,82198,752,Salaried,651803,7,Approved
45,76739,772,Salaried,74311,15,Approved
48,30089,708,Salaried,934059,2,Approved
54,50600,523,Salaried,269016,10,Rejected
45,26167,621,Salaried,287919,2,Rejected
30,96352,724,Self-Employed,649777,15,Approved
34,103965,622,Self-Employed,605055,10,Rejected
50,143540,793,Self-Employed,924526,3,Approved
45,49415,672,Self-Employed,635398,15,Rejected
34,89895,642,Self-Employed,70954,15,Approved
55,97900,668,Unemployed,581712,5,Approved
54,112330,556,Salaried,305101,7,Approved
30,76650,541,Salaried,384042,2,Rejected
55,18615,808,Self-Employed,269380,2,Approved
31,95937,618,Salaried,459055,3,Approved
31,59936,620,Salaried,644362,10,Rejected
41,125812,811,Self-Employed,752090,7,Rejected
41,85875,750,Salaried,580932,5,Approved
42,99782,842,Salaried,73778,10,Approved
27,79700,831,Salaried,310993,10,Approved
37,26109,840,Self-Employed,605776,15,Approved
22,41758,840,Unemployed,709710,7,Approved
32,126592,836,Salaried,705429,5,Approved
38,31317,681,Salaried,474390,7,Approved
31,43622,664,Salaried,468369,7,Rejected
36,24800,763,Self-Employed,843601,2,Approved
38,53539,709,Salaried,250692,5,Approved
55,103163,510,Salaried,179348,10,Rejected
46,34689,681,Salaried,718428,7,Approved
36,99459,750,Salaried,535778,3,Approved
26,56469,637,Salaried,456354,5,Approved
32,78012,717,Self-Employed,170622,3,Approved
33,78021,738,Salaried,779216,10,Approved
24,42642,836,Self-Employed,444722,5,Approved
59,97003,586,Salaried,193352,2,Approved
22,141714,797,Salaried,605153,5,Approved
46,18205,792,Salaried,412096,10,Approved
47,110945,591,Self-Employed,719471,2,Approved
47,30442,707,Salaried,610223,10,Approved
35,109826,703,Self-Employed,396612,15,Rejected
28,56909,685,Salaried,248087,5,Approved
27,37504,584,Salaried,579811,10,Rejected
60,113698,814,Salaried,132139,5,Approved
32,105087,651,Salaried,627637,2,Approved
33,59716,655,Salaried,424437,5,Rejected
37,52571,792,Salaried,187989,10,Approved
37,111280,520,Salaried,117585,10,Rejected
56,63038,660,Self-Employed,217625,15,Approved
41,90795,838,Self-Employed,254265,15,Approved
28,63168,655,Salaried,168600,10,Rejected
25,85690,642,Salaried,568838,3,Approved
46,132053,756,Self-Employed,91730,3,Approved
36,29230,606,Salaried,374417,3,Approved
56,101301,783,Self-Employed,427571,7,Approved
48,84758,549,Unemployed,70679,15,Rejected
49,45050,534,Self-Employed,670488,5,Approved
32,117805,723,Salaried,332649,3,Approved
57,87110,655,Salaried,486193,10,Approved
50,120033,690,Self-Employed,825087,10,Rejected
43,94693,683,Salaried,540845,3,Approved
36,140428,736,Self-Employed,500183,15,Approved
34,37575,796,Salaried,409362,3,Approved
30,58244,822,Self-Employed,63642,10,Approved
27,32962,803,Salaried,958120,3,Approved
57,118695,841,Salaried,769219,15,Approved
49,108388,557,Self-Employed,500756,7,Rejected
23,95332,538,Salaried,165197,7,Approved
35,145386,740,Salaried,133915,15,Approved
56,63037,524,Salaried,476998,7,Approved
39,130666,815,Salaried,921453,2,Approved
33,145048,616,Self-Employed,132842,7,Rejected
41,101040,841,Salaried,830586,10,Approved
57,129264,739,Salaried,569300,15,Approved
47,28715,674,Salaried,420431,2,Approved
49,79726,839,Salaried,940163,10,Approved
40,136208,727,Self-Employed,189284,10,Approved
45,71648,752,Salaried,305874,15,Approved
26,39134,610,Self-Employed,853880,15,Rejected
56,74143,740,Salaried,400075,3,Approved
22,87123,723,Salaried,424257,15,Approved
42,139657,797,Self-Employed,273167,5,Approved
52,84686,551,Salaried,854715,7,Approved
36,130841,720,Salaried,672582,15,Approved
38,50264,803,Salaried,540435,5,Approved
25,127885,787,Salaried,807207,5,Rejected
56,70330,651,Salaried,886550,3,Rejected
50,132672,617,Self-Employed,694759,5,Rejected
39,56345,778,Salaried,817283,7,Approved
43,57222,634,Salaried,535834,2,Approved
54,75755,708,Unemployed,337233,10,Approved
33,26933,626,Self-Employed,741702,7,Approved
49,86207,792,Salaried,536443,3,Approved
56,122691,506,Salaried,312184,2,Approved
42,123137,721,Salaried,745109,3,Approved
56,116818,576,Salaried,555125,7,Approved
29,116510,837,Salaried,287521,10,Approved
59,117251,850,Salaried,638460,5,Approved
39,36212,777,Salaried,91992,15,Approved
58,46174,833,Salaried,569220,15,Approved
26,122649,837,Salaried,215659,5,Approved
35,69319,726,Salaried,655182,3,Approved
40,105846,774,Salaried,885711,2,Approved
29,72808,850,Salaried,134498,15,Approved
52,60616,794,Self-Employed,146195,10,Approved
24,92329,616,Unemployed,81363,3,Rejected
38,145957,791,Unemployed,587100,10,Approved
25,74152,770,Salaried,394056,15,Approved
40,60351,656,Self-Employed,819802,3,Rejected
43,140377,559,Salaried,341572,2,Approved
31,78616,683,Salaried,860753,7,Rejected
57,41010,643,Self-Employed,569109,5,Approved
42,139822,660,Salaried,583373,10,Approved
24,37050,588,Salaried,118342,10,Rejected
49,39125,515,Salaried,805943,2,Rejected
54,110661,748,Salaried,990964,10,Approved
33,106116,597,Self-Employed,219527,7,Approved
29,137233,603,Unemployed,634445,7,Rejected
51,108155,799,Salaried,145795,2,Approved
27,147843,734,Unemployed,238150,3,Approved
24,31869,806,Salaried,100939,3,Approved
39,80167,773,Unemployed,322584,10,Approved
50,81576,760,Self-Employed,557267,10,Rejected
51,39677,738,Salaried,748728,2,Rejected
55,143662,761,Salaried,492347,7,Approved
41,94794,831,Salaried,445395,2,Approved
51,93675,614,Unemployed,812032,3,Rejected
39,60325,767,Salaried,151427,7,Approved
51,58503,511,Self-Employed,55665,10,Rejected
52,37514,572,Salaried,156517,3,Approved
22,74196,804,Unemployed,558556,5,Approved
30,112633,677,Salaried,577678,3,Approved
22,101324,759,Salaried,844791,7,Approved
22,103550,758,Salaried,796533,7,Rejected
44,98331,769,Salaried,386744,2,Approved
37,41653,819,Salaried,182853,7,Approved
52,115294,619,Salaried,760378,5,Approved
36,61755,668,Salaried,702854,5,Approved
36,122296,567,Salaried,515835,7,Rejected
59,116354,558,Salaried,338116,10,Approved
51,89988,629,Salaried,140743,7,Approved
44,55921,765,Salaried,461201,10,Approved
21,64668,574,Self-Employed,764154,7,Rejected
31,73175,589,Salaried,412311,3,Approved
41,71452,653,Salaried,368629,7,Approved
24,64149,717,Self-Employed,411169,3,Rejected
27,33839,527,Salaried,967404,10,Rejected
46,20155,629,Salaried,384922,7,Rejected
32,72512,565,Salaried,278997,10,Approved
51,104150,643,Salaried,651352,5,Approved
37,144041,812,Self-Employed,623682,15,Approved
53,44190,776,Salaried,765352,2,Approved
31,28928,602,Salaried,646729,10,Rejected
48,66425,813,Self-Employed,120174,3,Approved
52,92134,536,Salaried,939108,2,Rejected
21,127875,748,Salaried,103797,15,Approved
48,142264,655,Unemployed,563331,7,Rejected
27,128191,631,Salaried,894178,3,Rejected
22,121716,546,Salaried,736729,2,Rejected
44,74321,694,Salaried,887037,2,Approved
24,131782,602,Salaried,468788,10,Approved
39,127398,827,Salaried,466082,7,Approved
46,76973,670,Self-Employed,106060,7,Approved
31,70414,588,Salaried,465169,7,Rejected
60,47692,745,Salaried,536478,10,Approved
31,123958,557,Salaried,359285,10,Rejected
23,66750,604,Unemployed,947341,7,Rejected
32,86456,679,Salaried,557207,2,Approved
23,42085,568,Salaried,577789,15,Rejected
47,40925,801,Salaried,903154,7,Approved
22,23615,652,Salaried,673973,10,Approved
36,55083,524,Salaried,359162,7,Rejected
22,128764,534,Unemployed,638415,10,Rejected
50,27605,514,Salaried,237037,7,Approved
40,129093,605,Salaried,109198,15,Rejected
58,62608,717,Salaried,461504,2,Approved
48,146788,573,Self-Employed,815522,2,Approved
45,37192,843,Salaried,273132,10,Approved
52,69330,784,Self-Employed,324369,10,Approved
30,67949,537,Unemployed,537899,3,Rejected
60,86382,696,Salaried,553239,5,Approved
53,117233,779,Unemployed,182824,3,Approved
33,70243,774,Salaried,731673,10,Approved
57,118566,673,Salaried,305765,15,Approved
36,76618,804,Self-Employed,543474,10,Approved
42,136168,543,Self-Employed,176889,7,Approved
40,70494,653,Self-Employed,923623,3,Approved
47,41958,652,Salaried,410985,5,Approved
36,125960,790,Unemployed,631022,3,Approved
54,120478,641,Self-Employed,68774,2,Approved
52,23833,755,Salaried,731725,2,Rejected
46,117341,811,Unemployed,164049,3,Approved
45,112240,633,Unemployed,911350,15,Rejected
22,125955,531,Salaried,676528,3,Rejected
32,22073,525,Self-Employed,657703,15,Rejected
60,35667,754,Self-Employed,240603,10,Approved
29,24732,722,Self-Employed,737332,15,Rejected
32,73097,555,Salaried,613272,7,Rejected
46,21487,792,Self-Employed,333051,2,Approved
29,75702,624,Unemployed,577658,5,Rejected
30,112961,729,Salaried,772155,7,Approved
52,103107,552,Self-Employed,186898,15,Approved
54,125721,600,Salaried,103227,3,Approved
40,89031,833,Salaried,282406,2,Approved
59,102217,791,Salaried,316839,3,Approved
22,32781,766,Self-Employed,869296,2,Approved
21,57865,782,Salaried,914733,5,Approved
56,26469,501,Salaried,702965,7,Rejected
44,63167,521,Salaried,292685,5,Rejected
47,37928,565,Salaried,111930,5,Approved
22,57599,711,Salaried,803601,7,Rejected
51,84504,735,Self-Employed,370807,15,Approved
34,88687,516,Self-Employed,103653,7,Rejected
22,127122,513,Salaried,534042,15,Rejected
49,104284,506,Salaried,134414,5,Approved
35,103227,834,Self-Employed,840475,3,Approved
32,115556,721,Salaried,850018,7,Approved
57,61560,603,Self-Employed,513891,5,Approved
48,45256,500,Salaried,344774,5,Approved
40,24125,786,Salaried,492952,5,Approved
59,22370,746,Salaried,621818,3,Approved
44,22838,590,Salaried,296713,10,Approved
41,132479,813,Salaried,315041,10,Approved
30,75429,811,Salaried,286904,7,Approved
34,61199,713,Salaried,314174,10,Approved
57,95092,542,Salaried,393349,2,Approved
38,142925,573,Salaried,787873,15,Approved
44,38113,741,Self-Employed,281207,7,Approved
34,114102,548,Salaried,566451,7,Approved
54,20669,815,Self-Employed,981866,5,Approved
32,95818,721,Self-Employed,879068,15,Rejected
42,97737,849,Salaried,962430,2,Approved
26,42406,643,Self-Employed,384279,10,Rejected
56,30873,828,Salaried,82879,7,Approved
56,143812,708,Salaried,179770,15,Approved
42,100048,598,Salaried,668134,2,Approved
34,41461,687,Self-Employed,611526,3,Approved
36,31448,613,Salaried,391306,3,Approved
56,33198,674,Salaried,206492,5,Approved
45,91158,770,Salaried,412621,2,Approved
52,83470,562,Salaried,708438,7,Approved
53,38739,783,Salaried,437633,3,Approved
56,102054,724,Unemployed,379063,15,Approved
40,76186,660,Salaried,89489,3,Approved
38,44547,535,Salaried,840402,15,Rejected
58,112472,640,Salaried,754873,10,Approved
23,103823,817,Salaried,85579,10,Approved
43,124887,695,Salaried,757334,2,Rejected
52,28686,650,Self-Employed,829971,10,Approved
36,52062,768,Self-Employed,293700,2,Approved
25,66216,843,Unemployed,850438,7,Approved
24,49653,539,Self-Employed,988783,7,Rejected
41,39673,737,Self-Employed,653765,7,Approved
60,37629,721,Unemployed,687323,10,Rejected
34,138756,780,Unemployed,522376,10,Approved
59,129641,724,Self-Employed,673497,5,Approved
51,43063,653,Self-Employed,533277,3,Approved
34,37322,779,Self-Employed,690858,15,Approved
26,30693,538,Salaried,279867,7,Rejected
32,120379,716,Salaried,442980,10,Approved
36,30651,743,Self-Employed,194787,3,Approved
37,27275,608,Salaried,752840,7,Rejected
43,63606,560,Self-Employed,303571,7,Rejected
34,19658,697,Self-Employed,177634,15,Approved
27,90468,775,Salaried,877932,3,Approved
52,59150,671,Salaried,282262,3,Approved
35,32999,771,Salaried,849039,10,Approved
37,24376,770,Salaried,826180,3,Approved
54,69673,541,Salaried,621616,3,Rejected
25,21476,688,Self-Employed,394519,10,Rejected
47,87902,759,Salaried,411098,7,Approved
43,109269,651,Salaried,141424,15,Approved
60,116331,630,Salaried,559208,3,Rejected
34,29164,613,Self-Employed,365808,15,Approved
35,57316,721,Salaried,555315,5,Approved
53,80968,553,Self-Employed,790889,2,Approved
51,52094,837,Salaried,484979,15,Approved
55,73329,795,Salaried,507482,3,Approved
37,101138,541,Salaried,632429,15,Approved
48,84141,592,Unemployed,741512,3,Rejected
39,146307,759,Salaried,742832,2,Approved
43,101197,780,Self-Employed,213465,5,Approved
52,100318,691,Self-Employed,502572,15,Approved
60,97023,624,Self-Employed,224872,7,Rejected
33,69962,795,Salaried,367023,5,Approved
40,131037,847,Self-Employed,901907,2,Approved
55,105601,840,Unemployed,585542,15,Approved
25,102859,534,Self-Employed,567176,3,Rejected
29,108933,546,Self-Employed,901066,7,Rejected
49,63957,652,Salaried,66102,5,Approved
26,100864,737,Salaried,69029,5,Approved
45,144358,504,Self-Employed,989317,7,Rejected
51,61739,624,Salaried,373122,5,Approved
42,56733,827,Self-Employed,639027,2,Approved
22,63389,586,Unemployed,445269,7,Rejected
25,74922,502,Self-Employed,987402,2,Rejected
47,35580,664,Unemployed,672901,7,Rejected
45,133900,722,Salaried,697952,2,Approved
28,149895,848,Self-Employed,735977,3,Approved
21,25084,796,Salaried,130727,3,Approved
40,95991,842,Salaried,857816,5,Approved
43,100455,840,Self-Employed,251729,7,Approved
52,130540,524,Salaried,934499,15,Rejected
31,132540,538,Unemployed,793002,7,Rejected
59,35333,604,Salaried,409173,2,Approved
44,145182,504,Unemployed,286273,15,Rejected
31,54668,635,Salaried,836394,5,Rejected
49,29945,503,Self-Employed,137414,5,Rejected
46,120528,668,Self-Employed,98373,15,Approved
36,64526,815,Self-Employed,762151,7,Approved
55,65717,809,Salaried,518558,3,Approved
40,108480,577,Self-Employed,583807,7,Approved
23,30930,518,Salaried,477232,15,Rejected
21,22333,704,Self-Employed,927993,7,Approved
21,138384,823,Salaried,473113,10,Approved
37,35839,532,Salaried,695012,2,Rejected
22,69337,649,Salaried,789357,2,Rejected
49,38195,692,Salaried,926694,10,Rejected
40,107229,638,Unemployed,308595,5,Rejected
26,131251,771,Salaried,560061,15,Approved
28,130265,695,Self-Employed,899016,2,Rejected
49,119986,626,Salaried,56384,5,Approved
53,68998,848,Unemployed,229970,3,Approved
23,49558,730,Salaried,697073,5,Rejected
55,20985,543,Salaried,612205,2,Rejected
25,79794,729,Self-Employed,527649,15,Approved
47,61585,715,Self-Employed,56608,15,Approved
32,58264,743,Salaried,289852,5,Approved
40,102816,508,Salaried,985282,3,Rejected
40,52022,749,Salaried,330233,10,Approved
29,36065,699,Salaried,878564,2,Rejected
59,132382,833,Self-Employed,527557,15,Approved
24,146145,578,Salaried,452007,3,Rejected
39,105191,744,Salaried,802131,7,Approved
58,89819,689,Salaried,135424,10,Approved
47,125158,585,Salaried,398079,10,Approved
33,21143,770,Self-Employed,362792,2,Approved
33,75505,761,Self-Employed,482690,3,Approved
42,46896,500,Salaried,556391,15,Rejected
48,68629,519,Salaried,356221,15,Rejected
42,57916,629,Salaried,712131,7,Rejected
39,79330,825,Unemployed,631146,15,Approved
28,25551,757,Salaried,341422,3,Approved
28,118972,630,Salaried,852670,15,Rejected
46,137623,506,Salaried,730370,5,Rejected
46,131216,839,Unemployed,970162,15,Approved
43,85782,740,Self-Employed,455107,2,Approved
33,83391,691,Salaried,740451,5,Approved
48,122957,809,Salaried,741023,15,Approved
29,141546,796,Self-Employed,903499,15,Rejected
40,143006,614,Salaried,913326,15,Approved
39,81411,601,Salaried,145942,5,Approved
59,91185,837,Unemployed,524257,15,Approved
32,149960,818,Unemployed,868055,10,Rejected
35,145574,500,Unemployed,161258,15,Rejected
51,47424,524,Salaried,869981,10,Rejected
34,59559,708,Salaried,411873,5,Approved
31,29075,642,Salaried,153232,15,Rejected
46,27950,696,Self-Employed,642375,3,Approved
47,57305,644,Self-Employed,602350,2,Rejected
31,21569,648,Self-Employed,126051,15,Rejected
58,84778,680,Unemployed,488597,2,Approved
54,120633,554,Self-Employed,303183,3,Rejected
39,48085,637,Salaried,279932,5,Approved
26,114307,708,Salaried,582992,2,Rejected
58,110174,684,Salaried,716770,15,Rejected
48,54163,564,Salaried,646262,10,Rejected
21,67592,536,Salaried,859334,7,Rejected
55,135431,611,Self-Employed,711146,10,Approved
60,26039,762,Salaried,217991,3,Approved
28,21824,575,Self-Employed,259807,7,Rejected
27,68420,795,Self-Employed,121629,2,Approved
31,107535,677,Salaried,491569,15,Approved
59,21436,753,Salaried,178518,2,Approved
24,111550,500,Salaried,78691,7,Rejected
45,34057,647,Salaried,475118,2,Approved
32,19310,658,Salaried,962853,7,Rejected
46,144913,823,Self-Employed,73118,5,Approved
58,84013,767,Self-Employed,710376,3,Approved
32,78022,649,Salaried,351421,15,Approved
57,36546,628,Salaried,553808,10,Approved
44,116812,625,Self-Employed,937696,7,Approved
36,90855,500,Salaried,202399,7,Approved
33,51149,616,Salaried,927796,5,Rejected
45,131591,648,Self-Employed,747044,15,Rejected
24,47858,768,Salaried,264298,15,Approved
31,63330,688,Self-Employed,427591,10,Approved
52,110203,640,Salaried,661446,5,Approved
27,43293,604,Salaried,719562,5,Rejected
31,74869,751,Salaried,394290,3,Approved
48,108429,780,Self-Employed,954498,2,Approved
43,23704,843,Self-Employed,241425,15,Approved
43,66281,600,Salaried,499080,15,Approved
48,134972,781,Unemployed,534845,10,Approved
46,131532,662,Salaried,960843,5,Approved
45,84780,702,Salaried,606342,2,Approved
49,73333,599,Salaried,223876,2,Rejected
39,107893,780,Salaried,513960,2,Approved
53,80958,756,Salaried,909410,15,Approved
56,48844,593,Salaried,529884,2,Approved
34,132501,823,Unemployed,960108,3,Approved
34,109200,778,Self-Employed,308527,3,Approved
55,18792,726,Self-Employed,777941,5,Approved
50,101187,649,Salaried,99015,2,Approved
48,60510,850,Self-Employed,581912,5,Approved
37,131104,561,Salaried,395843,7,Approved
23,57632,628,Self-Employed,390864,15,Rejected
36,101568,686,Unemployed,106215,3,Rejected
50,83214,567,Self-Employed,952498,3,Approved
49,62870,529,Salaried,259157,15,Approved
35,66110,803,Salaried,899071,10,Approved
45,127414,774,Unemployed,244963,7,Approved
58,36077,626,Salaried,344117,3,Approved
58,82874,712,Self-Employed,334235,2,Approved
43,27754,805,Salaried,465042,15,Approved
45,43688,633,Salaried,980486,2,Rejected
27,25048,718,Self-Employed,679521,15,Approved
42,40568,818,Salaried,711780,2,Approved
37,115583,656,Salaried,356914,15,Approved
38,112449,687,Salaried,185103,5,Approved
30,63217,661,Self-Employed,634356,3,Approved
30,145873,628,Salaried,286818,5,Approved
27,43358,803,Salaried,613416,3,Approved
58,132064,588,Self-Employed,264839,10,Approved
47,29023,661,Salaried,928781,5,Rejected
53,113387,535,Salaried,952161,3,Rejected
21,104728,726,Salaried,874039,10,Approved
54,45410,650,Salaried,291053,3,Approved
24,123696,580,Salaried,909319,7,Rejected
37,29447,546,Unemployed,827833,15,Rejected
24,135954,703,Self-Employed,809209,5,Rejected
46,104569,647,Salaried,314244,2,Approved
24,113894,730,Salaried,256049,10,Approved
21,31907,526,Salaried,838169,10,Rejected
27,39637,688,Salaried,700837,2,Approved
50,41560,664,Unemployed,277889,10,Rejected
29,21034,711,Salaried,715470,2,Approved
55,149241,807,Self-Employed,507475,2,Approved
28,110449,574,Salaried,570510,3,Rejected
44,21239,591,Salaried,298514,5,Approved
39,21415,561,Salaried,723136,7,Rejected
56,94944,565,Salaried,713799,10,Rejected
47,71987,579,Self-Employed,963584,3,Rejected
52,36225,639,Salaried,270635,7,Approved
34,98459,629,Salaried,174565,7,Rejected
38,38936,753,Self-Employed,862939,10,Approved
48,57612,819,Self-Employed,496384,10,Approved
49,113533,528,Self-Employed,757944,3,Rejected
36,138877,701,Salaried,996464,10,Rejected
55,120269,736,Self-Employed,890110,7,Approved
51,57952,586,Salaried,966031,10,Rejected
24,76945,595,Self-Employed,948386,15,Rejected
57,23380,786,Self-Employed,733920,15,Approved
37,98821,838,Salaried,963134,3,Approved
59,67744,788,Salaried,232305,3,Approved
46,98262,751,Unemployed,321683,3,Approved
59,75331,679,Salaried,915830,10,Rejected
24,110551,599,Self-Employed,432407,5,Rejected
50,81815,572,Salaried,825392,3,Rejected
50,89519,630,Self-Employed,759248,5,Rejected
42,110526,681,Self-Employed,558036,2,Approved
31,127365,693,Salaried,278831,3,Approved
22,54366,517,Salaried,979319,5,Rejected
32,117830,625,Salaried,51854,5,Approved
50,59911,710,Salaried,93904,7,Approved
56,101422,506,Salaried,858866,5,Approved
38,71619,613,Self-Employed,349989,7,Approved
46,40791,839,Unemployed,88108,15,Approved
27,26301,583,Self-Employed,697568,15,Rejected
21,144866,838,Self-Employed,653195,15,Approved
46,121623,601,Self-Employed,589264,5,Rejected
43,130824,592,Self-Employed,361427,5,Approved
46,54894,815,Self-Employed,128216,2,Approved
26,97618,601,Salaried,423548,5,Approved
26,88994,750,Salaried,761583,10,Approved
28,59770,523,Salaried,275860,10,Rejected
44,40300,666,Self-Employed,318301,15,Approved
42,136025,639,Salaried,892162,10,Approved
39,138605,593,Salaried,933161,2,Rejected
57,58285,680,Salaried,474086,5,Rejected
38,135713,563,Unemployed,131581,2,Approved
51,66671,503,Self-Employed,138533,5,Approved
57,136216,593,Salaried,169194,7,Approved
50,38270,771,Self-Employed,996520,2,Approved
53,137870,782,Unemployed,820851,15,Approved
30,145897,631,Salaried,487443,10,Approved
57,90265,571,Salaried,802159,10,Approved
32,29171,803,Salaried,923544,10,Approved
50,78684,580,Salaried,529425,5,Rejected
47,67948,673,Unemployed,423673,5,Approved
59,52725,799,Self-Employed,932232,2,Approved
29,37450,551,Self-Employed,541494,15,Rejected
41,143900,789,Salaried,839108,3,Approved
32,102600,736,Unemployed,51215,5,Approved
49,129315,776,Salaried,462077,3,Approved
53,38115,779,Salaried,196932,3,Approved
35,117405,543,Salaried,379944,5,Rejected
22,105404,753,Self-Employed,737100,2,Approved
59,128670,633,Self-Employed,434622,15,Approved
38,60738,555,Salaried,182041,3,Rejected
23,99666,513,Self-Employed,875828,2,Approved
27,102351,677,Salaried,50600,2,Approved
38,28728,600,Salaried,858757,15,Rejected
58,123852,679,Salaried,780420,5,Approved
57,101911,756,Salaried,708076,15,Approved
53,135616,767,Self-Employed,455924,3,Approved
51,54214,536,Self-Employed,540052,2,Approved
31,63588,703,Salaried,329309,3,Approved
24,86408,758,Salaried,897584,2,Rejected
38,52103,654,Self-Employed,313578,5,Approved
24,88949,737,Salaried,64852,2,Approved
54,31423,808,Salaried,742466,5,Approved
49,56062,599,Salaried,982469,5,Approved
44,19987,772,Salaried,730952,3,Approved
42,80979,612,Salaried,240635,3,Approved
22,55597,609,Salaried,249310,15,Approved
26,101905,642,Salaried,963218,3,Approved
45,94970,666,Salaried,929360,7,Approved
41,81805,759,Salaried,594663,3,Approved
36,137779,644,Self-Employed,58651,3,Approved
51,75467,729,Self-Employed,499900,15,Approved
34,125732,767,Salaried,656013,2,Rejected
59,119460,531,Salaried,434077,15,Approved
48,136105,798,Salaried,440633,7,Approved
52,142535,718,Salaried,656739,7,Approved
48,27458,676,Self-Employed,707337,2,Approved
29,86481,603,Salaried,948573,3,Rejected
42,92888,735,Salaried,258077,15,Approved
52,94022,592,Salaried,96828,10,Approved
25,85628,700,Salaried,102916,5,Approved
43,88648,798,Salaried,935026,7,Approved
25,34937,730,Unemployed,908045,2,Rejected
52,19112,754,Self-Employed,500236,10,Rejected
30,66355,584,Salaried,627015,5,Approved
59,93561,534,Self-Employed,177634,10,Approved
35,136181,616,Salaried,573091,3,Rejected
27,78482,675,Salaried,365945,2,Approved
49,97098,775,Unemployed,355579,5,Approved
23,140978,584,Salaried,122150,5,Approved
39,74625,616,Unemployed,507569,3,Approved
30,142359,703,Self-Employed,951632,3,Approved
48,89246,645,Unemployed,507027,3,Rejected
49,30588,714,Self-Employed,412087,2,Approved
35,133910,604,Salaried,451662,7,Approved
55,146658,848,Self-Employed,677408,10,Approved
26,38967,796,Salaried,694825,2,Approved
32,148153,568,Self-Employed,920989,2,Rejected
58,42256,754,Salaried,297725,10,Approved
33,146121,730,Self-Employed,99202,5,Approved
49,98732,702,Self-Employed,706159,10,Approved
39,148145,747,Self-Employed,500659,3,Approved
23,116120,748,Self-Employed,846371,5,Approved
28,62840,643,Self-Employed,273695,2,Approved
28,130647,782,Salaried,220482,10,Approved
40,77321,740,Self-Employed,66620,2,Approved
24,61202,840,Self-Employed,506077,15,Approved
41,77231,728,Self-Employed,936940,2,Approved
23,39552,530,Unemployed,670841,10,Rejected
28,39661,608,Salaried,974685,15,Rejected
43,149642,526,Salaried,877530,15,Rejected
36,83843,842,Self-Employed,765566,15,Approved
33,87278,659,Salaried,618343,2,Approved
23,112328,516,Salaried,70885,7,Approved
29,149837,766,Self-Employed,723456,7,Approved
34,144355,628,Salaried,599814,2,Approved
33,42198,719,Unemployed,990598,5,Rejected
27,79201,581,Unemployed,578084,5,Rejected
35,91271,548,Salaried,691349,5,Rejected
27,129578,540,Self-Employed,829597,5,Rejected
58,58364,519,Salaried,398488,7,Approved
54,133227,826,Self-Employed,104571,5,Approved
42,118353,536,Salaried,264691,10,Approved
44,95564,538,Self-Employed,256936,5,Approved
57,123447,608,Salaried,709470,10,Rejected
21,37631,563,Self-Employed,828873,7,Rejected
30,51500,674,Self-Employed,229517,10,Approved
36,76915,778,Salaried,748203,15,Approved
28,120760,531,Self-Employed,80897,10,Rejected
45,44897,708,Unemployed,809245,2,Approved
32,119639,518,Self-Employed,191580,10,Approved
45,131849,605,Self-Employed,894904,15,Rejected
37,129118,705,Salaried,342510,2,Approved
46,75320,746,Salaried,704852,15,Approved
34,86289,822,Salaried,625826,5,Approved
56,49941,666,Salaried,451799,10,Approved
43,93172,588,Salaried,900060,10,Approved
26,21376,815,Self-Employed,836600,3,Approved
25,48783,510,Salaried,929632,5,Rejected
45,61025,548,Salaried,639343,10,Approved
38,34447,560,Self-Employed,961364,10,Rejected
33,34713,670,Salaried,103117,3,Approved
34,146869,642,Salaried,135128,2,Approved
48,22858,706,Salaried,767418,5,Approved
38,77834,700,Salaried,550897,3,Approved
48,100060,504,Unemployed,729916,5,Rejected
47,121898,710,Self-Employed,292432,5,Approved
52,120207,528,Salaried,364023,2,Approved
29,104366,689,Salaried,834846,2,Approved
60,18869,687,Unemployed,528645,7,Rejected
52,80624,824,Self-Employed,860365,3,Rejected
40,111676,754,Salaried,590447,15,Approved
48,21659,649,Self-Employed,464077,3,Approved
53,124888,512,Salaried,177457,5,Approved
24,76185,656,Salaried,929970,7,Rejected
54,135136,579,Salaried,981060,7,Rejected
23,80758,772,Unemployed,906688,5,Approved
46,109150,647,Self-Employed,133633,2,Approved
28,35216,705,Salaried,181002,7,Approved
26,59209,613,Self-Employed,433451,3,Rejected
36,60987,505,Salaried,85280,2,Approved
44,126024,777,Salaried,864269,10,Approved
59,60320,731,Salaried,759101,7,Approved
50,29301,636,Self-Employed,653658,5,Rejected
33,144560,659,Salaried,675270,3,Rejected
25,18891,843,Salaried,607337,7,Approved
45,68457,788,Salaried,263421,5,Approved
40,131389,704,Self-Employed,716180,3,Approved
38,38932,825,Salaried,243369,7,Approved
38,22192,804,Salaried,328149,3,Approved
22,34128,657,Salaried,799820,10,Rejected
30,40836,605,Salaried,529794,3,Approved
32,42837,581,Self-Employed,792442,5,Rejected
33,135028,841,Unemployed,172793,7,Approved
31,134481,769,Salaried,899406,5,Approved
39,143176,548,Self-Employed,120168,10,Rejected
55,143172,705,Salaried,814801,15,Approved
59,40778,717,Salaried,158813,2,Approved
46,61130,805,Salaried,503992,3,Approved
34,34708,663,Self-Employed,789943,5,Rejected
44,125481,778,Self-Employed,485111,15,Approved
21,22782,821,Self-Employed,846966,7,Approved
42,28052,730,Salaried,903656,7,Rejected
43,37521,698,Self-Employed,563498,2,Rejected
39,87690,713,Self-Employed,137855,7,Approved
38,53546,783,Salaried,943810,10,Approved
32,122713,775,Unemployed,814375,2,Approved
48,120617,684,Salaried,50816,10,Approved
48,40030,709,Self-Employed,831472,3,Rejected
53,107831,620,Salaried,545386,10,Approved
39,95400,715,Self-Employed,695164,3,Approved
48,36055,596,Self-Employed,962158,10,Rejected
57,92861,618,Salaried,672398,2,Rejected
46,139184,781,Unemployed,476661,3,Approved
55,134524,605,Salaried,191518,15,Approved
54,134826,817,Salaried,931771,10,Approved
55,54775,641,Self-Employed,981319,10,Approved
60,103909,822,Salaried,929527,7,Approved
36,54253,767,Salaried,560393,10,Approved
58,69884,790,Self-Employed,941968,7,Approved
33,94497,666,Self-Employed,650330,10,Approved
43,35705,659,Unemployed,576734,5,Rejected
42,109640,730,Self-Employed,920240,7,Approved
36,25101,513,Self-Employed,707080,2,Rejected
48,80495,692,Unemployed,338623,2,Approved
55,26951,654,Salaried,508975,3,Approved
28,54180,600,Salaried,390632,15,Rejected
42,74977,559,Self-Employed,411382,15,Rejected
41,81209,542,Salaried,108656,2,Approved
46,126575,692,Salaried,870508,3,Approved
60,68918,810,Self-Employed,620553,2,Approved
41,138014,608,Unemployed,549937,7,Rejected
45,96950,592,Salaried,607255,5,Rejected
21,25749,715,Salaried,439623,3,Approved
26,42182,662,Salaried,627546,5,Rejected
43,95450,850,Salaried,700052,10,Approved
43,98543,733,Salaried,98625,10,Approved
43,114487,850,Self-Employed,186146,5,Approved
52,128227,666,Salaried,830564,7,Approved
50,96578,647,Salaried,229202,5,Approved
33,134258,527,Self-Employed,856809,5,Rejected
38,31181,758,Self-Employed,663280,5,Approved
43,62898,585,Salaried,103085,3,Approved
35,21405,607,Salaried,613989,3,Rejected
53,28862,616,Salaried,100749,5,Approved
41,46688,514,Unemployed,426836,15,Rejected
59,66017,710,Salaried,557794,7,Approved
43,30939,817,Unemployed,572760,10,Approved
47,122152,530,Self-Employed,377225,10,Rejected
38,57585,781,Salaried,320615,10,Approved
44,134315,684,Salaried,745718,2,Approved
60,122447,565,Self-Employed,970523,7,Approved
27,99560,815,Salaried,153661,3,Approved
40,115435,562,Salaried,461964,10,Approved
47,87283,727,Salaried,689102,3,Approved
26,27297,600,Salaried,603263,3,Rejected
47,82005,638,Salaried,742954,3,Rejected
29,146833,618,Unemployed,839681,15,Rejected
51,148654,556,Salaried,168589,3,Approved
41,104994,630,Self-Employed,111929,5,Approved
46,74305,536,Salaried,865540,3,Approved
60,140688,610,Salaried,408036,2,Approved
33,25645,652,Salaried,595829,3,Approved
43,60238,749,Unemployed,750021,10,Approved
40,87694,741,Salaried,664882,3,Approved
57,34786,707,Self-Employed,855855,10,Approved
48,58693,669,Salaried,660618,3,Rejected
37,114447,756,Self-Employed,633139,7,Approved
48,87702,778,Salaried,995248,5,Approved
22,102845,612,Salaried,173818,10,Approved
45,33076,674,Self-Employed,115552,2,Approved
26,37377,588,Salaried,434836,3,Approved
31,145368,634,Salaried,188155,10,Approved
58,51539,793,Salaried,743203,15,Approved
26,144552,802,Self-Employed,603406,5,Approved
31,44245,705,Salaried,357478,15,Approved
34,85092,817,Salaried,816403,3,Approved
22,127454,572,Self-Employed,912873,5,Rejected
60,65427,758,Salaried,226733,2,Approved
23,89839,647,Salaried,246527,10,Rejected
55,134801,724,Self-Employed,145918,2,Approved
53,128845,604,Unemployed,569981,5,Rejected
44,104298,543,Salaried,891756,7,Rejected
39,107147,525,Self-Employed,299377,7,Approved
38,73413,803,Salaried,763737,15,Approved
44,83958,760,Salaried,666407,10,Approved
55,49275,558,Salaried,507505,3,Approved
21,44597,560,Salaried,95156,15,Approved
56,95521,804,Salaried,294364,2,Approved
45,112243,569,Self-Employed,56230,7,Approved
54,86908,770,Salaried,869081,7,Approved
45,73188,756,Salaried,353573,3,Approved
36,52710,624,Salaried,542844,2,Rejected
54,136493,518,Salaried,114127,5,Approved
49,67249,618,Salaried,479261,15,Approved
39,52247,819,Salaried,641448,7,Rejected
43,44408,565,Salaried,384929,10,Approved
39,94313,744,Self-Employed,75811,10,Rejected
45,23443,556,Salaried,394182,5,Approved
36,148270,543,Self-Employed,109227,3,Rejected
29,149151,511,Unemployed,352215,3,Rejected
21,114818,735,Salaried,614996,15,Approved
39,99785,523,Salaried,256804,7,Rejected
53,144691,756,Salaried,632419,15,Approved
54,53391,783,Salaried,249083,7,Approved
36,52171,823,Self-Employed,478751,7,Approved
60,133019,750,Salaried,769161,5,Approved
38,25485,593,Salaried,230466,5,Approved
54,145628,521,Salaried,488214,7,Rejected
45,128104,656,Salaried,891048,3,Approved
26,133427,588,Salaried,475571,2,Approved
41,108153,701,Salaried,660930,7,Approved
26,55748,696,Salaried,471705,3,Approved
52,105150,544,Salaried,358647,3,Rejected
59,107364,578,Salaried,975711,10,Approved
51,133925,538,Self-Employed,218451,15,Approved
30,27958,783,Salaried,891993,2,Rejected
50,105160,654,Salaried,549634,7,Rejected
38,33493,648,Salaried,974207,2,Rejected
44,39199,842,Self-Employed,331310,7,Approved
29,48493,551,Salaried,499227,15,Rejected
51,129545,750,Salaried,449379,2,Approved
35,67002,646,Salaried,295441,2,Approved
24,41731,828,Unemployed,513675,3,Approved
60,19071,849,Self-Employed,222042,2,Approved
29,117926,757,Salaried,661347,2,Approved
29,145872,772,Salaried,648294,15,Approved
46,59410,624,Salaried,683726,7,Rejected
24,112948,703,Salaried,455836,3,Approved
37,59041,755,Self-Employed,792946,2,Rejected
36,141616,630,Self-Employed,448736,3,Approved
35,71326,520,Salaried,138841,3,Approved
55,71096,577,Self-Employed,110135,5,Rejected
25,61167,834,Salaried,674677,7,Approved
25,79292,550,Salaried,628509,5,Rejected
40,93419,765,Salaried,526242,3,Rejected
35,105753,615,Salaried,516975,15,Approved
38,29093,554,Salaried,129863,15,Approved
22,122089,791,Salaried,503685,2,Approved
49,90043,550,Salaried,468528,7,Rejected
33,142534,829,Salaried,166536,10,Approved
24,120865,772,Self-Employed,507322,7,Approved
30,142678,753,Unemployed,896808,5,Rejected
51,65287,560,Salaried,86376,7,Approved
28,51427,846,Self-Employed,653021,2,Rejected
23,147849,850,Self-Employed,95100,7,Approved
29,127839,724,Self-Employed,795387,10,Approved
50,110662,835,Salaried,609733,15,Approved
31,35970,602,Salaried,377973,5,Approved
55,88218,547,Salaried,692172,5,Rejected
57,92362,724,Salaried,146599,3,Approved
33,128949,841,Salaried,634680,5,Approved
56,144895,732,Self-Employed,143051,10,Approved
33,45315,569,Salaried,62454,10,Rejected
32,101804,546,Salaried,918620,15,Rejected
57,59581,727,Salaried,884753,5,Approved
30,115357,509,Salaried,532209,15,Rejected
29,137761,684,Self-Employed,862155,7,Rejected
27,131984,579,Self-Employed,299102,10,Rejected
22,110449,512,Self-Employed,874377,5,Rejected
43,148522,813,Salaried,492426,5,Approved
59,61030,839,Salaried,938627,7,Approved
60,80245,823,Self-Employed,230440,15,Approved
59,53133,583,Salaried,481684,5,Approved
41,61998,585,Salaried,844081,2,Approved
43,133603,656,Salaried,963651,3,Approved
49,66245,643,Unemployed,564150,10,Rejected
34,41557,562,Self-Employed,488788,7,Rejected
46,88474,542,Salaried,565882,7,Rejected
25,109228,657,Salaried,289879,3,Approved
51,83074,684,Self-Employed,711744,2,Approved
45,76204,785,Salaried,309917,3,Approved
51,24846,822,Salaried,726700,5,Approved
40,41694,523,Salaried,230957,15,Approved
37,39740,704,Salaried,596622,7,Approved
22,48996,723,Salaried,415796,15,Approved
45,81874,600,Salaried,645395,15,Approved
33,115661,703,Unemployed,876274,15,Approved
59,124945,507,Salaried,60694,15,Rejected
48,40970,671,Salaried,931625,5,Rejected
26,106890,707,Salaried,652655,7,Approved
23,75300,595,Salaried,261808,15,Approved
55,79915,661,Unemployed,756933,7,Approved
38,93147,790,Salaried,966503,15,Approved
31,94064,595,Unemployed,430209,5,Rejected
40,84535,805,Salaried,730309,3,Approved
25,21760,644,Self-Employed,950282,15,Approved
39,120715,757,Self-Employed,483088,10,Approved
42,143491,799,Unemployed,131884,10,Approved
39,148992,601,Self-Employed,892367,3,Rejected
36,80399,676,Salaried,328639,2,Approved
44,80278,827,Self-Employed,388412,3,Approved
24,131286,609,Self-Employed,959605,3,Rejected
35,111515,697,Self-Employed,412917,3,Approved
45,70142,628,Salaried,146404,10,Approved
55,145157,636,Salaried,953318,7,Approved
34,110930,526,Salaried,858109,2,Approved
39,115812,636,Salaried,192532,2,Approved
58,88063,663,Self-Employed,688206,2,Approved
56,148990,848,Salaried,663789,5,Approved
27,30247,630,Salaried,762871,15,Approved
50,35603,650,Self-Employed,913313,3,Approved
39,120099,745,Self-Employed,613012,7,Approved
45,18527,609,Salaried,720121,7,Approved
36,23849,572,Salaried,125153,5,Approved
60,68314,785,Unemployed,809738,10,Approved
28,35230,774,Salaried,118108,5,Approved
38,110229,566,Self-Employed,363555,5,Rejected
48,90495,549,Salaried,295861,3,Approved
36,119390,803,Salaried,268900,10,Approved
39,109937,502,Self-Employed,190995,15,Rejected
37,131723,725,Self-Employed,416156,15,Approved
33,21323,565,Salaried,477345,5,Approved
27,149517,654,Self-Employed,107676,15,Approved
47,100945,610,Salaried,470044,7,Approved
30,138801,795,Salaried,604470,3,Approved
54,99947,755,Self-Employed,554036,15,Approved
56,79897,773,Self-Employed,133042,10,Approved
45,136636,654,Self-Employed,314101,7,Rejected
26,31487,638,Salaried,801002,2,Rejected
44,95384,666,Self-Employed,358153,3,Approved
38,31155,518,Salaried,369947,7,Rejected
43,29255,844,Salaried,206865,5,Approved
26,138860,722,Salaried,138618,5,Approved
49,143596,556,Unemployed,366281,3,Approved
45,92543,793,Salaried,105931,10,Approved
37,53094,632,Salaried,435334,5,Rejected
44,27734,837,Self-Employed,478873,7,Approved
31,57605,791,Salaried,989847,2,Approved
46,95932,843,Self-Employed,490999,10,Approved
54,142109,704,Salaried,96637,3,Approved
48,45881,618,Self-Employed,483123,5,Approved
23,58122,752,Salaried,838190,10,Approved
31,53297,584,Salaried,637854,2,Rejected
58,129513,684,Self-Employed,344057,10,Approved
34,54680,724,Self-Employed,418529,10,Approved
46,101452,647,Salaried,808005,3,Approved
41,69044,779,Salaried,549666,2,Approved
59,108502,726,Salaried,214311,2,Approved
50,40152,785,Salaried,103569,10,Approved
28,102738,783,Salaried,90584,5,Approved
40,122533,680,Salaried,493512,10,Approved
52,43433,608,Salaried,328626,7,Approved
42,66648,634,Salaried,692625,5,Approved
27,60113,790,Salaried,509245,3,Approved
29,121504,789,Salaried,183229,2,Approved
21,148431,602,Self-Employed,283955,15,Rejected
49,51062,700,Self-Employed,297937,5,Rejected
28,89633,616,Salaried,682207,3,Approved
24,59604,831,Salaried,915095,10,Approved
55,50121,809,Salaried,892496,3,Approved
23,143015,528,Salaried,259105,7,Rejected
60,104940,526,Salaried,768581,15,Rejected
27,34494,512,Salaried,386232,3,Rejected
47,64235,541,Unemployed,549865,15,Rejected
21,99213,723,Salaried,991995,15,Rejected
47,34489,520,Self-Employed,786900,5,Rejected
36,95281,635,Salaried,918884,2,Rejected
58,126190,825,Salaried,366962,5,Approved
27,142613,720,Salaried,131255,5,Approved
43,122222,644,Salaried,748331,2,Approved
31,19316,509,Salaried,478341,7,Approved
53,78046,724,Self-Employed,408873,5,Approved
56,96643,640,Self-Employed,552495,2,Approved
57,115504,605,Salaried,171467,2,Approved
37,133594,767,Self-Employed,752191,5,Approved
55,82042,693,Salaried,838401,15,Approved
25,146295,627,Salaried,939707,2,Rejected
52,132430,712,Self-Employed,879739,15,Rejected
23,143782,650,Self-Employed,324772,10,Approved
55,68094,679,Salaried,171859,5,Approved
34,65719,816,Salaried,132554,15,Approved
51,139103,525,Salaried,707961,7,Approved
51,146826,514,Salaried,952312,10,Rejected
37,68478,521,Unemployed,439539,7,Rejected
44,61677,844,Salaried,589927,15,Approved
43,29584,564,Unemployed,206384,5,Rejected
38,20106,750,Unemployed,896212,3,Rejected
34,43223,520,Salaried,370696,2,Rejected
35,53706,732,Salaried,374930,10,Approved
35,78369,515,Self-Employed,240474,5,Rejected
26,28015,771,Salaried,148911,2,Approved
47,100164,704,Salaried,679013,15,Approved
35,69500,797,Salaried,776154,3,Rejected
56,81925,659,Salaried,85833,7,Approved
28,108979,540,Salaried,111093,5,Approved
35,114355,607,Salaried,909834,5,Approved
23,72909,624,Self-Employed,745381,15,Rejected
33,29565,651,Unemployed,604883,3,Rejected
54,45597,512,Salaried,889910,7,Approved
44,83623,702,Salaried,448786,5,Approved
60,92300,578,Salaried,363333,15,Approved
52,109837,541,Salaried,592857,2,Rejected
52,67314,668,Self-Employed,468788,15,Approved
50,59965,748,Self-Employed,712865,3,Approved
33,115449,620,Salaried,837611,5,Approved
21,85957,771,Self-Employed,398766,15,Approved
54,46317,799,Self-Employed,278368,7,Approved
35,137191,708,Salaried,761447,10,Rejected
34,84753,657,Self-Employed,256720,5,Approved
49,53242,620,Salaried,571476,7,Approved
54,124262,726,Self-Employed,339951,3,Approved
38,117806,523,Salaried,326560,7,Approved
27,116724,729,Salaried,200200,7,Approved
49,31580,525,Self-Employed,445476,3,Rejected
51,122134,557,Salaried,351032,10,Rejected
45,113967,764,Self-Employed,643322,15,Rejected
58,38742,625,Salaried,954533,2,Rejected
34,35833,774,Self-Employed,186550,10,Approved
28,114421,527,Salaried,186870,2,Rejected
47,89347,800,Self-Employed,385777,2,Approved
22,92155,627,Salaried,230429,2,Approved
37,107791,593,Salaried,131231,5,Approved
57,132527,690,Salaried,448596,10,Approved
34,59057,771,Self-Employed,789089,7,Approved
45,62261,504,Salaried,468691,5,Rejected
50,149114,656,Unemployed,353851,3,Rejected
49,40769,551,Salaried,344130,3,Approved
40,40449,742,Self-Employed,803371,2,Approved
41,54345,650,Self-Employed,718524,5,Rejected
42,135926,761,Self-Employed,443050,15,Approved
55,142576,804,Self-Employed,994709,15,Approved
57,87428,579,Salaried,552154,5,Rejected
36,22321,682,Salaried,96804,3,Approved
37,23776,606,Salaried,79008,7,Rejected
36,34119,653,Salaried,564846,10,Approved
22,148078,792,Salaried,485937,10,Approved
24,70967,704,Salaried,620124,2,Rejected
41,93723,615,Salaried,652390,2,Approved
59,130620,516,Salaried,298056,2,Approved
54,98880,787,Self-Employed,874128,3,Approved
50,26195,655,Salaried,109075,3,Approved
26,120658,524,Salaried,857965,15,Rejected
37,75995,777,Self-Employed,889582,10,Approved
59,148112,816,Salaried,449150,15,Approved
45,56250,625,Salaried,634591,15,Approved
25,33376,799,Salaried,530386,2,Approved
25,82723,775,Self-Employed,488795,15,Approved
40,61442,677,Salaried,415003,5,Approved
36,23392,843,Salaried,368991,15,Approved
57,42809,546,Salaried,351468,7,Approved
60,133095,699,Salaried,887748,3,Approved
29,149765,550,Self-Employed,530404,15,Rejected
25,117473,794,Self-Employed,531388,2,Approved
22,112769,769,Self-Employed,277563,2,Approved
29,92710,696,Salaried,102025,3,Approved
56,29352,520,Self-Employed,870650,10,Rejected
42,71076,642,Salaried,251713,10,Approved
42,41354,747,Salaried,678228,10,Approved
42,63833,500,Salaried,149507,10,Approved
54,22318,837,Self-Employed,351964,5,Rejected
49,130363,773,Self-Employed,666272,2,Approved
58,117992,740,Salaried,562395,10,Approved
53,84003,557,Self-Employed,102176,10,Approved
38,125841,625,Self-Employed,596816,15,Rejected
27,118726,828,Salaried,363351,7,Approved
21,107199,551,Self-Employed,576479,7,Rejected
53,137195,722,Salaried,731614,2,Approved
21,125507,801,Self-Employed,97378,15,Approved
44,126173,768,Self-Employed,401896,3,Approved
24,46273,595,Salaried,879929,10,Rejected
24,47473,772,Self-Employed,944593,5,Approved
38,79410,822,Salaried,366024,7,Approved
47,146536,560,Self-Employed,678282,10,Rejected
52,110981,820,Salaried,267816,3,Approved
53,63310,680,Self-Employed,242542,5,Approved
48,101406,632,Salaried,921363,7,Approved
56,130765,588,Self-Employed,286995,15,Approved
26,43992,672,Salaried,336963,3,Approved
36,47433,811,Self-Employed,222171,3,Rejected
54,43933,504,Salaried,85216,15,Rejected
43,87285,842,Salaried,411172,5,Approved
44,128121,703,Salaried,403820,5,Approved
33,140747,661,Self-Employed,638757,7,Approved
38,129682,560,Salaried,357363,5,Rejected
33,41439,689,Salaried,852919,10,Rejected
57,113826,824,Self-Employed,611103,5,Approved
59,110776,562,Self-Employed,508814,15,Rejected
37,137070,543,Salaried,799341,3,Rejected
35,110345,738,Salaried,790845,5,Approved
38,130923,527,Salaried,666626,7,Rejected
43,101459,697,Self-Employed,829786,10,Approved
50,137598,768,Self-Employed,875784,5,Approved
54,105971,670,Self-Employed,761180,10,Approved
24,141299,529,Self-Employed,628262,5,Rejected
23,43236,653,Salaried,262455,10,Rejected
27,132679,708,Salaried,455480,5,Approved
38,98570,562,Salaried,972337,5,Rejected
27,114621,828,Salaried,594318,2,Approved
60,27442,556,Unemployed,289358,3,Approved
26,74437,819,Salaried,260899,7,Approved
42,96179,707,Unemployed,787409,7,Rejected
21,143608,807,Self-Employed,262433,2,Approved
24,82557,562,Self-Employed,834311,5,Approved
49,90752,747,Salaried,434501,3,Approved
41,66534,640,Salaried,833622,10,Rejected
46,122303,592,Salaried,841722,2,Approved
34,141295,606,Self-Employed,820974,7,Rejected
29,133287,587,Salaried,809189,7,Rejected
32,25288,800,Salaried,174605,15,Approved
26,127570,607,Self-Employed,707179,15,Rejected
40,113547,545,Self-Employed,278376,7,Approved
44,99122,576,Self-Employed,382787,5,Rejected
47,50400,716,Salaried,324880,15,Rejected
58,140609,668,Unemployed,207855,10,Approved
28,65878,801,Self-Employed,847912,10,Approved
21,66850,628,Self-Employed,349695,10,Rejected
44,97044,700,Salaried,741023,5,Approved
27,63113,695,Self-Employed,854572,7,Rejected
39,76791,847,Self-Employed,437561,15,Approved
42,27684,767,Salaried,920679,15,Approved
55,110783,587,Salaried,682912,7,Approved
50,89727,752,Self-Employed,200652,5,Approved
49,101378,737,Unemployed,994297,3,Approved
42,76552,572,Self-Employed,741781,5,Rejected
31,22934,660,Salaried,360861,5,Approved
40,19354,557,Salaried,552873,7,Approved
49,122777,790,Salaried,453835,10,Approved
54,113352,839,Self-Employed,63147,7,Approved
21,71046,565,Self-Employed,613310,15,Rejected
51,129098,525,Salaried,148718,3,Rejected
50,83064,797,Unemployed,865102,2,Approved
38,75184,576,Self-Employed,769487,15,Rejected
37,45424,785,Salaried,930794,2,Approved
58,25139,535,Salaried,777233,5,Rejected
34,29226,518,Salaried,582434,2,Rejected
43,123234,777,Salaried,325931,15,Approved
45,101652,820,Salaried,753148,10,Approved
35,88647,812,Self-Employed,764539,7,Approved
42,86617,766,Self-Employed,867976,3,Approved
23,21531,781,Salaried,617316,3,Approved
39,112311,518,Salaried,757382,3,Rejected
54,100124,838,Self-Employed,75598,15,Approved
55,62069,639,Salaried,547772,15,Approved
21,139907,566,Unemployed,962289,7,Rejected
41,106074,811,Salaried,896695,10,Approved
49,126345,517,Salaried,594642,3,Rejected
26,72203,760,Self-Employed,549840,2,Approved
57,33915,611,Self-Employed,338252,10,Approved
21,59477,614,Salaried,400634,10,Rejected
21,134740,665,Salaried,821098,15,Rejected
47,140217,566,Self-Employed,741080,15,Rejected
41,107067,754,Salaried,853159,10,Rejected
36,71520,569,Salaried,518368,3,Approved
60,88053,807,Self-Employed,804267,10,Approved
46,69464,702,Self-Employed,456822,15,Approved
36,43357,626,Self-Employed,736275,3,Rejected
48,85952,820,Salaried,203388,2,Approved
21,66061,579,Salaried,496619,15,Approved
56,24490,675,Salaried,187655,2,Approved
30,95219,612,Self-Employed,776940,2,Rejected
37,144305,610,Self-Employed,624187,15,Rejected
43,23839,808,Salaried,238915,15,Approved
27,42992,636,Salaried,184428,2,Approved
27,131154,632,Self-Employed,251796,10,Approved
35,74249,827,Salaried,170586,10,Approved
54,121313,688,Salaried,378065,3,Rejected
24,68734,776,Salaried,327955,2,Approved
34,143626,724,Self-Employed,119769,5,Approved
34,42260,602,Unemployed,865351,2,Rejected
36,79852,606,Salaried,56246,7,Approved
27,46380,562,Salaried,178619,5,Rejected
52,89257,744,Salaried,117271,7,Approved
39,22930,672,Salaried,331085,5,Approved
22,72017,832,Salaried,915654,15,Approved
30,98630,830,Salaried,742950,3,Approved
37,49280,709,Self-Employed,411626,10,Approved
57,142130,690,Salaried,850854,3,Approved
32,24544,657,Self-Employed,673471,5,Approved
26,32388,818,Self-Employed,133425,2,Approved
42,19694,724,Salaried,573170,3,Approved
52,145727,671,Salaried,956448,5,Rejected
40,106202,822,Self-Employed,153601,2,Approved
21,131057,535,Self-Employed,694085,10,Rejected
26,67294,633,Salaried,650321,5,Approved
39,56769,536,Salaried,722016,7,Rejected
38,131289,592,Self-Employed,966318,7,Rejected
26,120885,574,Salaried,282271,7,Approved
53,55855,743,Salaried,241288,2,Approved
43,65646,682,Unemployed,657814,2,Rejected
43,131947,704,Self-Employed,636322,3,Rejected
46,28910,686,Self-Employed,875696,2,Rejected
33,100757,665,Salaried,929395,5,Rejected
27,26463,614,Salaried,837756,7,Rejected
35,44534,706,Self-Employed,256857,10,Approved
47,130296,744,Self-Employed,70286,15,Approved
46,103094,832,Salaried,724866,7,Approved
53,105905,660,Unemployed,962078,5,Rejected
35,43407,512,Salaried,601018,15,Approved
56,80552,793,Salaried,809018,10,Approved
47,110303,735,Salaried,890169,3,Approved
25,89908,772,Self-Employed,953842,2,Approved
22,142506,613,Self-Employed,242986,5,Approved
53,40369,651,Self-Employed,497044,15,Approved
36,23900,525,Salaried,315038,2,Rejected
43,58733,667,Self-Employed,733299,3,Rejected
58,105236,531,Salaried,240256,10,Rejected
36,149661,720,Salaried,696624,15,Approved
34,78044,705,Self-Employed,361040,5,Approved
49,103553,841,Salaried,97563,10,Approved
46,106435,597,Salaried,740089,15,Rejected
55,67008,590,Salaried,957688,15,Rejected
35,84794,713,Salaried,475144,5,Approved
23,97134,687,Salaried,284238,3,Approved
43,70890,556,Salaried,701769,3,Rejected
49,133259,606,Salaried,396739,3,Approved
54,47404,694,Salaried,330467,2,Rejected
53,83223,521,Self-Employed,668973,7,Approved
43,18637,685,Salaried,99165,10,Approved
27,121186,584,Self-Employed,622281,5,Approved
23,33828,579,Self-Employed,685606,10,Rejected
52,119976,828,Self-Employed,966572,7,Approved
51,63097,576,Self-Employed,569154,2,Rejected
38,131271,829,Salaried,165433,2,Approved
27,50022,840,Salaried,631602,7,Approved
21,50202,676,Self-Employed,818179,15,Rejected
34,46704,673,Self-Employed,289578,5,Rejected
52,109411,581,Salaried,208261,7,Approved
26,147688,520,Salaried,326784,2,Approved
59,41641,678,Self-Employed,251178,15,Approved
30,55479,829,Self-Employed,811373,2,Approved
27,40027,724,Self-Employed,216786,15,Rejected
46,60912,764,Salaried,161115,10,Approved
54,126227,768,Salaried,348094,5,Approved
50,146773,750,Salaried,430318,5,Approved
56,127658,772,Salaried,744692,2,Approved
41,60692,842,Unemployed,660714,7,Approved
37,116884,771,Salaried,201534,2,Approved
53,50209,779,Salaried,871107,10,Approved
30,74738,722,Salaried,297407,7,Approved
32,55242,574,Self-Employed,871863,2,Rejected
36,125966,650,Salaried,844559,15,Rejected
52,84457,841,Self-Employed,507226,15,Rejected
35,147257,604,Self-Employed,543402,5,Approved
47,86309,541,Salaried,328856,10,Approved
48,104496,675,Salaried,768861,2,Approved
37,128078,744,Self-Employed,717822,2,Approved
22,19865,752,Self-Employed,322541,15,Rejected
56,114242,773,Salaried,595389,15,Approved
27,46887,833,Salaried,436711,15,Approved
33,114047,591,Self-Employed,619484,15,Rejected
35,146863,510,Salaried,252208,3,Rejected
45,58478,651,Salaried,232390,7,Approved
43,129750,688,Self-Employed,509133,3,Approved
42,31394,663,Salaried,782680,5,Approved
46,22487,625,Self-Employed,130560,7,Rejected
53,126924,710,Salaried,714985,10,Rejected
31,75268,596,Salaried,496512,7,Rejected
30,47605,808,Self-Employed,414329,15,Approved
45,89602,838,Salaried,877308,2,Approved
57,96206,546,Self-Employed,143553,2,Rejected
58,111375,807,Salaried,536732,2,Approved
44,111937,723,Salaried,127972,7,Approved
60,74921,556,Salaried,682988,2,Approved
53,78760,574,Self-Employed,56747,2,Approved
37,85847,753,Salaried,855015,15,Approved
44,115547,650,Salaried,790812,3,Approved
57,61839,558,Salaried,472263,2,Rejected
22,57673,824,Self-Employed,85497,3,Approved
52,21642,585,Salaried,124323,5,Approved
44,69761,669,Self-Employed,451254,7,Rejected
29,27622,645,Unemployed,53910,3,Rejected
24,66423,826,Salaried,151800,15,Approved
37,60873,532,Salaried,487295,7,Approved
37,65565,502,Self-Employed,876702,7,Rejected
50,18757,783,Salaried,217640,10,Approved
60,24220,756,Self-Employed,713522,3,Approved
31,126408,625,Salaried,298396,2,Approved
41,109851,612,Salaried,126798,15,Approved
41,111329,802,Unemployed,213370,15,Approved
38,145636,792,Salaried,936228,10,Approved
49,46288,841,Salaried,80270,3,Approved
44,92492,547,Self-Employed,790596,15,Rejected
30,37109,774,Unemployed,627342,3,Approved
37,75326,694,Salaried,289877,5,Approved
38,27864,838,Unemployed,677529,2,Approved
40,105562,724,Self-Employed,598089,5,Approved
57,92310,712,Unemployed,393536,7,Rejected
38,137454,820,Self-Employed,259971,2,Approved
37,39017,781,Self-Employed,529720,5,Approved
29,68337,637,Self-Employed,914020,5,Rejected
34,101557,832,Salaried,339933,2,Approved
49,28372,569,Unemployed,63683,3,Rejected
51,118050,798,Salaried,89162,7,Approved
24,111938,569,Salaried,451388,10,Approved
38,89333,707,Self-Employed,89225,15,Approved
40,34283,699,Salaried,348208,10,Approved
29,58857,558,Self-Employed,137704,10,Approved
33,69772,758,Self-Employed,483207,7,Approved
35,113856,840,Salaried,589986,2,Approved
47,24107,850,Salaried,389464,2,Approved
35,53561,833,Salaried,736832,2,Approved
48,31138,838,Self-Employed,999230,10,Approved
57,142143,664,Self-Employed,305475,3,Approved
39,36632,744,Salaried,205620,5,Approved
46,65547,583,Unemployed,143667,10,Rejected
46,30100,808,Salaried,652275,7,Approved
45,65930,613,Salaried,88328,2,Approved
46,71025,733,Salaried,591646,5,Approved
46,96944,761,Salaried,842708,2,Approved
48,109641,671,Self-Employed,318368,2,Approved
38,114920,517,Salaried,236717,2,Approved
52,60362,734,Self-Employed,100822,15,Approved
23,46610,809,Self-Employed,570325,3,Approved
22,122334,656,Salaried,155422,5,Approved
53,25717,710,Salaried,254792,10,Approved
39,82022,780,Salaried,595843,3,Approved
37,69645,818,Salaried,499005,15,Approved
53,47550,695,Salaried,637977,7,Approved
32,58868,614,Salaried,87573,15,Rejected
23,116039,659,Salaried,499129,7,Rejected
46,50800,654,Self-Employed,897670,15,Rejected
55,28886,550,Salaried,76107,10,Approved
28,63805,783,Unemployed,332344,5,Approved
56,50532,572,Salaried,851740,10,Rejected
27,130765,827,Unemployed,644957,3,Approved
56,46688,840,Salaried,522800,5,Approved
36,41089,609,Self-Employed,901666,7,Rejected
44,51585,785,Salaried,196632,5,Approved
21,20438,720,Salaried,453620,5,Rejected
45,111095,508,Self-Employed,193920,5,Approved
30,32026,581,Self-Employed,565979,10,Rejected
36,138168,819,Self-Employed,147412,2,Approved
36,68998,793,Salaried,648597,3,Approved
28,75013,521,Self-Employed,918211,5,Rejected
49,69039,598,Salaried,777158,5,Approved
59,124446,669,Salaried,516570,10,Approved
48,116452,689,Self-Employed,459330,3,Approved
26,85182,605,Salaried,130564,3,Approved
36,70147,819,Unemployed,921909,7,Approved
40,93400,764,Salaried,827398,3,Approved
36,64434,850,Unemployed,504089,3,Approved
27,44515,667,Self-Employed,806046,5,Approved
34,76001,843,Salaried,924033,2,Approved
46,127591,612,Salaried,965124,5,Rejected
46,63778,827,Self-Employed,765388,15,Approved
34,113849,805,Self-Employed,656438,10,Approved
27,121083,647,Salaried,679046,3,Approved
53,119276,836,Self-Employed,592555,2,Approved
46,74908,719,Salaried,256711,5,Approved
40,112048,532,Self-Employed,907999,15,Rejected
23,52256,719,Unemployed,239100,7,Approved
24,145025,818,Salaried,512928,10,Approved
46,145343,684,Self-Employed,977651,15,Approved
31,27127,692,Salaried,677075,10,Approved
22,136251,679,Salaried,346280,15,Approved
34,99163,505,Self-Employed,248874,10,Rejected
50,136279,508,Salaried,329179,5,Approved
32,119824,560,Salaried,150414,2,Approved
46,56664,662,Self-Employed,326919,2,Approved
53,74795,598,Salaried,479082,3,Approved
33,139729,647,Salaried,708115,2,Approved
34,54079,557,Salaried,483532,7,Rejected
44,102225,714,Salaried,373223,15,Approved
54,42259,815,Salaried,791328,10,Approved
46,44571,681,Self-Employed,145995,5,Approved
41,69119,534,Salaried,784455,10,Rejected
48,26009,802,Salaried,591849,10,Approved
56,128210,545,Salaried,393061,7,Approved
60,79829,586,Salaried,337762,15,Approved
22,56230,503,Salaried,593228,10,Rejected
29,129364,765,Self-Employed,848308,10,Approved
43,74049,606,Salaried,97777,7,Approved
35,119762,574,Unemployed,630234,7,Rejected
33,141273,539,Salaried,978631,2,Rejected
43,137466,626,Salaried,485799,15,Approved
37,137053,682,Salaried,319740,10,Approved
22,113018,618,Salaried,854900,15,Rejected
40,50795,572,Self-Employed,306406,3,Approved
40,131812,539,Self-Employed,855287,3,Rejected
23,103411,703,Salaried,267770,3,Approved
32,57191,595,Self-Employed,80467,15,Rejected
60,30453,778,Self-Employed,527521,7,Approved
22,138848,642,Unemployed,713517,10,Rejected
56,132165,614,Salaried,682078,2,Approved
34,67993,632,Salaried,684852,10,Approved
36,128780,667,Salaried,706278,3,Approved
39,63706,744,Salaried,579035,15,Approved
54,109434,776,Self-Employed,539027,5,Approved
26,68799,758,Unemployed,92563,15,Approved
33,137586,545,Salaried,536323,3,Approved
56,78964,845,Self-Employed,639480,15,Approved
42,115379,834,Unemployed,694712,15,Rejected
38,127987,736,Unemployed,465181,15,Approved
32,79926,552,Self-Employed,372874,7,Approved
50,21801,647,Self-Employed,493449,10,Rejected
60,58144,686,Salaried,255175,7,Approved
27,112478,520,Unemployed,942602,15,Rejected
52,130364,589,Salaried,991511,2,Rejected
39,100819,732,Salaried,908518,10,Rejected
26,36637,714,Salaried,420048,10,Approved
40,62621,550,Self-Employed,920455,10,Approved
47,65431,652,Salaried,835866,5,Rejected
57,117937,823,Self-Employed,867626,10,Approved
27,74172,615,Salaried,923987,5,Approved
25,43437,713,Salaried,727660,10,Approved
31,41119,838,Salaried,336736,15,Approved
35,86835,850,Salaried,410880,3,Approved
23,78805,636,Salaried,365346,2,Approved
25,36201,784,Salaried,476220,10,Approved
43,46634,570,Salaried,367177,7,Rejected
57,104821,744,Self-Employed,521472,3,Approved
29,63775,537,Salaried,279399,7,Rejected
35,144546,715,Self-Employed,572227,7,Approved
23,132090,626,Salaried,899523,5,Rejected
49,92676,571,Salaried,946237,2,Approved
26,24798,725,Self-Employed,681797,7,Approved
37,95160,814,Self-Employed,230904,3,Approved
46,95751,783,Salaried,830088,2,Approved
41,58888,801,Salaried,739643,3,Approved
28,67047,745,Unemployed,853767,7,Rejected
41,127640,570,Salaried,186479,2,Approved
31,120614,694,Salaried,574702,10,Approved
58,63955,537,Salaried,284224,7,Approved
28,139298,616,Self-Employed,665823,7,Rejected
44,103490,737,Self-Employed,382651,15,Approved
55,57265,703,Salaried,327289,15,Approved
34,64313,850,Salaried,710345,5,Approved
34,62350,818,Salaried,926321,3,Approved
30,127168,504,Salaried,844082,10,Rejected
32,45924,656,Salaried,521716,2,Approved
58,100593,606,Salaried,879839,7,Approved
54,135490,727,Salaried,212644,7,Approved
30,25312,641,Self-Employed,240604,10,Approved
37,48353,813,Self-Employed,662729,7,Approved
37,131744,671,Self-Employed,667591,3,Approved
23,34192,645,Salaried,923809,2,Rejected
51,114548,506,Unemployed,263441,10,Rejected
21,116991,842,Unemployed,290503,10,Approved
32,96711,800,Salaried,679920,15,Approved
59,24774,515,Salaried,733112,5,Rejected
24,133107,819,Self-Employed,204084,2,Approved
33,90427,536,Self-Employed,696562,10,Rejected
54,105513,652,Unemployed,62708,7,Approved
41,82014,764,Self-Employed,196123,15,Approved
42,73256,682,Salaried,863607,2,Approved
24,116743,655,Salaried,593623,3,Rejected
38,109190,636,Salaried,298885,10,Approved
25,69715,589,Self-Employed,499112,3,Approved
39,25466,717,Unemployed,553430,10,Approved
22,35637,829,Salaried,706897,7,Approved
32,148424,685,Salaried,675760,5,Approved
37,86745,708,Salaried,973191,7,Approved
30,54317,550,Salaried,590640,3,Rejected
54,21543,787,Self-Employed,428727,2,Approved
26,140790,587,Salaried,877003,15,Rejected
28,69052,635,Salaried,222216,3,Approved
31,40064,657,Salaried,411904,5,Rejected
32,90287,781,Salaried,674086,10,Approved
29,98442,654,Salaried,775956,15,Approved
22,138550,719,Salaried,763852,10,Approved
28,32425,666,Salaried,274589,3,Approved
31,69481,821,Self-Employed,321623,2,Approved
56,95347,678,Self-Employed,538275,10,Approved
30,90317,828,Self-Employed,338958,10,Approved
41,68530,549,Self-Employed,60065,15,Approved
40,99099,800,Unemployed,862252,5,Approved
28,43888,586,Self-Employed,453654,15,Rejected
56,83836,532,Salaried,72871,5,Approved
49,128478,774,Salaried,885757,2,Rejected
32,66990,640,Salaried,283688,10,Approved
34,104544,705,Salaried,331805,7,Approved
41,81627,723,Self-Employed,891282,3,Rejected
42,146345,612,Self-Employed,837828,15,Rejected
41,90843,777,Salaried,574461,10,Approved
50,47251,504,Self-Employed,957341,3,Rejected
59,92418,711,Salaried,225426,15,Approved
40,70620,755,Unemployed,328057,10,Approved
44,28040,833,Self-Employed,765327,5,Approved
43,31162,529,Self-Employed,794831,2,Approved
27,83435,846,Salaried,650904,7,Approved
29,136504,581,Salaried,805910,15,Approved
21,92667,735,Salaried,433577,5,Approved
46,146658,843,Salaried,134998,2,Approved
58,23037,822,Salaried,637014,5,Approved
58,78526,752,Unemployed,823099,15,Rejected
42,105914,617,Salaried,497097,3,Approved
30,110162,529,Salaried,674291,10,Approved
26,77090,610,Salaried,392643,5,Approved
37,83560,753,Salaried,367964,15,Approved
58,107552,698,Unemployed,698130,2,Approved
44,34444,794,Salaried,855907,10,Approved
30,58443,841,Unemployed,528920,15,Approved
28,115229,796,Salaried,510596,3,Approved
41,130314,786,Unemployed,482381,3,Approved
26,42248,743,Salaried,554405,7,Approved
41,145521,720,Self-Employed,954371,10,Approved
59,86008,655,Salaried,164412,3,Approved
44,78309,735,Self-Employed,942256,5,Rejected
53,61237,819,Self-Employed,572812,3,Approved
38,144967,518,Salaried,977446,3,Rejected
48,26104,714,Salaried,607948,3,Approved
52,101230,613,Unemployed,320550,7,Approved
32,108266,699,Salaried,266421,15,Approved
47,52980,524,Unemployed,718531,2,Approved
30,92990,620,Self-Employed,531881,15,Approved
52,27554,729,Salaried,145839,3,Approved
46,109049,598,Salaried,535943,2,Approved
45,66167,845,Unemployed,661547,10,Approved
31,85238,502,Salaried,656813,2,Rejected
43,35038,760,Salaried,501111,10,Approved
54,45397,753,Self-Employed,425120,7,Approved
60,92491,519,Salaried,365710,10,Approved
43,47602,703,Self-Employed,721672,10,Approved
49,72471,793,Salaried,148039,5,Approved
51,115081,627,Salaried,363809,7,Approved
27,41116,791,Salaried,210472,3,Approved
60,24674,673,Salaried,417491,7,Approved
53,23446,720,Salaried,198633,5,Approved
41,142809,536,Self-Employed,137101,10,Approved
22,38760,809,Self-Employed,395547,15,Approved
38,19963,648,Self-Employed,79621,7,Approved
53,126281,591,Salaried,922637,5,Rejected
57,23177,569,Salaried,663521,15,Approved
54,29160,583,Unemployed,452953,3,Rejected
40,120876,704,Salaried,82035,10,Approved
55,25543,766,Salaried,162257,7,Rejected
38,125211,587,Salaried,125224,7,Approved
44,57278,751,Salaried,62974,15,Approved
28,70105,710,Salaried,74648,10,Approved
50,94151,842,Self-Employed,481342,7,Approved
30,84968,530,Self-Employed,78612,10,Approved
43,81830,815,Salaried,683010,5,Approved
31,91967,560,Self-Employed,558994,10,Approved
22,26611,566,Salaried,354720,3,Approved
46,31872,725,Salaried,570268,10,Approved
56,67455,834,Self-Employed,457799,15,Approved
53,52930,826,Salaried,464402,7,Approved
33,90022,566,Salaried,599851,15,Approved
60,80714,627,Self-Employed,732051,10,Approved
45,142906,610,Self-Employed,379271,10,Approved
24,126722,771,Self-Employed,130994,10,Approved
39,84704,800,Salaried,449117,3,Approved
38,18415,533,Salaried,680671,15,Rejected
57,94441,711,Salaried,157083,3,Approved
50,129736,799,Salaried,583322,7,Approved
39,88779,624,Self-Employed,348561,15,Rejected
43,106444,602,Self-Employed,930160,7,Approved
36,122448,705,Salaried,261724,10,Approved
21,27888,619,Self-Employed,985453,2,Rejected
32,142790,669,Salaried,168297,15,Approved
44,76765,534,Self-Employed,607777,5,Rejected
54,33935,830,Salaried,182876,10,Approved
28,91002,745,Salaried,128147,5,Approved
38,98631,839,Salaried,634826,3,Approved
25,19320,808,Unemployed,507760,7,Approved
46,64032,557,Salaried,771550,2,Approved
50,95763,805,Salaried,884309,7,Approved
33,56002,640,Salaried,303444,3,Approved
39,56912,610,Salaried,466053,10,Approved
49,18552,662,Salaried,365535,3,Approved
23,38140,610,Self-Employed,63229,2,Approved
46,103591,651,Salaried,994791,10,Approved
60,51367,564,Unemployed,722636,15,Rejected
32,42061,605,Salaried,798036,10,Approved
22,114590,715,Salaried,185362,2,Rejected
31,60124,590,Salaried,405810,7,Approved
48,134322,525,Self-Employed,100812,10,Approved
38,124134,656,Salaried,471338,7,Approved
33,53765,571,Salaried,162203,5,Approved
57,100606,543,Self-Employed,743041,2,Approved
42,114422,589,Self-Employed,991224,5,Rejected
32,127910,632,Self-Employed,516102,10,Approved
22,72681,660,Self-Employed,496288,2,Approved
57,80349,731,Salaried,681920,10,Approved
27,118063,760,Salaried,821347,2,Rejected
46,81474,610,Self-Employed,52523,7,Approved
46,40592,663,Salaried,831489,3,Rejected
44,130196,576,Salaried,149964,15,Approved
32,41618,708,Self-Employed,450846,3,Approved
36,69632,512,Salaried,840944,2,Approved
43,27529,557,Salaried,730646,5,Rejected
60,140164,843,Self-Employed,320473,2,Approved
29,42154,535,Self-Employed,586040,7,Rejected
52,50882,524,Salaried,690729,15,Rejected
35,62917,533,Salaried,913016,5,Rejected
57,100488,639,Salaried,614391,2,Rejected
33,33701,774,Salaried,302037,15,Approved
25,86225,721,Salaried,428016,15,Approved
31,137278,536,Salaried,761439,2,Rejected
30,20988,628,Self-Employed,376423,10,Rejected
33,53919,815,Salaried,522823,7,Approved
35,27013,822,Unemployed,263725,7,Approved
27,25838,717,Salaried,887435,3,Approved
60,49368,834,Unemployed,56520,10,Approved
48,50228,747,Salaried,895129,5,Approved
52,64097,610,Salaried,812250,15,Rejected
55,147802,803,Salaried,645115,3,Approved
35,56333,719,Self-Employed,65106,7,Approved
56,22435,695,Self-Employed,827637,2,Approved
41,56418,646,Self-Employed,741455,10,Rejected
26,75955,843,Self-Employed,737783,7,Approved
21,77507,539,Salaried,701222,7,Approved
24,69033,633,Salaried,121660,10,Approved
31,90972,690,Salaried,260039,7,Approved
46,120012,662,Salaried,887650,3,Approved
57,65219,560,Self-Employed,620151,10,Rejected
43,50326,504,Self-Employed,295556,7,Rejected
49,130626,536,Salaried,148550,7,Approved
41,149197,716,Self-Employed,268316,10,Approved
47,84735,724,Salaried,909555,2,Rejected
59,122396,715,Salaried,774034,5,Approved
60,34375,638,Salaried,427173,10,Approved
33,27182,605,Salaried,539816,2,Approved
43,111177,598,Salaried,883427,15,Rejected
36,113066,667,Salaried,306923,7,Approved
50,142401,763,Salaried,274952,3,Approved
24,106148,586,Salaried,314578,15,Rejected
60,121806,583,Salaried,951461,7,Approved
36,40144,723,Salaried,197563,7,Approved
51,138270,510,Unemployed,810484,15,Rejected
45,106909,826,Self-Employed,824776,2,Approved
32,148661,685,Unemployed,726837,10,Approved
46,51799,849,Salaried,96381,5,Approved
57,52510,730,Self-Employed,502356,5,Rejected
53,105919,640,Salaried,284602,10,Approved
48,131043,605,Self-Employed,254410,10,Approved
29,71242,752,Salaried,193944,3,Approved
32,64546,548,Salaried,126252,10,Rejected
25,87939,762,Salaried,756896,3,Approved
48,139265,704,Salaried,471323,10,Approved
55,22897,550,Salaried,453768,3,Approved
25,149235,674,Unemployed,325609,10,Rejected
54,70540,724,Salaried,318064,10,Rejected
54,48030,760,Self-Employed,498291,5,Approved
33,73313,721,Salaried,972972,7,Approved
59,146070,722,Self-Employed,653901,7,Approved
34,47870,768,Self-Employed,339361,3,Approved
31,134565,797,Salaried,352608,2,Approved
58,142703,817,Salaried,879739,15,Approved
24,75255,573,Self-Employed,118275,5,Approved
53,110407,613,Salaried,235047,10,Approved
27,135952,718,Salaried,522597,5,Approved
28,127396,553,Salaried,701499,2,Rejected
57,41674,699,Salaried,761552,5,Approved
30,58426,630,Salaried,369698,2,Approved
35,67584,838,Salaried,847094,15,Approved
58,91251,691,Self-Employed,956958,2,Approved
35,87353,678,Self-Employed,779581,2,Approved
25,113029,804,Salaried,460617,2,Approved
49,100990,786,Salaried,970994,2,Approved
39,22600,739,Salaried,691860,10,Rejected
30,126286,744,Salaried,486165,5,Approved
32,51762,829,Self-Employed,556200,7,Approved
24,137006,616,Self-Employed,304474,7,Approved
51,35341,707,Self-Employed,939650,10,Approved
38,113140,711,Unemployed,784549,3,Approved
36,102074,758,Salaried,946378,15,Rejected
60,35015,662,Self-Employed,967025,2,Approved
56,128180,725,Self-Employed,207304,5,Approved
45,142581,840,Self-Employed,273926,2,Approved
43,67849,563,Self-Employed,689565,2,Rejected
32,132719,745,Self-Employed,746954,7,Approved
54,33852,517,Salaried,406296,2,Approved
56,73361,533,Unemployed,178787,5,Rejected
57,129794,811,Self-Employed,140319,5,Approved
23,80355,822,Salaried,199689,7,Approved
29,142773,680,Self-Employed,993056,10,Rejected
38,45410,846,Salaried,863072,7,Approved
55,51924,693,Self-Employed,460913,7,Approved
54,130622,691,Unemployed,271161,2,Approved
34,88831,566,Salaried,324685,3,Rejected
24,46038,708,Self-Employed,67354,15,Approved
49,134936,666,Self-Employed,480690,10,Approved
35,27136,745,Self-Employed,417037,10,Approved
48,31213,744,Salaried,99057,10,Approved
36,126546,665,Salaried,933683,2,Rejected
32,45431,795,Salaried,354583,7,Approved
25,60290,710,Salaried,583650,15,Approved
54,114815,632,Salaried,63171,2,Approved
21,148374,696,Self-Employed,643009,5,Approved
59,60747,846,Unemployed,688333,3,Approved
52,93974,548,Salaried,600263,3,Approved
46,97763,563,Salaried,565030,15,Approved
37,147132,611,Self-Employed,898377,2,Rejected
47,90994,684,Salaried,569489,7,Rejected
44,87015,603,Unemployed,822423,10,Rejected
55,18051,712,Self-Employed,627884,15,Approved
59,85695,504,Self-Employed,131065,15,Rejected
46,46491,618,Salaried,89218,5,Approved
58,34080,843,Salaried,66582,5,Approved
43,52880,748,Salaried,937984,15,Approved
42,129056,666,Salaried,51147,3,Approved
24,65361,741,Self-Employed,235500,15,Approved
29,105685,779,Salaried,155054,7,Approved
24,98875,737,Salaried,147565,10,Approved
27,112841,805,Self-Employed,644530,3,Approved
43,106091,704,Salaried,276200,7,Approved
22,51005,813,Salaried,932542,10,Approved
44,83471,500,Self-Employed,971539,2,Rejected
60,144718,670,Salaried,230080,7,Approved
51,124379,666,Salaried,76858,15,Approved
51,68728,757,Salaried,911885,15,Approved
60,27756,562,Salaried,469109,5,Approved
54,141670,771,Salaried,276064,7,Approved
44,54308,536,Salaried,802457,7,Rejected
46,82079,515,Salaried,520033,15,Rejected
36,83524,753,Salaried,349966,15,Approved
33,27327,842,Salaried,821474,7,Approved
35,123561,845,Self-Employed,470220,10,Approved
47,112436,835,Self-Employed,297601,10,Approved
24,34533,526,Self-Employed,87631,2,Rejected
36,115417,610,Salaried,719791,2,Approved
50,111318,732,Salaried,946821,10,Approved
50,58429,563,Self-Employed,187246,10,Approved
56,104348,596,Self-Employed,134064,3,Approved
23,91065,766,Self-Employed,993573,7,Rejected
42,111396,825,Salaried,411152,7,Approved
42,31654,731,Salaried,911928,5,Approved
32,87483,547,Self-Employed,149373,10,Rejected
41,25899,849,Unemployed,946802,10,Rejected
24,113909,709,Unemployed,76859,2,Approved
51,122971,575,Unemployed,745856,15,Rejected
51,109724,746,Self-Employed,531616,2,Approved
43,47295,815,Self-Employed,302577,15,Approved
40,98565,567,Salaried,253036,7,Approved
35,67574,812,Self-Employed,826325,7,Approved
43,119067,563,Salaried,124496,15,Approved
48,48066,681,Salaried,884230,10,Rejected
36,47418,579,Self-Employed,884074,7,Rejected
57,100607,842,Self-Employed,881115,10,Approved
41,67874,702,Self-Employed,582739,5,Approved
35,130158,681,Salaried,269638,5,Approved
37,104257,713,Salaried,243715,3,Approved
57,148538,619,Unemployed,626383,2,Approved
33,67635,740,Self-Employed,98394,3,Approved
39,131023,834,Salaried,272771,5,Approved
50,117837,701,Salaried,529641,7,Rejected
38,35404,791,Unemployed,972779,2,Rejected
34,90629,553,Salaried,823609,2,Rejected
56,31156,644,Salaried,597143,3,Rejected
56,67999,585,Salaried,944567,2,Rejected
40,32694,521,Salaried,265385,5,Rejected
39,87549,830,Salaried,596912,7,Approved
27,50799,791,Salaried,560588,3,Approved
24,108288,735,Salaried,461830,7,Approved
54,58645,528,Salaried,946326,15,Approved
22,95614,682,Salaried,897413,3,Approved
25,116369,659,Unemployed,501373,15,Approved
30,30420,517,Self-Employed,987635,10,Rejected
52,36312,537,Salaried,771791,2,Rejected
33,39395,600,Salaried,615908,10,Approved
59,58301,789,Salaried,956160,15,Approved
25,64972,672,Self-Employed,61041,2,Rejected
30,81294,842,Salaried,388297,10,Approved
30,98853,566,Unemployed,640934,7,Rejected
58,138135,690,Self-Employed,954865,5,Approved
47,100504,542,Unemployed,255958,3,Rejected
41,40854,622,Salaried,248745,2,Approved
28,139373,777,Self-Employed,343351,3,Approved
21,88780,842,Self-Employed,849539,5,Approved
48,124458,695,Salaried,445056,10,Approved
59,75103,832,Salaried,690886,7,Approved
34,81620,624,Salaried,209312,15,Rejected
41,107590,595,Salaried,683694,3,Approved
50,102124,656,Self-Employed,83510,15,Approved
41,62590,539,Self-Employed,839592,10,Rejected
29,118196,672,Salaried,559220,15,Approved
37,90554,672,Salaried,611597,2,Rejected
25,135781,619,Unemployed,106718,3,Approved
51,18973,772,Salaried,506074,3,Approved
60,76786,845,Salaried,859823,2,Approved
58,122919,818,Salaried,528941,5,Approved
39,55097,760,Unemployed,64295,10,Approved
56,139403,780,Self-Employed,682439,15,Approved
53,52245,828,Salaried,883468,15,Approved
33,72841,623,Salaried,294397,3,Approved
34,43346,777,Salaried,919919,10,Rejected
53,123633,592,Salaried,808787,15,Approved
49,89980,534,Self-Employed,896104,7,Rejected
56,108417,810,Salaried,421656,10,Approved
30,94942,627,Salaried,523620,10,Rejected
51,123147,519,Salaried,796966,15,Approved
26,108975,760,Salaried,720957,2,Approved
21,23972,666,Unemployed,468396,15,Approved
27,66063,818,Salaried,156973,10,Approved
47,148017,735,Salaried,794560,15,Approved
41,75055,531,Self-Employed,87473,15,Rejected
48,102834,730,Salaried,836573,5,Approved
36,75450,690,Salaried,818661,10,Approved
43,83252,829,Salaried,578943,7,Approved
40,64904,644,Salaried,756610,15,Approved
58,70320,600,Unemployed,421210,10,Approved
45,49000,578,Salaried,899403,15,Approved
48,113341,659,Salaried,668426,2,Approved
25,20599,754,Self-Employed,219229,7,Approved
41,105636,778,Salaried,821334,2,Approved
38,18018,687,Unemployed,964116,15,Rejected
26,149930,709,Salaried,75785,5,Approved
49,88916,740,Salaried,280183,5,Approved
39,137193,555,Salaried,712748,2,Rejected
53,76770,636,Salaried,928672,5,Approved
21,55487,605,Salaried,365101,15,Rejected
23,120342,568,Salaried,152808,2,Approved
41,79457,689,Salaried,345885,3,Approved
55,36836,691,Salaried,151242,10,Approved
60,119150,777,Salaried,278009,3,Approved
23,29394,531,Salaried,312229,5,Rejected
45,90158,674,Salaried,926075,2,Rejected
58,142660,757,Salaried,879188,2,Approved
40,128599,622,Salaried,916407,15,Approved
54,43280,584,Self-Employed,829547,2,Rejected
41,142221,715,Salaried,664859,2,Approved
43,95318,715,Salaried,917043,10,Approved
26,88162,513,Salaried,997899,7,Rejected
33,70712,536,Salaried,658716,3,Approved
43,127578,526,Self-Employed,624584,5,Rejected
29,66241,651,Salaried,434660,2,Approved
37,41233,563,Salaried,917679,3,Rejected
22,26177,569,Salaried,668288,7,Rejected
39,132506,653,Unemployed,113927,3,Rejected
39,79351,752,Salaried,365960,5,Approved
27,109908,770,Self-Employed,440996,2,Approved
40,69827,528,Salaried,684044,5,Rejected
29,98501,573,Salaried,97972,2,Approved
37,86772,783,Salaried,759157,7,Approved
47,33611,558,Salaried,530968,15,Approved
22,59003,742,Salaried,375860,5,Approved
56,114629,828,Salaried,391122,3,Approved
39,104643,648,Salaried,480250,15,Approved
37,92684,509,Salaried,485529,7,Rejected
25,126610,631,Salaried,889714,5,Rejected
59,138332,561,Salaried,895000,15,Approved
38,101035,761,Salaried,411639,2,Approved
27,36165,717,Salaried,361279,15,Approved
37,127322,731,Salaried,469324,7,Approved
59,72515,835,Salaried,535244,2,Approved
56,127446,571,Self-Employed,459086,15,Approved
60,48480,515,Salaried,634949,10,Rejected
24,77789,537,Unemployed,256047,3,Approved
58,50191,676,Self-Employed,306569,2,Approved
45,77488,820,Self-Employed,711281,5,Approved
25,105457,582,Salaried,669032,10,Rejected
50,120476,516,Self-Employed,297785,7,Approved
32,92525,655,Self-Employed,69895,5,Rejected
24,70648,671,Self-Employed,603503,7,Approved
44,31740,569,Salaried,475572,10,Rejected
49,113716,570,Self-Employed,63461,5,Rejected
29,147677,754,Self-Employed,180942,2,Approved
24,131917,630,Salaried,418472,15,Approved
44,119630,548,Self-Employed,205328,5,Approved
34,43221,520,Salaried,728243,3,Approved
25,81265,819,Self-Employed,98916,2,Approved
38,18719,719,Self-Employed,423480,3,Approved
39,72714,686,Salaried,867103,5,Approved
32,91285,531,Self-Employed,423755,5,Approved
38,30935,702,Self-Employed,939364,7,Approved
37,137362,775,Salaried,220356,5,Approved
50,62035,741,Salaried,250091,2,Approved
44,144687,515,Self-Employed,831563,3,Approved
31,114256,815,Salaried,322274,15,Approved
55,36540,672,Salaried,165703,15,Approved
43,91480,636,Self-Employed,121693,10,Approved
37,66702,678,Unemployed,429415,3,Approved
21,96283,560,Salaried,907107,15,Rejected
35,72781,603,Salaried,329455,15,Rejected
52,25087,816,Salaried,420151,7,Approved
29,40789,694,Self-Employed,625177,10,Rejected
35,105273,755,Self-Employed,154883,15,Approved
48,133310,575,Salaried,456848,15,Rejected
44,116231,770,Salaried,839470,10,Approved
55,31894,680,Salaried,57219,5,Approved
42,71095,631,Self-Employed,122036,15,Approved
47,47272,650,Salaried,723465,7,Rejected
39,72021,654,Self-Employed,953886,7,Rejected
32,51645,734,Salaried,573111,5,Approved
40,130079,747,Self-Employed,210350,15,Approved
21,39179,664,Salaried,209067,2,Approved
41,28691,704,Self-Employed,314969,5,Approved
21,147436,664,Unemployed,177301,7,Rejected
30,63311,712,Unemployed,73054,10,Approved
52,113381,753,Unemployed,749054,2,Approved
59,42967,656,Salaried,91178,15,Approved
42,46478,676,Salaried,460004,7,Rejected
38,58332,574,Salaried,566675,7,Rejected
52,57313,677,Salaried,587365,5,Approved
47,85857,783,Salaried,240270,3,Approved
48,63900,829,Self-Employed,212085,7,Approved
38,144861,632,Self-Employed,121694,3,Approved
59,59098,624,Salaried,136341,2,Rejected
49,26294,811,Self-Employed,743194,10,Approved
38,114784,819,Salaried,649851,3,Approved
28,58626,626,Self-Employed,738285,3,Approved
51,38703,844,Salaried,823223,3,Approved
54,121693,724,Salaried,727655,3,Approved
27,29628,516,Salaried,340397,3,Rejected
56,121655,810,Self-Employed,836093,2,Approved
38,24518,745,Unemployed,155347,15,Approved
58,18610,636,Salaried,778817,15,Approved
29,52311,716,Salaried,883285,7,Rejected
29,144419,695,Self-Employed,722549,10,Approved
28,59876,700,Salaried,272489,7,Approved
55,68333,706,Salaried,879586,2,Approved
38,102192,515,Salaried,941971,2,Rejected
25,59811,512,Self-Employed,132423,3,Rejected
34,88072,577,Salaried,958356,2,Approved
48,133407,713,Salaried,139646,2,Approved
50,60974,840,Salaried,301746,3,Approved
24,99983,828,Unemployed,570604,2,Approved
59,63823,618,Salaried,186255,2,Rejected
40,116863,680,Self-Employed,855455,2,Rejected
45,118037,823,Salaried,321101,5,Approved
48,85078,829,Salaried,328764,15,Approved
32,125767,636,Unemployed,316635,7,Rejected
22,85951,678,Salaried,420644,5,Approved
34,127287,707,Self-Employed,88728,7,Approved
42,39601,553,Unemployed,114650,3,Approved
51,121691,578,Self-Employed,739927,3,Rejected
43,66435,770,Salaried,53387,15,Approved
40,29246,617,Self-Employed,66025,7,Approved
58,20458,605,Self-Employed,824047,7,Rejected
24,24028,604,Unemployed,968950,15,Rejected
35,137247,802,Self-Employed,803795,10,Approved
44,69901,617,Salaried,678961,7,Approved
45,124555,728,Self-Employed,831915,7,Approved
21,45678,647,Salaried,153896,3,Approved
27,108444,649,Salaried,994114,3,Approved
51,30363,803,Self-Employed,480197,2,Approved
32,81804,755,Self-Employed,734669,2,Approved
25,132433,581,Self-Employed,109388,3,Approved
58,66544,515,Self-Employed,957179,2,Rejected
32,116247,692,Salaried,211506,5,Approved
59,18189,710,Salaried,423074,5,Approved
38,29752,573,Salaried,965874,15,Rejected
22,25482,776,Salaried,608514,2,Approved
30,34679,560,Salaried,514050,2,Rejected
35,141056,523,Unemployed,854838,7,Rejected
50,18799,522,Salaried,597277,7,Rejected
37,139691,842,Salaried,92580,5,Approved
24,75558,757,Salaried,882163,15,Approved
27,77223,697,Self-Employed,651829,5,Approved
51,59556,552,Salaried,712221,7,Rejected
59,109467,638,Salaried,352183,7,Approved
54,128719,770,Salaried,453569,15,Approved
26,109404,700,Salaried,418315,7,Approved
58,61558,663,Self-Employed,720990,2,Rejected
54,121018,591,Salaried,638338,3,Approved
35,29408,522,Salaried,177281,5,Approved
34,53607,587,Unemployed,240173,10,Rejected
26,79684,681,Salaried,644542,15,Approved
57,45326,782,Salaried,152454,7,Approved
52,31601,520,Self-Employed,329051,2,Rejected
23,142594,548,Self-Employed,675073,5,Rejected
23,19135,689,Salaried,578772,7,Approved
42,29913,704,Self-Employed,597482,2,Approved
42,28101,543,Salaried,73886,5,Rejected
30,120820,799,Unemployed,58537,5,Approved
23,80110,627,Self-Employed,281688,10,Approved
32,37215,688,Salaried,335543,10,Approved
49,94949,669,Salaried,794551,5,Approved
37,99855,778,Salaried,928242,2,Approved
27,124279,700,Self-Employed,541660,7,Approved
33,139898,624,Self-Employed,581180,15,Approved
22,18526,791,Unemployed,441723,7,Approved
24,19753,810,Salaried,614832,5,Rejected
30,32656,515,Self-Employed,419761,7,Approved
59,41266,844,Salaried,69267,10,Approved
44,82555,773,Salaried,876828,7,Approved
37,80995,793,Self-Employed,816921,3,Approved
26,96277,519,Salaried,163204,10,Approved
39,120345,518,Salaried,998844,10,Rejected
25,114111,512,Self-Employed,567130,5,Rejected
52,83402,516,Salaried,832513,5,Rejected
30,141747,705,Unemployed,540888,7,Approved
29,32418,529,Salaried,681766,7,Approved
47,55185,798,Salaried,617692,5,Approved
33,59745,803,Salaried,741588,2,Approved
39,98123,542,Salaried,363880,7,Rejected
41,105804,592,Unemployed,562637,2,Rejected
44,129055,565,Salaried,535641,10,Approved
58,137097,618,Salaried,255956,15,Approved
24,66302,808,Salaried,458853,15,Approved
44,140561,571,Self-Employed,305529,3,Approved
55,75728,833,Salaried,782120,2,Approved
23,116598,661,Self-Employed,751540,7,Approved
24,19238,829,Self-Employed,498915,15,Approved
57,99610,827,Salaried,641131,5,Approved
60,75193,768,Unemployed,786532,5,Rejected
55,84634,717,Self-Employed,521178,3,Approved
51,32679,753,Salaried,983084,3,Approved
45,52505,558,Self-Employed,816020,10,Rejected
60,69341,531,Self-Employed,249460,2,Approved
33,68374,838,Self-Employed,625664,3,Approved
24,64998,619,Salaried,348356,10,Rejected
34,145203,809,Self-Employed,292208,10,Approved
33,51178,501,Salaried,490620,10,Rejected
47,125373,617,Salaried,100403,15,Approved
26,122139,536,Self-Employed,731607,15,Rejected
37,118290,596,Self-Employed,264387,7,Rejected
56,76951,756,Salaried,665414,3,Approved
60,105629,627,Salaried,906709,15,Approved
55,86831,655,Self-Employed,421854,5,Approved
37,99223,644,Unemployed,788036,10,Approved
22,63643,556,Salaried,863039,5,Rejected
33,21582,569,Salaried,303064,7,Rejected
22,130781,543,Self-Employed,113543,2,Rejected
48,122004,711,Salaried,817620,7,Approved
46,58000,674,Salaried,691405,7,Approved
42,120592,640,Self-Employed,490217,3,Approved
23,19085,575,Salaried,914726,10,Rejected
55,115994,657,Salaried,354335,7,Approved
32,135309,584,Self-Employed,631245,10,Approved
44,125114,821,Salaried,179658,5,Approved
25,88410,808,Salaried,917046,2,Approved
40,44825,517,Salaried,607090,2,Approved
59,102269,783,Salaried,548953,5,Approved
59,32332,541,Salaried,307626,3,Rejected
33,72895,633,Salaried,656228,5,Rejected
32,140046,601,Self-Employed,429144,15,Rejected
33,85567,636,Self-Employed,689432,5,Approved
30,80713,721,Salaried,729031,15,Approved
53,76639,728,Salaried,614956,3,Approved
60,121603,793,Salaried,864005,3,Approved
36,96488,805,Self-Employed,748902,7,Approved
55,110905,815,Salaried,771958,10,Approved
23,20977,618,Self-Employed,115258,2,Approved
25,133650,598,Salaried,172608,3,Approved
46,72641,849,Unemployed,967119,15,Rejected
31,132465,823,Salaried,417575,3,Approved
27,72431,658,Self-Employed,846214,7,Rejected
30,34756,738,Self-Employed,221934,7,Approved
54,27796,819,Salaried,535193,10,Approved
23,122583,834,Self-Employed,222078,3,Approved
28,99014,688,Self-Employed,169529,3,Approved
51,38325,808,Self-Employed,300394,7,Approved
31,71096,748,Self-Employed,145615,5,Approved
27,82649,525,Salaried,680241,10,Rejected
22,26041,688,Salaried,137087,3,Approved
26,58058,639,Salaried,316918,2,Rejected
52,66263,680,Self-Employed,775975,2,Approved
40,122820,520,Salaried,998219,15,Rejected
54,125645,662,Self-Employed,979684,7,Rejected
36,46223,570,Salaried,178782,15,Approved
45,51575,581,Salaried,761760,2,Rejected
32,39661,654,Salaried,543173,7,Rejected
27,54432,815,Salaried,918396,5,Approved
59,47114,546,Salaried,939106,7,Rejected
37,24030,693,Salaried,70148,3,Approved
31,108051,723,Salaried,495400,2,Approved
26,65743,736,Self-Employed,618630,3,Approved
43,143756,779,Salaried,627767,2,Approved
47,83615,509,Salaried,213925,2,Approved
26,65577,651,Self-Employed,326210,7,Approved
58,128436,843,Salaried,553984,10,Approved
22,20966,603,Salaried,801337,2,Approved
42,147356,623,Salaried,559517,2,Approved
40,131838,684,Salaried,695757,15,Approved
45,21728,789,Salaried,393228,10,Approved
35,99380,540,Salaried,479275,3,Approved
49,84130,510,Salaried,583067,2,Rejected
28,39414,717,Salaried,877994,7,Approved
57,111005,500,Salaried,901059,10,Approved
53,109742,670,Salaried,901413,10,Rejected
42,54973,837,Salaried,98294,15,Approved
25,105091,781,Salaried,826829,2,Approved
59,80235,552,Self-Employed,657464,3,Rejected
38,47400,624,Self-Employed,322497,3,Approved
58,135240,674,Self-Employed,835382,5,Approved
57,70763,764,Self-Employed,424267,5,Approved
50,124810,764,Self-Employed,818611,7,Approved
51,107523,698,Salaried,408550,15,Approved
30,127955,755,Salaried,193943,2,Approved
35,111137,671,Salaried,266027,3,Approved
38,48312,558,Salaried,617665,5,Rejected
43,131687,605,Salaried,700190,2,Rejected
53,127602,624,Unemployed,595958,15,Approved
36,54640,515,Unemployed,191383,2,Rejected
58,118171,537,Salaried,841387,3,Rejected
55,80293,742,Salaried,617648,2,Approved
54,132124,709,Salaried,718682,10,Approved
48,103802,814,Self-Employed,435833,5,Approved
22,110024,784,Self-Employed,542157,7,Approved
50,129411,667,Salaried,50152,5,Approved
33,60262,763,Self-Employed,194545,2,Approved
36,134214,597,Self-Employed,907877,10,Rejected
25,124435,633,Salaried,863441,5,Approved
48,104314,680,Salaried,953858,3,Approved
59,104287,721,Unemployed,917471,10,Rejected
40,137318,648,Self-Employed,508890,15,Approved
44,148134,743,Salaried,982045,5,Approved
47,142958,812,Salaried,514991,2,Approved
50,35528,575,Salaried,951845,3,Rejected
47,18068,761,Self-Employed,170388,2,Approved
46,87253,730,Salaried,913702,15,Approved
27,98754,690,Salaried,101517,2,Approved
58,108938,633,Salaried,261455,15,Approved
25,60129,808,Salaried,443234,3,Approved
43,131996,751,Salaried,485612,10,Approved
48,79321,744,Salaried,363257,5,Approved
54,29526,764,Salaried,519398,10,Approved
35,125535,824,Self-Employed,166539,15,Approved
52,33063,829,Salaried,352024,3,Approved
46,22213,842,Salaried,530657,15,Approved
51,40797,503,Self-Employed,239278,5,Approved
39,102946,536,Salaried,66484,3,Approved
29,106918,570,Salaried,533920,7,Rejected
49,41655,761,Salaried,613894,7,Approved
59,40555,736,Self-Employed,752481,10,Rejected
24,46071,806,Self-Employed,899050,3,Approved
23,38239,677,Salaried,176804,5,Approved
49,141441,595,Self-Employed,588752,10,Approved
31,115138,726,Unemployed,646959,7,Approved
53,67151,510,Salaried,645853,7,Rejected
58,20203,765,Self-Employed,243850,7,Approved
31,109663,688,Salaried,707869,10,Approved
47,147844,708,Salaried,751600,5,Approved
53,30213,512,Salaried,969459,7,Rejected
41,34944,661,Self-Employed,256454,10,Approved
59,84723,559,Salaried,319222,10,Approved
51,86947,504,Salaried,155847,2,Approved
58,53191,701,Salaried,701595,2,Approved
22,90264,511,Salaried,103932,15,Approved
47,117846,840,Self-Employed,535016,5,Approved
56,137550,739,Salaried,657118,7,Approved
31,102963,724,Salaried,383843,2,Approved
38,18972,681,Salaried,95601,5,Approved
21,117219,796,Salaried,991881,2,Approved
55,67738,803,Salaried,646539,7,Approved
55,72777,806,Self-Employed,138062,10,Approved
51,32530,677,Salaried,89373,7,Approved
48,64529,617,Salaried,237755,2,Approved
59,120895,575,Salaried,962268,7,Rejected
21,69714,545,Self-Employed,672285,10,Approved
45,142750,726,Salaried,165292,3,Approved
58,138883,793,Self-Employed,367145,10,Approved
40,106196,739,Salaried,199826,2,Approved
23,78385,847,Self-Employed,92970,10,Approved
22,82736,640,Salaried,441340,15,Approved
38,48268,703,Self-Employed,359199,5,Approved
30,48138,649,Salaried,718581,7,Rejected
25,142650,629,Salaried,656410,15,Approved
29,31432,848,Salaried,131628,3,Approved
22,85058,832,Self-Employed,981374,3,Approved
54,76175,768,Salaried,934978,7,Approved
58,51329,812,Self-Employed,174409,7,Approved
51,24677,636,Unemployed,301991,5,Rejected
30,68357,615,Salaried,53740,10,Approved
32,73812,850,Unemployed,593393,3,Approved
56,59616,660,Salaried,695002,2,Approved
41,63534,654,Self-Employed,572771,7,Approved
26,82162,672,Unemployed,255459,7,Rejected
23,62711,629,Unemployed,222744,15,Approved
30,113980,578,Salaried,553607,15,Approved
25,38143,556,Self-Employed,780262,15,Rejected
46,126380,850,Salaried,140358,3,Approved
41,59423,556,Salaried,835008,15,Approved
46,59713,834,Salaried,525866,7,Approved
58,92310,633,Salaried,602807,3,Approved
46,20205,513,Self-Employed,362856,2,Rejected
28,71266,782,Salaried,370472,2,Approved
25,99863,793,Unemployed,714047,3,Approved
35,144233,646,Self-Employed,759920,7,Approved
36,20808,626,Self-Employed,531694,5,Approved
21,31851,759,Self-Employed,704281,5,Approved
36,148982,813,Self-Employed,748982,10,Approved
57,32620,717,Salaried,932048,5,Approved
23,80995,732,Salaried,901381,15,Approved
51,54681,667,Salaried,249183,7,Rejected
33,82509,642,Salaried,598180,5,Approved
36,85703,759,Salaried,51082,10,Approved
41,60136,717,Self-Employed,888337,2,Rejected
22,111699,807,Salaried,310732,3,Approved
47,106456,645,Salaried,931538,5,Approved
58,101086,598,Salaried,823006,3,Rejected
46,135529,681,Salaried,714095,3,Approved
58,36254,668,Self-Employed,61255,15,Approved
45,79273,732,Self-Employed,941569,15,Rejected
31,135574,592,Unemployed,977598,2,Rejected
28,132847,616,Salaried,529450,10,Rejected
28,123547,503,Salaried,372659,7,Rejected
53,30926,584,Salaried,923442,7,Rejected
27,107527,666,Unemployed,736011,7,Rejected
58,125387,506,Salaried,871350,10,Rejected
41,45563,731,Salaried,580391,15,Approved
28,18925,750,Salaried,394947,10,Approved
41,69595,584,Salaried,298437,10,Rejected
40,148249,818,Salaried,503362,5,Approved
28,34321,692,Self-Employed,628678,3,Approved
51,34151,622,Self-Employed,283351,10,Approved
49,94133,588,Salaried,885590,10,Rejected
29,52187,594,Salaried,208083,5,Rejected
35,61835,799,Salaried,532781,3,Approved
50,18059,544,Self-Employed,895321,15,Rejected
46,45235,752,Self-Employed,898699,15,Rejected
30,112208,550,Self-Employed,809064,7,Rejected
49,85114,564,Salaried,756601,2,Rejected
36,147191,553,Self-Employed,442750,10,Rejected
56,130831,721,Unemployed,185263,10,Approved
40,139889,571,Self-Employed,186695,2,Approved
57,99583,667,Salaried,52293,10,Approved
42,50160,685,Self-Employed,201665,15,Rejected
27,117011,642,Self-Employed,142703,10,Approved
43,23277,518,Salaried,414873,10,Rejected
60,135101,509,Salaried,520518,2,Rejected
49,78750,771,Self-Employed,872424,15,Approved
36,74902,670,Self-Employed,657448,5,Approved
58,134849,515,Unemployed,590136,5,Rejected
48,115052,579,Salaried,897605,2,Approved
58,145894,783,Self-Employed,425055,5,Approved
51,67460,689,Salaried,572160,7,Approved
34,147424,647,Unemployed,983263,7,Rejected
53,88975,662,Salaried,450733,15,Approved
29,34568,764,Salaried,867412,2,Approved
47,80679,637,Salaried,250198,3,Approved
44,83781,800,Self-Employed,534044,15,Approved
33,26430,529,Salaried,320599,10,Rejected
46,56692,803,Self-Employed,581232,3,Approved
49,48086,667,Salaried,541837,10,Rejected
48,67671,590,Salaried,376771,15,Approved
48,21907,590,Salaried,901155,5,Approved
28,46604,710,Salaried,822255,5,Approved
43,55869,829,Salaried,470316,7,Approved
49,137261,799,Self-Employed,247248,3,Approved
25,132639,673,Salaried,313002,2,Approved
27,129690,633,Salaried,873443,10,Rejected
56,143592,523,Salaried,670342,5,Rejected
47,24073,700,Salaried,813326,15,Approved
22,36101,718,Salaried,327581,10,Approved
45,112877,506,Unemployed,861982,2,Rejected
29,25313,505,Salaried,731221,10,Rejected
47,77668,617,Self-Employed,341073,7,Approved
21,109956,660,Self-Employed,444235,2,Approved
43,133087,584,Salaried,598572,2,Approved
30,137451,747,Salaried,127350,10,Approved
45,110675,665,Salaried,947271,10,Rejected
23,109634,644,Salaried,951112,5,Approved
26,127119,530,Self-Employed,912072,10,Rejected
26,89791,719,Self-Employed,255087,2,Approved
22,100158,632,Unemployed,120909,15,Rejected
38,47715,563,Self-Employed,344515,10,Rejected
43,106260,575,Salaried,849666,15,Approved
22,44297,630,Self-Employed,637460,15,Rejected
32,24307,811,Self-Employed,973861,5,Approved
42,76616,818,Self-Employed,858027,3,Approved
57,137828,537,Self-Employed,882031,15,Rejected
40,26727,553,Unemployed,713132,7,Rejected
59,35332,629,Salaried,890322,15,Approved
44,131741,717,Salaried,676493,2,Approved
40,74971,501,Self-Employed,565806,5,Rejected
21,91042,745,Salaried,340828,7,Approved
21,113195,639,Self-Employed,497301,10,Rejected
37,145144,795,Salaried,372068,15,Approved
21,30996,757,Salaried,585996,10,Approved
50,70485,604,Salaried,844102,3,Approved
23,65830,835,Self-Employed,557736,10,Approved
31,52370,684,Salaried,382614,7,Approved
44,75572,802,Self-Employed,314810,5,Approved
42,47098,743,Unemployed,904421,3,Approved
46,20196,663,Salaried,440783,7,Approved
33,67262,631,Salaried,166255,5,Approved
21,38543,702,Salaried,791032,7,Approved
44,120171,709,Salaried,484463,10,Approved
30,88540,846,Salaried,314617,7,Approved
55,58972,600,Salaried,558339,3,Approved
44,90613,770,Salaried,468781,7,Approved
48,113384,548,Salaried,727968,2,Rejected
56,96062,738,Self-Employed,799031,10,Approved
36,21261,714,Unemployed,311301,7,Rejected
60,35046,790,Salaried,540173,5,Approved
36,31397,849,Self-Employed,353358,10,Approved
37,108805,779,Salaried,998052,15,Approved
35,43757,815,Salaried,813865,5,Approved
36,136859,576,Salaried,215674,3,Approved
35,60399,803,Salaried,417490,15,Approved
54,66330,650,Salaried,144373,15,Approved
31,86056,796,Salaried,463951,15,Approved
21,58832,656,Unemployed,591094,2,Rejected
35,135095,697,Salaried,358436,7,Approved
46,122987,786,Self-Employed,603516,10,Approved
24,106672,523,Self-Employed,285309,7,Rejected
25,53885,508,Salaried,97986,7,Rejected
55,39157,631,Salaried,486071,10,Approved
33,37674,576,Salaried,146780,15,Rejected
30,50357,725,Salaried,524163,15,Approved
31,30578,630,Salaried,993368,2,Approved
38,146457,589,Salaried,469140,2,Approved
54,121229,616,Salaried,705914,3,Approved
59,141981,609,Salaried,361302,10,Rejected
43,55077,770,Salaried,657973,10,Approved
27,133136,726,Salaried,248699,5,Approved
59,78530,743,Unemployed,962555,5,Rejected
23,136179,807,Salaried,77749,5,Approved
32,45122,554,Self-Employed,424339,2,Rejected
27,47381,536,Unemployed,887241,3,Rejected
46,123614,554,Salaried,900508,3,Rejected
53,131271,511,Salaried,255611,15,Rejected
57,115354,684,Salaried,974967,7,Approved
35,145728,736,Unemployed,436252,3,Approved
22,30822,792,Self-Employed,494330,5,Approved
27,129201,703,Salaried,951610,10,Approved
52,45281,710,Self-Employed,386189,7,Approved
24,106017,725,Salaried,931834,15,Approved
40,114005,506,Salaried,390185,2,Rejected
56,102403,719,Self-Employed,598754,3,Approved
52,124023,810,Self-Employed,986436,15,Approved
48,40766,527,Salaried,682000,10,Rejected
33,111891,792,Self-Employed,697500,5,Approved
21,80239,711,Salaried,821224,2,Rejected
55,74764,688,Self-Employed,88867,2,Rejected
50,48858,574,Salaried,462200,3,Approved
56,60850,741,Self-Employed,741222,10,Approved
45,145171,613,Self-Employed,164361,5,Approved
36,101017,666,Salaried,936999,5,Rejected
39,68790,605,Unemployed,411514,5,Approved
21,99120,650,Salaried,274616,5,Rejected
25,27850,583,Salaried,891328,3,Rejected
42,124759,711,Salaried,314934,15,Approved
44,83696,766,Salaried,417527,15,Approved
57,105826,821,Salaried,503021,15,Approved
56,141152,768,Self-Employed,94449,3,Approved
56,25081,676,Self-Employed,994749,10,Rejected
24,120716,770,Salaried,920025,7,Rejected
56,36722,811,Self-Employed,212408,3,Approved
38,105508,681,Self-Employed,494731,5,Approved
36,147752,658,Self-Employed,160464,15,Approved
38,35985,688,Unemployed,299483,15,Approved
42,138234,685,Salaried,479485,10,Approved
22,101845,808,Self-Employed,740942,5,Approved
41,141446,745,Salaried,138562,3,Approved
56,124747,816,Self-Employed,672940,15,Approved
59,40036,541,Self-Employed,281498,10,Rejected
59,47346,784,Salaried,900152,5,Approved
49,131507,799,Unemployed,818912,15,Approved
46,132673,793,Self-Employed,753187,7,Approved
41,44691,680,Unemployed,834953,2,Rejected
37,123578,681,Salaried,594805,2,Approved
36,35986,839,Self-Employed,536845,15,Approved
51,67665,717,Self-Employed,132131,5,Approved
29,131408,662,Salaried,774425,15,Approved
51,91728,545,Self-Employed,915929,2,Rejected
34,68054,591,Self-Employed,636718,15,Rejected
57,99499,604,Self-Employed,704617,15,Approved
22,117159,706,Salaried,603744,7,Approved
34,84553,827,Self-Employed,209284,15,Approved
53,23279,638,Self-Employed,547869,7,Rejected
55,25712,528,Self-Employed,168788,5,Approved
59,33817,750,Salaried,639634,7,Approved
40,111616,690,Salaried,588218,2,Approved
22,98667,546,Salaried,813122,5,Rejected
39,44093,750,Self-Employed,607203,15,Approved
57,129030,762,Salaried,246274,2,Approved
38,135385,563,Salaried,528158,7,Approved
36,47030,837,Self-Employed,555154,7,Approved
24,62067,819,Salaried,736466,10,Approved
32,94433,847,Unemployed,512742,3,Approved
49,44639,767,Salaried,78040,15,Approved
27,18420,511,Unemployed,981466,3,Rejected
34,37198,791,Salaried,385534,5,Approved
32,100951,528,Salaried,545356,2,Rejected
55,35875,638,Salaried,435015,3,Rejected
25,88511,584,Self-Employed,372809,5,Rejected
37,109997,573,Salaried,513275,7,Approved
52,39331,750,Salaried,804032,3,Approved
30,34893,723,Unemployed,958264,2,Approved
37,36243,546,Salaried,111324,10,Approved
25,33535,580,Self-Employed,144855,10,Approved
29,85394,620,Self-Employed,690446,3,Rejected
53,97214,542,Salaried,995173,10,Rejected
56,138295,645,Self-Employed,707957,5,Approved
56,118369,573,Salaried,734570,15,Approved
38,130695,552,Salaried,897129,2,Rejected
29,31346,732,Salaried,837734,7,Rejected
49,140580,794,Self-Employed,767943,2,Approved
34,93324,699,Salaried,652078,7,Approved
45,120746,661,Salaried,249132,10,Approved
35,92783,536,Self-Employed,760217,5,Rejected
26,34959,596,Salaried,493694,7,Approved
49,107343,548,Unemployed,581772,10,Rejected
35,69150,509,Salaried,168957,7,Approved
49,39734,539,Salaried,785107,3,Approved
24,35400,652,Self-Employed,270574,2,Approved
38,116329,605,Salaried,895059,15,Rejected
59,142438,540,Self-Employed,184428,15,Approved
36,115753,663,Unemployed,990104,5,Rejected
31,126863,757,Salaried,804766,10,Approved
34,22746,710,Salaried,329595,5,Approved
23,141765,701,Salaried,839506,2,Approved
58,81184,694,Self-Employed,888074,15,Approved
38,106898,552,Salaried,306078,7,Approved
40,59835,646,Salaried,237768,7,Approved
45,27133,781,Self-Employed,954884,5,Approved
58,119345,809,Salaried,736218,7,Approved
33,58533,742,Salaried,694997,7,Approved
24,46725,550,Unemployed,478846,7,Approved
34,145240,613,Salaried,339798,3,Rejected
53,19236,772,Salaried,239298,10,Approved
48,85916,619,Salaried,588477,10,Approved
57,123481,688,Self-Employed,629395,15,Approved
28,146357,545,Salaried,368164,2,Approved
54,32538,742,Salaried,838992,7,Approved
25,117821,810,Salaried,283210,5,Approved
25,56655,549,Unemployed,336796,7,Rejected
51,78784,830,Salaried,364410,2,Approved
29,140547,510,Salaried,817899,7,Rejected
52,136177,547,Salaried,176108,3,Approved
53,108982,555,Salaried,637606,2,Rejected
23,62191,507,Self-Employed,489515,10,Rejected
50,72112,513,Self-Employed,956824,10,Rejected
32,29399,714,Salaried,378692,3,Approved
49,122365,744,Salaried,676877,10,Approved
23,30685,553,Salaried,550586,15,Rejected
46,105777,772,Salaried,267349,3,Approved
50,22487,630,Self-Employed,572383,10,Rejected
29,30018,508,Salaried,217396,10,Rejected
46,101220,711,Salaried,425424,15,Approved
22,61118,621,Salaried,969829,7,Rejected
23,77615,613,Self-Employed,892541,2,Approved
24,97946,519,Self-Employed,666125,10,Rejected
45,139869,838,Salaried,672230,2,Approved
33,33105,520,Salaried,529124,2,Approved
59,119564,707,Unemployed,461954,10,Approved
55,65342,532,Salaried,783055,2,Rejected
43,130016,632,Salaried,630133,15,Approved
29,78506,690,Self-Employed,651243,3,Rejected
22,42967,525,Salaried,488571,15,Rejected
51,54023,588,Salaried,920746,5,Approved
22,72288,591,Self-Employed,481526,3,Approved
52,142939,532,Salaried,152825,10,Approved
38,119541,737,Self-Employed,983929,3,Approved
33,44622,517,Salaried,490635,15,Rejected
25,63201,773,Unemployed,931277,5,Approved
30,34350,788,Salaried,461448,3,Approved
45,72820,526,Self-Employed,906159,2,Rejected
54,66709,804,Salaried,368726,10,Approved
57,106232,607,Salaried,495234,2,Approved
50,100418,725,Salaried,194096,2,Approved
27,115739,823,Self-Employed,534974,10,Approved
26,73214,518,Salaried,892477,10,Rejected
23,42336,722,Self-Employed,456815,7,Rejected
33,56624,780,Salaried,790939,5,Approved
23,83206,603,Self-Employed,401143,2,Approved
46,62764,831,Salaried,296414,15,Approved
44,112325,831,Salaried,780480,2,Approved
26,63420,788,Salaried,205531,10,Approved
32,122381,536,Salaried,71755,10,Approved
56,83671,847,Salaried,448668,3,Approved
22,125596,743,Self-Employed,988727,2,Approved
31,44447,542,Salaried,647417,2,Rejected
59,38497,625,Self-Employed,523382,10,Approved
54,97714,508,Salaried,212433,15,Rejected
46,144892,513,Salaried,673103,15,Approved
38,77870,630,Unemployed,290623,2,Approved
41,115847,824,Salaried,922476,5,Approved
56,114134,683,Self-Employed,651827,7,Approved
60,119110,781,Salaried,241781,10,Approved
42,89918,552,Salaried,806742,10,Rejected
50,21159,540,Salaried,677229,2,Rejected
50,89192,837,Salaried,764966,15,Approved
28,84988,520,Salaried,439746,7,Approved
54,125739,794,Salaried,162603,7,Approved
29,36706,707,Salaried,848647,15,Approved
40,28219,650,Salaried,342003,10,Approved
60,107017,568,Self-Employed,897017,10,Rejected
45,52536,830,Salaried,486444,10,Approved
39,89632,817,Self-Employed,907087,5,Approved
25,126798,800,Salaried,168019,2,Approved
31,51937,526,Self-Employed,85076,5,Rejected
35,39094,615,Salaried,821885,10,Rejected
28,143312,641,Salaried,959130,7,Approved
39,122894,540,Salaried,393681,2,Rejected
43,135118,605,Salaried,120655,2,Approved
47,101325,573,Self-Employed,465336,15,Approved
60,149195,559,Salaried,116101,10,Approved
52,89445,797,Unemployed,504251,10,Approved
46,49854,621,Self-Employed,876839,10,Approved
47,78796,702,Salaried,193162,10,Approved
39,87432,510,Salaried,910960,10,Rejected
49,35111,646,Unemployed,624718,10,Rejected
59,90575,715,Salaried,733566,2,Approved
53,128380,820,Self-Employed,882133,5,Approved
39,42099,802,Unemployed,335719,7,Approved
57,126871,513,Self-Employed,513836,10,Rejected
39,33029,566,Self-Employed,889088,7,Rejected
53,33793,679,Self-Employed,419631,15,Approved
36,66106,741,Self-Employed,996804,2,Rejected
43,103662,659,Salaried,850494,7,Rejected
27,149432,509,Salaried,93485,2,Approved
46,98882,623,Self-Employed,268605,3,Approved
52,131858,772,Unemployed,847053,5,Approved
32,95656,740,Salaried,72901,3,Approved
28,68908,642,Salaried,290168,2,Approved
25,48579,666,Salaried,325778,15,Approved
48,73178,556,Self-Employed,602024,3,Approved
25,131204,637,Salaried,640200,2,Approved
46,113373,826,Self-Employed,746270,3,Approved
25,34265,516,Unemployed,755616,2,Rejected
42,81518,831,Salaried,670161,5,Approved
35,138611,772,Unemployed,912307,15,Rejected
33,133475,833,Unemployed,108957,5,Approved
48,122968,502,Unemployed,792954,5,Rejected
53,129686,742,Salaried,350154,2,Approved
43,94377,607,Salaried,380527,7,Approved
53,109671,550,Self-Employed,61659,3,Approved
38,120263,849,Salaried,385894,3,Approved
50,139359,673,Salaried,691679,3,Approved
46,116844,615,Unemployed,875862,15,Rejected
36,82927,682,Self-Employed,888932,3,Rejected
33,91170,653,Salaried,160265,5,Approved
59,94150,746,Salaried,917422,7,Approved
53,42866,575,Self-Employed,976614,3,Rejected
46,28282,743,Self-Employed,311501,7,Approved
21,33412,580,Salaried,781067,2,Approved
58,142135,728,Salaried,607432,2,Approved
22,138019,571,Self-Employed,917352,15,Rejected
26,42583,717,Salaried,862258,3,Approved
58,79922,742,Salaried,485372,10,Approved
44,24185,813,Salaried,207318,15,Approved
38,104348,577,Salaried,860436,5,Rejected
47,109368,657,Salaried,786543,15,Rejected
28,35423,547,Self-Employed,180868,3,Approved
48,69268,811,Salaried,192616,5,Approved
30,130692,797,Unemployed,61102,3,Approved
37,113201,523,Self-Employed,115491,5,Approved
49,101744,609,Self-Employed,335013,10,Approved
26,136222,551,Salaried,472757,10,Approved
34,106590,789,Self-Employed,805020,15,Approved
42,140942,758,Unemployed,330294,2,Approved
26,37576,823,Salaried,661713,15,Approved
46,137641,638,Salaried,453772,3,Approved
59,133042,805,Salaried,864984,10,Approved
32,116908,837,Salaried,414289,10,Approved
55,126724,774,Salaried,102396,15,Approved
34,98225,543,Salaried,525679,3,Rejected
42,100273,758,Salaried,978967,15,Approved
43,144170,612,Salaried,618911,15,Approved
27,116737,726,Self-Employed,735920,15,Rejected
60,114537,564,Self-Employed,195482,3,Approved
45,75602,662,Unemployed,531183,2,Approved
33,84403,663,Salaried,501335,10,Rejected
41,45182,665,Salaried,66351,5,Approved
30,97876,538,Self-Employed,608676,3,Rejected
29,65059,652,Self-Employed,283688,3,Approved
35,18393,819,Salaried,64968,3,Approved
22,79775,768,Salaried,386403,15,Approved
45,63909,823,Unemployed,800016,15,Rejected
33,70906,825,Salaried,90596,3,Approved
54,115435,574,Salaried,687958,10,Approved
54,104290,756,Salaried,526024,5,Approved
55,62389,699,Unemployed,764617,2,Approved
58,38905,597,Salaried,668456,7,Approved
23,75557,603,Self-Employed,623832,10,Rejected
26,134814,663,Salaried,485797,10,Approved
39,102752,612,Salaried,610513,7,Rejected
23,22574,602,Salaried,445579,7,Rejected
38,106291,536,Salaried,277781,3,Rejected
59,114777,605,Unemployed,925706,5,Rejected
29,42737,686,Self-Employed,698516,10,Approved
32,41390,520,Salaried,339580,10,Approved
25,109612,647,Salaried,345229,2,Approved
23,70330,628,Salaried,728281,7,Approved
31,89082,686,Self-Employed,845328,7,Approved
50,39037,783,Salaried,63785,10,Approved
24,134668,698,Salaried,168459,7,Approved
25,137229,734,Salaried,894817,3,Approved
21,114342,607,Salaried,922596,2,Approved
47,107928,508,Salaried,890237,10,Rejected
48,46087,725,Salaried,224541,15,Approved
49,127844,708,Salaried,442816,2,Approved
38,30803,744,Self-Employed,475119,15,Rejected
32,84761,787,Unemployed,381686,3,Approved
33,146574,565,Salaried,667424,2,Rejected
22,96579,652,Salaried,423430,15,Rejected
57,54764,690,Self-Employed,228742,7,Approved
36,65055,717,Self-Employed,425049,10,Approved
44,69599,653,Salaried,791922,2,Rejected
55,100787,776,Salaried,363423,5,Approved
42,57720,581,Self-Employed,431445,10,Approved
56,111120,720,Salaried,588238,2,Approved
31,145976,779,Salaried,210835,10,Approved
49,132067,610,Self-Employed,888333,15,Approved
55,31219,591,Salaried,631875,2,Approved
35,126508,511,Self-Employed,205656,2,Approved
51,108351,638,Self-Employed,98284,7,Approved
36,66865,654,Salaried,332182,2,Approved
30,72457,522,Self-Employed,359711,5,Rejected
52,108159,719,Salaried,896469,7,Approved
22,111391,847,Self-Employed,485499,5,Approved
44,68400,736,Self-Employed,224328,15,Approved
43,54258,752,Salaried,230220,5,Approved
22,129466,682,Salaried,101522,3,Approved
58,95264,697,Salaried,85371,5,Approved
51,126877,669,Unemployed,186819,2,Approved
60,29338,622,Salaried,676125,10,Approved
46,29675,533,Salaried,205021,7,Approved
49,107606,812,Unemployed,550104,7,Rejected
23,38080,502,Salaried,755763,7,Rejected
34,31936,505,Salaried,52966,10,Rejected
45,28019,803,Self-Employed,931208,5,Approved
21,106304,601,Unemployed,308291,15,Rejected
23,22486,691,Salaried,487304,3,Approved
46,100021,512,Salaried,829406,2,Approved
38,136411,535,Unemployed,146447,15,Rejected
29,69697,569,Salaried,814422,7,Approved
58,73998,788,Salaried,909539,2,Approved
43,127537,604,Salaried,593679,5,Approved
41,115816,703,Salaried,573538,15,Approved
21,44576,812,Salaried,369109,3,Approved
41,126064,554,Self-Employed,557826,7,Rejected
47,99238,606,Salaried,745334,5,Rejected
26,143885,640,Self-Employed,943120,15,Rejected
56,83729,724,Salaried,550038,3,Approved
48,108853,806,Salaried,539954,15,Approved
37,139992,847,Salaried,676712,7,Approved
60,47144,808,Self-Employed,857013,5,Approved
23,143143,535,Salaried,566758,2,Rejected
32,95148,632,Salaried,226344,15,Rejected
59,37307,524,Unemployed,939573,10,Rejected
32,78598,836,Unemployed,840457,7,Approved
22,109810,536,Salaried,439386,3,Rejected
42,120870,518,Salaried,873457,3,Rejected
43,90131,534,Self-Employed,752750,10,Rejected
50,112138,809,Self-Employed,562677,10,Rejected
25,121412,505,Unemployed,419525,5,Rejected
29,52551,698,Salaried,905921,10,Approved
41,60926,533,Salaried,855110,7,Rejected
31,108214,555,Self-Employed,449533,15,Rejected
25,105750,755,Salaried,217307,10,Approved
55,56599,710,Self-Employed,264024,7,Approved
47,127490,596,Self-Employed,374492,2,Rejected
22,111330,781,Salaried,248079,10,Approved
44,40593,740,Salaried,120649,2,Approved
51,127865,669,Salaried,999011,15,Rejected
53,61638,846,Salaried,301450,3,Approved
59,23193,793,Salaried,568740,15,Approved
50,33213,726,Unemployed,695781,10,Rejected
57,97766,814,Salaried,637072,3,Approved
48,47949,626,Salaried,365367,15,Approved
51,120433,779,Salaried,844171,2,Approved
31,43412,520,Salaried,772044,3,Rejected
43,64545,815,Salaried,861048,2,Approved
22,94519,745,Self-Employed,924832,5,Approved
60,114093,589,Self-Employed,397820,15,Approved
47,112324,505,Salaried,639571,15,Approved
55,21768,765,Salaried,408725,2,Approved
22,19504,596,Salaried,422396,5,Approved
59,85986,649,Salaried,327689,3,Approved
57,134721,579,Salaried,876608,2,Rejected
41,26002,516,Self-Employed,848034,5,Rejected
25,93427,637,Self-Employed,368557,2,Rejected
41,56787,639,Unemployed,519910,7,Rejected
49,31898,838,Self-Employed,573679,15,Approved
40,98800,539,Salaried,767886,7,Rejected
58,127023,667,Salaried,522055,3,Approved
40,144718,573,Salaried,294444,7,Approved
45,51743,573,Self-Employed,335191,15,Approved
22,148864,549,Salaried,176160,10,Rejected
52,34868,509,Self-Employed,835616,5,Rejected
46,20080,602,Salaried,643271,15,Rejected
26,81271,849,Unemployed,713636,15,Approved
23,95585,798,Salaried,782506,10,Approved
53,142147,838,Salaried,958952,7,Approved
21,33628,603,Self-Employed,177136,3,Approved
25,143850,789,Salaried,849169,10,Approved
33,146872,779,Self-Employed,945091,15,Approved
39,30460,641,Salaried,840889,3,Rejected
32,21477,796,Self-Employed,235594,2,Approved
45,20202,669,Salaried,716511,15,Approved
55,131846,512,Salaried,519174,10,Approved
32,107410,656,Self-Employed,191987,2,Rejected
50,124753,673,Salaried,249247,10,Approved
25,29850,661,Salaried,730966,5,Rejected
54,112368,631,Self-Employed,180646,3,Approved
42,18185,527,Unemployed,942423,2,Rejected
59,42718,582,Salaried,325842,7,Approved
33,36458,768,Salaried,231154,10,Approved
23,148293,750,Self-Employed,981185,15,Rejected
40,140342,605,Self-Employed,899443,2,Rejected
51,94820,760,Unemployed,718410,10,Approved
25,122014,513,Salaried,929203,10,Approved
44,99234,579,Salaried,490398,10,Approved
60,147282,659,Salaried,297581,2,Approved
53,27102,677,Salaried,514654,2,Approved
28,85107,654,Salaried,423980,10,Approved
44,144328,534,Salaried,924179,7,Rejected
40,102079,758,Salaried,201265,15,Approved
36,147169,759,Salaried,407974,3,Approved
32,112437,634,Self-Employed,916274,10,Rejected
33,97570,630,Self-Employed,825579,7,Approved
59,110656,580,Salaried,934190,3,Rejected
45,136301,558,Self-Employed,458233,10,Rejected
52,56795,573,Unemployed,780208,3,Rejected
44,69425,738,Salaried,993761,10,Rejected
29,75402,628,Salaried,445140,2,Approved
60,121127,814,Salaried,445656,10,Approved
43,67649,637,Salaried,242979,10,Approved
33,113117,602,Salaried,532149,10,Approved
52,96156,508,Salaried,872642,10,Rejected
35,106340,731,Salaried,114904,7,Approved
56,48568,598,Salaried,867169,5,Rejected
25,26912,717,Salaried,657415,7,Rejected
42,68426,736,Salaried,370654,7,Approved
36,128363,721,Salaried,907550,2,Approved
30,20355,667,Salaried,901450,10,Rejected
44,114429,561,Salaried,571549,7,Rejected
38,129151,817,Self-Employed,680845,3,Approved
38,56526,509,Self-Employed,189426,10,Rejected
27,36088,733,Salaried,644471,2,Rejected
24,83377,586,Unemployed,958522,15,Rejected
46,79788,766,Self-Employed,885451,15,Approved
25,69529,703,Salaried,878475,2,Rejected
36,130833,817,Salaried,849971,3,Approved
55,121578,832,Salaried,951358,15,Approved
46,57177,740,Salaried,748935,2,Approved
38,134903,555,Salaried,454201,15,Approved
49,57056,609,Salaried,850851,10,Approved
43,84421,548,Self-Employed,142152,5,Approved
34,57685,742,Salaried,913272,5,Rejected
35,86590,515,Salaried,288005,7,Approved
53,26977,572,Salaried,402784,2,Approved
45,108568,701,Unemployed,680888,10,Rejected
41,66967,592,Salaried,359784,3,Rejected
37,92072,636,Salaried,226509,3,Approved
43,39500,532,Salaried,221100,10,Rejected
37,133475,587,Salaried,731174,10,Approved
34,28011,702,Salaried,78552,3,Approved
49,113335,538,Self-Employed,147975,2,Approved
40,18814,613,Salaried,125992,15,Approved
50,38150,832,Salaried,171320,7,Approved
39,21825,746,Salaried,402406,7,Approved
59,68368,842,Self-Employed,614012,7,Approved
33,93535,707,Salaried,622864,10,Rejected
38,104390,811,Self-Employed,554229,3,Approved
43,123076,796,Salaried,996821,3,Approved
53,75899,710,Salaried,60159,3,Approved
59,40601,558,Self-Employed,140027,15,Approved
60,141355,655,Salaried,508958,3,Approved
38,109450,621,Salaried,730769,3,Approved
29,146424,619,Salaried,559404,5,Approved
53,143451,796,Salaried,433539,15,Approved
52,84097,821,Salaried,70705,10,Approved
37,84741,561,Salaried,819629,15,Rejected
39,79377,657,Salaried,829043,10,Approved
47,63161,539,Salaried,522866,5,Approved
26,30987,741,Salaried,633489,7,Approved
55,23239,539,Salaried,761345,2,Rejected
57,62785,689,Self-Employed,377042,15,Approved
54,41358,733,Salaried,924601,10,Approved
40,132759,514,Self-Employed,528283,10,Approved
45,27096,623,Salaried,821894,5,Rejected
24,65582,727,Salaried,933635,10,Approved
30,129595,779,Self-Employed,259082,10,Approved
30,119494,547,Salaried,353046,7,Approved
44,87484,688,Salaried,490851,5,Approved
41,19287,803,Salaried,171106,15,Approved
31,41902,546,Salaried,709079,10,Rejected
47,74188,683,Salaried,160530,3,Approved
36,130894,604,Salaried,437610,5,Approved
46,99204,746,Salaried,269086,7,Approved
50,144800,763,Self-Employed,882135,15,Approved
36,76293,705,Salaried,68449,2,Approved
27,25213,517,Salaried,136300,10,Rejected
36,32941,750,Unemployed,98429,3,Approved
55,113881,737,Salaried,180546,3,Approved
36,44855,839,Salaried,749299,2,Approved
60,139739,820,Self-Employed,701138,5,Approved
32,19046,801,Salaried,63301,7,Approved
55,32909,565,Unemployed,405208,10,Rejected
41,134853,835,Salaried,234969,10,Approved
56,112135,649,Salaried,948791,15,Rejected
37,89255,692,Salaried,900771,10,Approved
52,124378,646,Salaried,623377,3,Rejected
26,28352,682,Unemployed,861001,5,Rejected
44,114421,605,Self-Employed,187472,2,Approved
47,98539,735,Self-Employed,682026,5,Approved
40,27223,625,Salaried,388563,7,Rejected
45,96254,678,Self-Employed,600831,7,Approved
22,84851,512,Self-Employed,855220,2,Rejected
29,68044,730,Salaried,164943,3,Approved
48,108218,527,Self-Employed,667055,15,Approved
58,103000,822,Self-Employed,931937,2,Approved
23,125240,760,Self-Employed,993916,15,Approved
40,49028,599,Salaried,908108,7,Approved
26,65953,687,Unemployed,990046,3,Approved
59,75965,836,Salaried,803842,5,Approved
53,87776,799,Self-Employed,106764,7,Approved
21,49459,618,Salaried,500307,3,Rejected
57,108932,545,Unemployed,170210,3,Rejected
26,100331,567,Salaried,627623,10,Rejected
54,85982,804,Salaried,940973,5,Approved
35,132773,670,Salaried,192730,3,Approved
46,58517,695,Salaried,934763,2,Approved
34,87678,832,Unemployed,490305,15,Approved
27,130491,519,Unemployed,142856,5,Rejected
51,90623,610,Salaried,719770,5,Rejected
44,115409,645,Salaried,549765,7,Approved
51,66575,691,Salaried,353424,5,Approved
49,126501,728,Salaried,938366,5,Approved
52,63039,511,Self-Employed,663111,10,Rejected
37,98260,716,Self-Employed,77881,5,Approved
34,73871,578,Salaried,499141,15,Approved
60,138773,535,Salaried,932435,15,Rejected
56,78693,763,Self-Employed,391221,15,Approved
44,49433,527,Salaried,252529,3,Approved
47,92797,585,Salaried,443547,2,Approved
45,33804,687,Salaried,150021,15,Approved
52,63101,804,Salaried,962855,10,Approved
38,96363,753,Salaried,214156,10,Approved
38,125904,579,Unemployed,138164,10,Approved
57,62700,685,Salaried,261191,10,Approved
46,132952,504,Self-Employed,381231,7,Approved
29,95576,545,Salaried,744226,10,Rejected
55,37477,601,Self-Employed,110252,7,Rejected
28,34127,501,Salaried,937653,7,Rejected
40,44049,716,Salaried,57792,5,Approved
42,30473,524,Salaried,472108,2,Rejected
39,79836,756,Self-Employed,207010,5,Approved
50,60464,722,Self-Employed,812003,7,Rejected
48,31714,823,Unemployed,130884,5,Approved
55,78878,568,Salaried,794743,3,Rejected
31,115481,696,Salaried,909542,10,Approved
51,59514,771,Salaried,675220,10,Approved
59,114988,681,Salaried,595245,7,Approved
56,23136,517,Salaried,326255,5,Approved
50,116115,606,Self-Employed,212839,3,Approved
43,49516,516,Salaried,926400,3,Rejected
39,94982,624,Self-Employed,520962,15,Approved
32,63099,581,Salaried,360130,3,Approved
35,108060,503,Salaried,575497,7,Approved
51,31188,614,Salaried,852985,15,Rejected
57,129073,850,Salaried,965234,5,Approved
57,69188,850,Unemployed,289135,3,Approved
35,142077,636,Self-Employed,999240,3,Rejected
49,23560,786,Self-Employed,136316,5,Approved
46,126763,727,Unemployed,65023,5,Approved
22,141651,515,Salaried,856251,10,Approved
40,56082,797,Salaried,510629,2,Approved
35,59430,711,Self-Employed,987940,2,Rejected
24,58397,745,Salaried,806699,3,Approved
42,147189,785,Salaried,774144,5,Approved
58,43247,781,Salaried,889457,10,Approved
43,59986,676,Salaried,912351,7,Rejected
46,62514,530,Self-Employed,451930,2,Rejected
31,85008,549,Salaried,348464,15,Rejected
48,65367,642,Salaried,606523,2,Rejected
22,88408,551,Salaried,661813,5,Rejected
28,61341,732,Salaried,511458,7,Approved
49,127786,665,Self-Employed,524971,2,Approved
31,22753,537,Salaried,606956,10,Rejected
57,19833,519,Salaried,380212,2,Rejected
38,26645,598,Salaried,99973,5,Approved
34,133428,714,Salaried,741636,5,Approved
30,113977,543,Salaried,230418,15,Approved
55,58024,610,Self-Employed,66849,15,Approved
29,126853,588,Salaried,438171,7,Rejected
55,27940,818,Salaried,631585,2,Approved
31,53169,617,Self-Employed,98287,7,Rejected
32,96647,738,Self-Employed,707897,2,Approved
23,63200,571,Salaried,738227,3,Rejected
59,101682,809,Salaried,582595,2,Approved
34,51677,803,Salaried,79051,5,Approved
48,41022,662,Salaried,235938,5,Approved
31,18530,750,Salaried,994951,3,Rejected
59,27551,694,Salaried,453518,2,Approved
45,46394,559,Salaried,383955,2,Rejected
41,60987,597,Self-Employed,944199,5,Rejected
30,86096,572,Self-Employed,785626,3,Approved
35,102097,721,Salaried,280810,5,Approved
39,88639,618,Salaried,117438,3,Approved
42,20781,681,Salaried,610079,5,Rejected
41,35330,717,Salaried,588027,10,Approved
52,23257,755,Salaried,958177,2,Approved
43,76642,587,Self-Employed,286189,7,Approved
33,69663,774,Salaried,536103,10,Approved
25,52956,835,Salaried,393365,5,Approved
24,33615,525,Salaried,760574,3,Rejected
48,18881,620,Self-Employed,134513,7,Approved
34,139265,788,Self-Employed,351430,3,Approved
28,105646,529,Self-Employed,349851,15,Approved
29,145148,701,Salaried,414841,3,Approved
55,55336,535,Self-Employed,770150,15,Rejected
57,99850,624,Self-Employed,843571,15,Approved
41,113654,722,Salaried,472183,2,Approved
38,40966,734,Salaried,438622,5,Approved
53,29320,623,Self-Employed,865218,2,Approved
28,83125,670,Unemployed,307999,15,Rejected
37,135296,680,Unemployed,64828,3,Approved
51,143355,714,Salaried,581512,2,Approved
54,29780,617,Unemployed,495294,10,Rejected
26,94230,726,Salaried,618461,15,Approved
42,130696,536,Salaried,351774,3,Approved
34,124075,816,Unemployed,867803,3,Approved
23,113153,595,Self-Employed,388538,10,Rejected
32,137522,619,Self-Employed,416452,3,Approved
56,116415,511,Self-Employed,608882,7,Rejected
32,127715,621,Self-Employed,957672,7,Rejected
22,140636,534,Salaried,98205,5,Approved
22,133402,750,Unemployed,477009,5,Approved
35,142281,566,Unemployed,378465,2,Rejected
43,29116,537,Salaried,947058,2,Approved
49,101301,779,Salaried,998618,10,Approved
37,41867,729,Salaried,340009,10,Approved
52,127507,836,Self-Employed,186258,15,Approved
27,19208,667,Self-Employed,515988,3,Approved
50,83572,827,Unemployed,950319,5,Approved
48,101748,745,Salaried,107704,15,Approved
34,103261,578,Self-Employed,220441,5,Rejected
50,88883,613,Self-Employed,701557,5,Rejected
37,50171,800,Salaried,757909,5,Approved
52,46517,716,Self-Employed,477210,2,Approved
26,45648,699,Salaried,118176,7,Approved
44,87654,741,Self-Employed,694026,15,Rejected
26,35910,512,Self-Employed,86417,10,Rejected
47,67647,706,Self-Employed,425080,10,Rejected
38,18424,761,Salaried,563815,5,Approved
44,44641,596,Salaried,145153,5,Approved
57,140416,570,Self-Employed,373844,2,Rejected
44,52001,802,Salaried,638564,2,Approved
58,32546,848,Salaried,219477,10,Approved
54,19304,729,Salaried,85971,5,Approved
60,140722,799,Salaried,256600,5,Approved
35,130448,531,Self-Employed,372884,15,Rejected
31,100368,749,Self-Employed,679827,10,Approved
42,106327,753,Salaried,450509,2,Approved
44,28022,758,Self-Employed,485592,15,Approved
21,95354,681,Salaried,701665,10,Rejected
38,138045,839,Salaried,638602,2,Approved
32,87498,665,Self-Employed,467450,2,Approved
48,141780,503,Salaried,107679,15,Approved
60,52307,644,Salaried,306961,15,Approved
27,137645,664,Self-Employed,670572,2,Approved
43,21244,843,Salaried,565759,5,Approved
41,43090,604,Salaried,334466,10,Approved
54,82277,535,Salaried,805625,2,Rejected
31,129559,813,Unemployed,515699,7,Rejected
42,117895,668,Salaried,837275,2,Approved
55,140641,507,Salaried,885577,2,Rejected
49,25855,585,Self-Employed,76216,15,Rejected
48,140963,596,Self-Employed,952244,2,Rejected
38,134815,814,Salaried,768049,3,Approved
34,129113,529,Salaried,498930,15,Approved
38,68374,600,Salaried,693687,7,Approved
48,30521,566,Salaried,158805,5,Rejected
44,118146,848,Self-Employed,755276,15,Approved
28,76933,562,Salaried,944628,10,Rejected
28,89101,531,Salaried,355443,10,Rejected
24,61856,586,Self-Employed,639011,15,Approved
47,55256,710,Salaried,700895,10,Approved
56,75352,550,Unemployed,432407,15,Rejected
25,139638,562,Salaried,57403,5,Approved
53,19927,579,Salaried,595301,2,Approved
54,26301,842,Self-Employed,239508,7,Approved
50,104849,731,Salaried,51604,10,Approved
28,86759,600,Salaried,616517,3,Approved
59,106047,628,Self-Employed,980366,3,Approved
46,104991,518,Salaried,685116,7,Rejected
57,81058,593,Salaried,585882,10,Rejected
54,48341,580,Self-Employed,908474,2,Approved
27,125845,602,Self-Employed,904758,10,Rejected
60,117878,653,Self-Employed,765216,2,Approved
48,73820,768,Self-Employed,742069,10,Approved
59,62791,617,Salaried,301388,3,Approved
59,21255,841,Self-Employed,568525,5,Approved
48,22944,778,Unemployed,390094,15,Approved
34,48497,724,Salaried,730593,7,Approved
58,45723,767,Self-Employed,623297,2,Approved
24,29845,636,Salaried,289432,5,Approved
38,107833,725,Salaried,333761,2,Approved
45,111039,833,Salaried,957506,7,Approved
27,73569,728,Salaried,241016,5,Approved
58,99434,822,Salaried,475939,5,Approved
48,18744,607,Salaried,265478,15,Rejected
25,70082,799,Unemployed,360609,15,Rejected
23,94407,506,Salaried,617703,7,Rejected
51,97072,627,Salaried,392604,7,Approved
40,82766,766,Salaried,557047,2,Approved
39,83711,672,Unemployed,396907,5,Approved
31,21217,713,Salaried,680381,7,Rejected
60,130000,746,Self-Employed,666130,15,Approved
23,71509,605,Self-Employed,291379,2,Approved
43,40357,582,Salaried,733978,10,Approved
27,60354,791,Salaried,69622,15,Approved
43,56570,702,Salaried,368996,7,Approved
27,25034,540,Salaried,88052,15,Rejected
54,34263,704,Salaried,118225,15,Approved
39,93348,847,Salaried,553045,5,Approved
29,103275,548,Self-Employed,982403,10,Rejected
38,37575,642,Salaried,806996,7,Rejected
45,40231,640,Salaried,559102,3,Approved
34,94935,552,Self-Employed,712314,5,Rejected
45,41100,606,Salaried,941999,15,Rejected
39,68697,532,Salaried,796852,5,Approved
59,29357,699,Unemployed,736449,2,Approved
35,89038,618,Salaried,244087,3,Approved
36,123912,787,Salaried,89818,7,Approved
47,73149,728,Salaried,754208,3,Approved
60,23566,617,Self-Employed,661469,15,Rejected
30,140474,675,Salaried,390737,7,Approved
24,59576,684,Salaried,485366,2,Approved
39,71318,817,Self-Employed,254478,15,Approved
48,87550,837,Salaried,919694,15,Approved
41,145059,714,Salaried,625094,10,Approved
34,69408,720,Self-Employed,251361,3,Approved
53,97149,629,Salaried,646960,5,Approved
30,58167,832,Salaried,826029,7,Rejected
39,51699,771,Salaried,206636,3,Approved
50,67545,745,Unemployed,885581,7,Rejected
42,131927,622,Unemployed,307168,3,Approved
23,41386,507,Self-Employed,690053,5,Rejected
57,77273,566,Self-Employed,115657,7,Rejected
38,130312,614,Self-Employed,626635,7,Approved
31,59585,787,Self-Employed,904182,10,Approved
22,148126,604,Salaried,364287,2,Approved
32,25509,524,Self-Employed,288401,3,Approved
26,94607,552,Self-Employed,215909,5,Approved
60,130385,746,Unemployed,759907,10,Approved
49,81305,836,Salaried,584364,10,Approved
50,119085,780,Salaried,783144,2,Approved
22,60851,532,Unemployed,183034,5,Rejected
29,94910,786,Salaried,70407,15,Approved
22,52407,535,Unemployed,402663,3,Rejected
49,64606,842,Self-Employed,406833,7,Approved
53,125277,738,Self-Employed,777338,2,Approved
30,148204,716,Salaried,367716,7,Approved
54,28515,676,Salaried,360063,10,Rejected
28,118578,543,Salaried,789649,7,Approved
57,110345,803,Self-Employed,797634,3,Approved
53,78631,657,Self-Employed,68703,15,Approved
26,118784,768,Salaried,757751,3,Approved
60,143496,670,Self-Employed,942692,15,Rejected
39,39058,720,Self-Employed,186627,7,Approved
52,144226,729,Unemployed,838324,7,Approved
47,64696,590,Salaried,482391,2,Approved
21,56872,630,Salaried,257097,15,Approved
53,72971,725,Salaried,655037,3,Approved
60,100083,724,Salaried,621830,7,Approved
52,41306,642,Unemployed,925861,5,Rejected
25,63693,565,Salaried,510241,2,Rejected
37,46239,527,Unemployed,145289,2,Rejected
28,111366,624,Unemployed,731988,2,Rejected
54,86917,711,Salaried,742137,2,Approved
29,118368,579,Self-Employed,393662,15,Approved
43,136469,737,Salaried,797372,15,Approved
55,121434,631,Self-Employed,772717,7,Approved
27,44221,827,Salaried,667310,10,Approved
35,110799,799,Unemployed,521304,5,Approved
40,74467,618,Self-Employed,264264,10,Approved
45,91269,545,Self-Employed,408494,10,Rejected
23,129414,583,Self-Employed,92846,7,Approved
44,88585,781,Salaried,109176,2,Approved
54,61086,512,Salaried,650882,2,Rejected
42,128937,624,Salaried,910856,7,Approved
31,104624,824,Salaried,126092,7,Approved
28,99144,671,Self-Employed,964181,15,Rejected
59,18638,733,Salaried,625209,3,Approved
55,88679,680,Unemployed,724585,2,Rejected
58,84760,550,Self-Employed,551961,5,Rejected
28,65234,768,Salaried,664149,3,Approved
57,79049,668,Salaried,618372,10,Rejected
47,81843,815,Unemployed,406000,15,Approved
48,128406,787,Salaried,514115,15,Approved
60,81004,773,Salaried,393980,2,Approved
54,79489,848,Salaried,706477,7,Approved
52,40991,706,Unemployed,581735,7,Approved
35,123711,647,Self-Employed,765867,7,Rejected
37,140761,799,Salaried,984700,2,Rejected
53,75304,536,Salaried,838892,15,Approved
36,93103,660,Salaried,365634,5,Approved
49,125163,774,Salaried,956603,7,Approved
29,136778,787,Self-Employed,949022,15,Approved
53,51103,605,Salaried,463319,2,Rejected
49,33330,521,Self-Employed,237455,10,Rejected
33,142679,732,Salaried,517798,3,Approved
41,67409,621,Salaried,225978,2,Approved
41,18184,628,Salaried,257048,2,Approved
25,139529,809,Self-Employed,543874,15,Approved
30,90799,716,Self-Employed,250650,7,Rejected
26,73810,647,Salaried,502357,3,Rejected
33,96727,557,Salaried,361470,3,Approved
21,68546,736,Self-Employed,436736,7,Approved
40,53120,569,Salaried,175899,5,Approved
28,93036,688,Salaried,487239,2,Approved
30,98528,741,Salaried,393009,7,Approved
29,28133,562,Salaried,433572,15,Rejected
23,114993,740,Salaried,558575,5,Approved
31,133742,684,Salaried,869893,7,Approved
32,53702,758,Salaried,779635,10,Approved
30,64479,728,Salaried,55976,5,Approved
45,97384,722,Self-Employed,626737,15,Approved
45,105957,598,Salaried,299746,5,Rejected
31,32426,746,Salaried,560500,3,Approved
56,64865,544,Salaried,971872,2,Rejected
59,65404,772,Self-Employed,970527,7,Approved
46,109246,504,Salaried,403465,15,Approved
34,75423,510,Self-Employed,157435,15,Approved
59,108947,847,Self-Employed,374035,7,Approved
60,49152,538,Self-Employed,359808,2,Approved
21,121870,541,Salaried,230317,15,Rejected
24,48737,702,Salaried,714882,15,Approved
50,72325,593,Self-Employed,879153,2,Rejected
32,100159,504,Salaried,719536,15,Rejected
55,134632,551,Self-Employed,399113,15,Rejected
33,73713,649,Salaried,789501,15,Rejected
51,59815,704,Salaried,69126,3,Approved
58,105787,799,Self-Employed,837528,2,Approved
43,96243,686,Self-Employed,664399,10,Approved
24,40743,652,Self-Employed,473056,3,Approved
36,74739,615,Self-Employed,890587,5,Rejected
27,137492,648,Unemployed,461703,2,Approved
42,116156,719,Salaried,953862,5,Approved
49,148275,691,Salaried,120265,3,Approved
31,48339,732,Salaried,830531,15,Rejected
53,52121,823,Unemployed,523981,10,Approved
49,132132,720,Salaried,807963,10,Approved
59,59446,546,Self-Employed,418655,2,Rejected
32,144530,626,Salaried,230349,10,Approved
27,114342,790,Salaried,376230,15,Approved
59,101404,714,Self-Employed,81185,7,Approved
46,65918,506,Salaried,989885,15,Rejected
60,114666,683,Salaried,622843,3,Approved
29,24125,615,Salaried,235898,15,Approved
54,145422,551,Salaried,512926,10,Approved
33,47046,545,Salaried,323908,3,Approved
56,140618,522,Salaried,894564,3,Rejected
45,28114,630,Self-Employed,727242,15,Rejected
44,18637,626,Salaried,220247,15,Rejected
37,56634,764,Salaried,740480,7,Approved
22,106713,808,Salaried,420151,15,Approved
33,53776,695,Salaried,450099,15,Rejected
51,44809,547,Salaried,381900,2,Approved
49,56368,581,Self-Employed,308665,3,Approved
48,95185,608,Self-Employed,824885,7,Approved
47,145169,762,Unemployed,78293,10,Approved
35,134193,530,Unemployed,598944,5,Rejected
51,105762,555,Self-Employed,92604,2,Approved
60,124745,688,Self-Employed,508926,15,Approved
35,83316,504,Self-Employed,435699,5,Approved
53,88856,785,Self-Employed,819148,7,Approved
40,57211,777,Self-Employed,877739,3,Approved
32,103469,644,Salaried,322248,7,Approved
57,96930,695,Salaried,600254,2,Approved
29,59417,526,Salaried,100710,2,Approved
43,38519,626,Self-Employed,67822,10,Rejected
28,25983,634,Salaried,970429,7,Approved
52,62656,522,Salaried,408973,2,Rejected
34,23635,830,Salaried,54819,7,Approved
47,120373,616,Unemployed,972875,10,Rejected
45,122555,507,Salaried,251311,10,Rejected
33,127883,600,Self-Employed,61984,7,Approved
41,92975,760,Unemployed,793992,15,Approved
51,111445,698,Salaried,400441,2,Approved
57,78666,585,Self-Employed,263349,3,Approved
25,118877,727,Self-Employed,790677,15,Rejected
33,74005,678,Salaried,190352,3,Approved
48,125725,739,Salaried,443508,15,Approved
45,78477,511,Salaried,383123,10,Approved
55,118405,802,Salaried,190254,2,Approved
59,83035,733,Unemployed,618650,10,Rejected
27,115561,682,Salaried,314720,10,Approved
58,38615,781,Unemployed,416726,10,Approved
52,74808,689,Salaried,575107,10,Rejected
23,51580,825,Unemployed,487666,7,Approved
59,141731,714,Salaried,660433,7,Approved
57,109856,757,Self-Employed,233844,2,Approved
42,60898,525,Salaried,729673,15,Approved
28,100790,769,Salaried,646536,2,Approved
37,33227,581,Salaried,176308,5,Approved
47,26826,684,Salaried,195929,3,Approved
53,116972,787,Salaried,77083,7,Approved
37,101213,561,Salaried,791968,2,Rejected
32,111402,529,Salaried,863997,15,Rejected
47,54158,530,Self-Employed,950697,10,Rejected
28,33904,792,Self-Employed,294612,7,Approved
43,143212,672,Self-Employed,559828,3,Approved
49,105469,601,Self-Employed,580039,7,Rejected
40,72039,627,Self-Employed,341429,15,Rejected
36,22334,585,Salaried,907582,3,Rejected
37,114996,814,Salaried,873834,5,Approved
36,45268,527,Salaried,398420,2,Rejected
39,82636,621,Salaried,921996,15,Rejected
28,40068,750,Salaried,446423,3,Approved
58,83121,560,Salaried,426734,5,Rejected
58,141761,670,Salaried,576944,15,Approved
49,34285,771,Salaried,436708,15,Approved
56,118539,824,Self-Employed,985138,7,Approved
46,42136,799,Salaried,354916,2,Approved
51,42425,612,Salaried,600706,3,Rejected
32,36961,693,Salaried,522910,15,Rejected
37,36823,518,Salaried,164915,15,Approved
35,93409,839,Salaried,152202,3,Approved
29,89123,592,Salaried,797777,15,Rejected
59,122249,716,Salaried,145645,2,Approved
32,43852,678,Salaried,265865,15,Approved
52,55535,690,Salaried,421931,7,Approved
45,25004,662,Salaried,82720,7,Approved
59,122913,599,Salaried,960571,10,Approved
38,72086,686,Self-Employed,874339,15,Rejected
35,25131,794,Salaried,384247,7,Approved
52,43649,566,Salaried,285932,2,Approved
26,48580,572,Salaried,446676,5,Approved
55,132163,731,Salaried,928936,2,Approved
54,112200,688,Unemployed,241113,3,Approved
58,99118,549,Salaried,347426,15,Rejected
25,44469,808,Salaried,480268,10,Approved
38,83179,801,Salaried,473528,10,Approved
36,42236,807,Self-Employed,448720,5,Approved
28,41430,623,Unemployed,793342,15,Rejected
45,62407,656,Self-Employed,135089,3,Approved
52,101299,760,Salaried,179976,7,Approved
46,132496,694,Unemployed,957533,7,Approved
42,100565,829,Salaried,329192,7,Approved
51,90370,850,Self-Employed,661545,2,Approved
30,120755,830,Unemployed,507999,7,Approved
32,145845,755,Self-Employed,949785,3,Approved
48,133052,699,Salaried,559087,10,Approved
26,123737,567,Self-Employed,424251,2,Rejected
40,149290,579,Salaried,341244,7,Approved
25,114428,732,Salaried,523663,3,Approved
43,55471,685,Self-Employed,286115,5,Approved
29,66762,604,Salaried,52632,3,Rejected
49,102624,824,Salaried,754059,10,Approved
36,88600,641,Salaried,249673,3,Approved
42,130092,771,Self-Employed,412337,3,Approved
28,136336,842,Salaried,227118,2,Approved
40,72888,623,Salaried,949730,10,Approved
34,86024,722,Self-Employed,601982,7,Approved
59,108728,673,Salaried,685102,10,Approved
57,46897,690,Salaried,591631,5,Approved
54,78399,639,Unemployed,271341,15,Rejected
31,78692,796,Salaried,589694,10,Approved
60,91513,618,Salaried,871207,2,Approved
53,143041,774,Salaried,636528,7,Approved
51,110901,575,Self-Employed,214561,10,Approved
54,77596,608,Self-Employed,261262,15,Approved
27,88509,618,Self-Employed,215094,7,Approved
43,26436,757,Salaried,773241,2,Approved
27,28086,519,Salaried,562444,3,Rejected
45,109054,618,Salaried,410552,15,Rejected
23,57732,850,Self-Employed,870861,5,Approved
58,146928,636,Salaried,849602,10,Approved
40,139755,776,Salaried,645242,7,Approved
54,19745,754,Self-Employed,460691,10,Rejected
50,30697,763,Self-Employed,550249,2,Approved
37,21879,666,Self-Employed,732656,3,Approved
30,93224,664,Salaried,727483,2,Rejected
55,131369,528,Salaried,702064,15,Approved
40,94524,534,Salaried,319104,7,Rejected
38,107006,736,Self-Employed,754083,10,Approved
47,55249,793,Self-Employed,370552,7,Approved
56,47076,589,Self-Employed,147479,15,Approved
43,71462,702,Salaried,739699,15,Approved
52,103984,727,Self-Employed,610071,2,Approved
30,89035,567,Salaried,646830,10,Rejected
31,21841,630,Self-Employed,200902,7,Approved
58,62890,610,Salaried,657637,10,Rejected
26,145727,511,Salaried,917561,5,Rejected
54,43402,787,Salaried,260427,2,Approved
56,129713,674,Salaried,66625,2,Approved
57,123363,818,Salaried,155390,5,Approved
37,115807,653,Salaried,698530,3,Approved
60,41237,542,Salaried,133987,15,Approved
60,149625,704,Salaried,928422,7,Rejected
32,108439,671,Self-Employed,434663,3,Approved
41,25045,793,Salaried,802509,10,Approved
60,92916,784,Unemployed,614394,7,Approved
39,74435,810,Self-Employed,458791,7,Approved
23,116453,551,Salaried,408243,15,Rejected
38,50261,614,Salaried,487064,7,Rejected
39,20853,518,Salaried,646711,5,Rejected
26,93664,534,Salaried,350047,2,Rejected
36,128884,547,Self-Employed,270442,5,Rejected
28,66022,732,Salaried,914420,5,Approved
38,51724,718,Salaried,282204,5,Approved
59,29440,609,Salaried,160258,3,Approved
32,88716,753,Salaried,645201,5,Approved
30,124911,687,Unemployed,809371,2,Approved
27,103694,530,Salaried,799160,7,Approved
21,134189,758,Salaried,609456,3,Approved
56,112203,662,Salaried,659366,15,Approved
41,117039,843,Self-Employed,280925,5,Approved
57,20838,807,Salaried,391936,5,Approved
44,120210,570,Salaried,56902,7,Approved
45,121140,806,Salaried,788157,7,Approved
27,118166,555,Salaried,654912,15,Approved
37,54994,598,Self-Employed,384689,3,Approved
49,48384,520,Salaried,462680,15,Approved
50,63378,607,Self-Employed,971038,15,Rejected
27,125318,552,Salaried,651623,2,Approved
53,56977,505,Salaried,319935,3,Rejected
27,41652,730,Self-Employed,583800,7,Approved
44,28270,581,Salaried,277259,2,Approved
31,100804,716,Self-Employed,858152,5,Approved
29,54417,834,Salaried,195635,15,Approved
32,145390,546,Unemployed,757615,5,Rejected
55,74042,740,Salaried,308478,10,Approved
24,81253,677,Salaried,396900,7,Approved
56,70723,581,Salaried,547833,10,Approved
48,93449,786,Salaried,768054,3,Approved
33,99141,691,Self-Employed,265109,3,Rejected
43,18557,642,Salaried,92094,15,Approved
39,125776,813,Unemployed,241576,2,Approved
57,64652,778,Salaried,144209,15,Approved
59,134048,540,Salaried,473838,7,Approved
44,78941,770,Self-Employed,307079,2,Approved
36,105340,586,Self-Employed,249325,2,Approved
53,92828,502,Salaried,795406,3,Rejected
32,102545,710,Unemployed,203870,3,Approved
54,128623,500,Unemployed,401505,15,Rejected
27,60591,574,Unemployed,470383,7,Rejected
31,149129,730,Self-Employed,621661,3,Approved
51,142007,575,Self-Employed,844813,7,Rejected
49,111829,759,Salaried,716321,10,Approved
33,82578,524,Self-Employed,675971,15,Rejected
51,126497,699,Salaried,963429,5,Approved
22,23493,593,Salaried,719709,15,Rejected
59,120181,607,Salaried,291125,10,Approved
35,85818,594,Unemployed,948765,3,Rejected
31,138196,590,Salaried,805233,5,Approved
54,19431,543,Self-Employed,791205,5,Approved
59,118079,522,Salaried,723231,15,Rejected
24,49195,689,Salaried,730503,15,Approved
31,33203,522,Salaried,856639,2,Rejected
49,21974,733,Salaried,576910,5,Approved
22,120769,685,Unemployed,415967,7,Rejected
36,103222,810,Salaried,564639,3,Approved
59,30636,832,Self-Employed,441719,3,Approved
33,53070,562,Salaried,734837,2,Rejected
57,47123,602,Unemployed,575201,15,Rejected
37,138973,815,Self-Employed,506982,15,Approved
41,22966,688,Salaried,849487,2,Approved
39,136414,835,Salaried,153533,3,Approved
27,101962,688,Salaried,500607,2,Rejected
58,97698,850,Salaried,858017,5,Approved
28,59482,568,Salaried,470525,5,Rejected
33,20998,613,Unemployed,716224,7,Approved
57,140659,603,Self-Employed,989285,15,Approved
22,79265,607,Salaried,144588,2,Approved
31,84445,844,Unemployed,128133,3,Approved
44,129033,520,Salaried,181613,15,Rejected
26,96033,765,Salaried,153166,15,Approved
46,102480,842,Salaried,344127,10,Approved
27,122000,708,Salaried,714758,3,Rejected
59,47652,669,Salaried,74759,15,Approved
39,22476,693,Salaried,270713,10,Approved
26,113768,846,Self-Employed,635641,10,Approved
49,34219,622,Unemployed,371469,7,Approved
59,48448,676,Self-Employed,811844,10,Rejected
22,24855,503,Salaried,236833,5,Rejected
39,116856,687,Salaried,857550,5,Approved
24,79282,845,Salaried,129284,15,Approved
26,105393,528,Self-Employed,398753,7,Approved
57,147822,585,Salaried,157752,3,Approved
48,36070,546,Salaried,388623,3,Rejected
50,74690,576,Salaried,463696,15,Approved
27,79134,842,Unemployed,569672,15,Approved
29,105755,690,Salaried,745279,3,Approved
45,124993,530,Unemployed,343225,3,Rejected
53,49489,806,Salaried,431646,5,Approved
21,41178,668,Self-Employed,348692,5,Approved
26,97019,535,Salaried,124010,7,Rejected
38,75956,744,Self-Employed,430432,7,Approved
30,80778,850,Salaried,302734,7,Approved
48,129466,687,Salaried,867320,3,Approved
31,136292,514,Salaried,868040,3,Rejected
53,117747,833,Salaried,583689,5,Approved
21,64475,715,Self-Employed,629705,5,Approved
33,68697,657,Self-Employed,115976,2,Approved
57,28272,654,Self-Employed,365103,2,Rejected
40,39071,740,Salaried,95694,15,Approved
21,126644,795,Salaried,999925,3,Approved
23,113516,544,Unemployed,623913,15,Rejected
38,46831,674,Self-Employed,942025,5,Rejected
34,136313,845,Salaried,166545,3,Approved
51,141950,555,Self-Employed,855595,15,Rejected
47,80909,553,Self-Employed,579324,15,Approved
37,47367,840,Salaried,754278,10,Approved
49,38121,764,Salaried,246593,2,Approved
56,53547,738,Salaried,177635,7,Approved
57,81642,820,Unemployed,701555,3,Approved
46,42914,607,Salaried,409337,10,Approved
37,134664,697,Salaried,988230,7,Approved
42,85258,713,Self-Employed,273125,15,Approved
45,78563,745,Self-Employed,783371,10,Approved
22,80607,537,Unemployed,436570,5,Rejected
42,83638,672,Salaried,127083,5,Approved
25,110971,604,Self-Employed,730492,5,Approved
24,134720,539,Salaried,874443,15,Rejected
56,95760,629,Salaried,925385,7,Rejected
26,94788,680,Salaried,939078,7,Rejected
41,35918,693,Self-Employed,749797,5,Approved
33,25197,830,Self-Employed,473248,15,Approved
57,115127,788,Salaried,349966,7,Approved
45,45785,840,Salaried,765934,5,Approved
46,22570,558,Self-Employed,168026,3,Approved
59,90242,850,Salaried,310387,5,Approved
40,65907,525,Salaried,631197,15,Rejected
53,27449,602,Salaried,92786,2,Approved
34,42630,520,Salaried,966350,3,Rejected
56,92658,579,Salaried,240614,15,Rejected
37,64371,826,Self-Employed,340076,5,Approved
41,42887,698,Salaried,236518,2,Approved
36,31859,821,Self-Employed,406331,5,Approved
36,66339,536,Salaried,627659,3,Approved
40,20512,513,Salaried,205642,5,Rejected
49,98982,720,Self-Employed,111155,7,Approved
48,39912,665,Salaried,842847,5,Approved
28,138639,672,Self-Employed,674486,3,Approved
44,133781,649,Self-Employed,88227,10,Approved
23,120067,671,Unemployed,535080,5,Approved
45,30227,580,Unemployed,374242,7,Rejected
39,51000,835,Salaried,430633,3,Approved
53,69253,724,Salaried,101807,2,Approved
22,128848,534,Salaried,971022,10,Rejected
35,85564,687,Self-Employed,547201,15,Rejected
42,138921,723,Salaried,595748,5,Approved
30,113969,630,Self-Employed,878872,3,Approved
38,140614,850,Salaried,114042,7,Approved
42,93186,810,Salaried,376768,7,Approved
47,70492,508,Salaried,246472,3,Approved
33,48364,568,Salaried,865828,7,Rejected
53,85949,527,Salaried,502113,15,Rejected
25,124330,733,Salaried,427477,10,Approved
46,121722,530,Salaried,436573,2,Approved
33,47854,814,Salaried,129935,7,Approved
47,114742,731,Salaried,784600,7,Approved
34,137625,837,Salaried,575986,2,Approved
44,47655,553,Self-Employed,959057,10,Rejected
23,84156,674,Self-Employed,790850,10,Rejected
50,139232,797,Salaried,226645,10,Approved
55,33455,778,Salaried,610482,15,Approved
34,30679,585,Salaried,618952,7,Rejected
32,45429,564,Unemployed,323560,7,Rejected
48,36073,588,Salaried,619672,10,Approved
49,88207,553,Self-Employed,202241,7,Rejected
37,48365,617,Salaried,120110,5,Rejected
60,92453,728,Salaried,148694,7,Approved
41,124657,766,Self-Employed,455915,15,Approved
43,25784,818,Salaried,591953,10,Approved
40,130529,521,Salaried,786832,3,Rejected
31,148229,746,Unemployed,787786,10,Rejected
54,138913,813,Salaried,674314,3,Approved
30,44154,519,Salaried,228071,7,Rejected
30,43650,683,Salaried,67341,7,Approved
26,113830,848,Unemployed,285234,15,Approved
56,54201,549,Self-Employed,797206,3,Rejected
44,90920,589,Salaried,744565,10,Rejected
32,99451,603,Unemployed,99914,2,Approved
43,130169,693,Salaried,383276,2,Approved
47,117978,573,Salaried,842381,10,Rejected
57,60568,768,Salaried,358928,7,Approved
26,70204,514,Self-Employed,830795,3,Approved
21,34767,828,Self-Employed,302022,3,Approved
26,56652,782,Salaried,539138,10,Approved
42,102244,697,Salaried,580909,10,Approved
44,119733,843,Unemployed,290179,5,Approved
45,78089,694,Self-Employed,111037,15,Approved
35,44440,535,Self-Employed,502319,3,Rejected
46,70443,704,Salaried,773785,15,Approved
28,74325,807,Self-Employed,221617,5,Approved
44,73919,638,Self-Employed,788622,7,Approved
58,58533,763,Unemployed,579802,3,Approved
26,117826,556,Salaried,352127,15,Approved
55,116995,609,Self-Employed,865088,10,Rejected
21,85275,673,Unemployed,518580,10,Rejected
56,126744,705,Salaried,405765,7,Approved
32,37507,724,Self-Employed,924970,15,Rejected
58,31193,563,Unemployed,720641,15,Rejected
31,115192,751,Salaried,736831,2,Approved
32,82042,766,Self-Employed,713113,5,Approved
59,77516,831,Salaried,714101,10,Approved
27,88490,819,Salaried,117541,15,Approved
31,51512,592,Salaried,302631,3,Approved
56,30402,682,Salaried,232407,15,Approved
51,120880,799,Self-Employed,339285,3,Approved
53,137764,713,Salaried,288326,3,Approved
33,49050,641,Unemployed,191189,7,Approved
38,113808,582,Salaried,402366,2,Rejected
44,68093,598,Self-Employed,51823,5,Approved
29,23050,780,Salaried,594293,3,Approved
51,64716,601,Salaried,182210,3,Approved
30,133455,828,Salaried,739848,10,Approved
22,126686,570,Salaried,624163,2,Rejected
58,65431,837,Self-Employed,466231,10,Approved
35,34760,765,Self-Employed,183484,7,Approved
23,61815,629,Self-Employed,129331,7,Approved
51,105986,559,Self-Employed,149070,5,Rejected
26,43634,800,Self-Employed,849551,7,Approved
23,78403,618,Salaried,848005,5,Approved
31,64573,762,Salaried,945088,10,Rejected
35,145099,827,Self-Employed,649309,3,Approved
48,28296,520,Salaried,994447,3,Rejected
30,39959,596,Salaried,54017,2,Rejected
58,32570,802,Salaried,742398,7,Approved
27,53423,500,Salaried,506501,2,Rejected
35,98263,702,Salaried,756470,2,Rejected
38,130446,627,Salaried,271120,3,Approved
38,74963,849,Salaried,996301,7,Approved
44,52341,631,Salaried,190258,3,Approved
22,23597,533,Salaried,948514,15,Rejected
60,125127,586,Salaried,859213,2,Approved
40,93589,531,Salaried,674443,7,Rejected
54,101967,758,Self-Employed,732912,15,Approved
46,149607,823,Salaried,712270,15,Approved
27,66469,812,Self-Employed,53871,15,Approved
58,62493,532,Salaried,64627,3,Approved
50,63785,785,Salaried,78586,5,Approved
25,103017,825,Salaried,750614,15,Approved
31,125771,548,Salaried,387094,5,Rejected
21,147026,785,Salaried,549501,10,Approved
54,48192,581,Self-Employed,374270,10,Rejected
21,97941,643,Self-Employed,628317,7,Approved
39,75544,779,Salaried,796412,10,Approved
22,23017,591,Salaried,225283,7,Rejected
41,66260,723,Self-Employed,154665,2,Approved
40,63938,716,Salaried,97733,5,Approved
43,103265,655,Unemployed,820865,7,Approved
41,122120,776,Unemployed,294544,2,Approved
44,119728,507,Self-Employed,70300,5,Approved
24,32628,535,Salaried,778383,3,Rejected
32,141239,623,Salaried,215910,2,Approved
42,136165,508,Unemployed,58828,3,Rejected
40,107102,539,Salaried,425891,10,Approved
38,107360,678,Salaried,808470,7,Approved
21,137346,628,Salaried,245909,5,Approved
50,86348,567,Salaried,974346,10,Rejected
53,116348,653,Self-Employed,683160,2,Approved
44,110862,502,Unemployed,201131,10,Rejected
34,27402,764,Self-Employed,831641,3,Approved
56,109861,503,Self-Employed,549381,3,Approved
25,144121,761,Salaried,426546,15,Approved
31,125089,828,Salaried,81430,7,Approved
44,44000,781,Salaried,953640,10,Approved
51,107795,584,Salaried,658733,15,Approved
33,130885,841,Salaried,866362,5,Approved
36,23988,534,Self-Employed,956137,3,Rejected
44,74999,613,Salaried,548219,2,Rejected
33,131174,558,Unemployed,268764,10,Approved
44,78659,537,Unemployed,597509,5,Rejected
46,113343,532,Salaried,717766,5,Rejected
22,140453,702,Salaried,546679,5,Approved
36,77938,701,Self-Employed,312403,5,Approved
58,23149,599,Unemployed,200452,15,Rejected
21,56079,800,Self-Employed,566851,3,Rejected
31,131316,803,Salaried,336336,7,Approved
55,66601,617,Salaried,562005,10,Approved
49,61809,742,Salaried,564358,3,Approved
57,108636,528,Salaried,942993,7,Rejected
37,148366,726,Salaried,852165,5,Approved
59,119477,839,Self-Employed,953898,2,Approved
48,35857,712,Salaried,755681,5,Approved
49,143305,686,Self-Employed,786489,7,Approved
23,71709,612,Salaried,979820,7,Rejected
30,134839,798,Salaried,361092,2,Approved
34,141307,660,Salaried,262640,15,Approved
32,140850,518,Salaried,402915,3,Approved
50,38948,763,Self-Employed,161491,15,Approved
52,51782,658,Salaried,819617,2,Approved
52,100789,510,Self-Employed,661207,5,Approved
52,123217,507,Unemployed,143653,10,Approved
46,52723,652,Self-Employed,427192,3,Approved
21,92314,612,Salaried,238245,10,Approved
22,108312,647,Salaried,186786,10,Approved
37,29809,537,Salaried,580331,3,Rejected
50,26100,634,Salaried,237329,5,Approved
59,95627,734,Unemployed,549272,15,Approved
27,92635,754,Salaried,496165,7,Approved
47,73020,573,Self-Employed,961385,5,Rejected
29,23663,827,Self-Employed,192625,15,Approved
42,113440,775,Unemployed,668333,7,Approved
54,65136,708,Salaried,348672,7,Approved
21,124602,766,Salaried,341928,3,Approved
29,54104,643,Salaried,123904,3,Approved
40,57137,541,Self-Employed,103192,2,Approved
39,85762,723,Salaried,318314,15,Approved
56,94438,845,Salaried,615184,10,Approved
60,54392,551,Salaried,780400,10,Approved
24,102267,807,Salaried,417431,10,Approved
29,60485,636,Salaried,931214,10,Rejected
42,63798,694,Salaried,660207,2,Rejected
38,108680,594,Unemployed,618295,7,Rejected
32,113446,757,Salaried,779618,2,Approved
59,107938,524,Self-Employed,569651,15,Rejected
29,55232,731,Self-Employed,110849,3,Approved
26,115239,831,Salaried,308540,5,Approved
39,75172,593,Self-Employed,687205,7,Rejected
27,115305,849,Salaried,950070,7,Approved
36,22094,720,Self-Employed,192681,2,Approved
25,86466,796,Self-Employed,618898,3,Approved
36,117067,702,Self-Employed,673853,3,Rejected
21,48755,842,Salaried,825304,15,Approved
57,47000,580,Salaried,907250,7,Rejected
59,75564,704,Self-Employed,331414,2,Approved
39,61574,576,Self-Employed,726686,10,Rejected
57,96819,537,Self-Employed,302803,7,Rejected
37,109133,694,Self-Employed,275572,10,Approved
46,95972,541,Salaried,989035,5,Rejected
42,139237,681,Salaried,762959,3,Approved
28,111960,744,Self-Employed,489176,7,Approved
53,92426,694,Self-Employed,860786,5,Rejected
22,56297,577,Salaried,917951,10,Rejected
50,132147,819,Salaried,612927,7,Approved
40,26299,624,Salaried,789058,5,Rejected
38,59384,640,Salaried,153064,7,Approved
30,135182,526,Salaried,791640,5,Approved
44,94693,814,Salaried,936716,5,Approved
24,50687,820,Salaried,493955,10,Approved
57,78047,780,Salaried,733488,3,Approved
24,72911,792,Self-Employed,924955,2,Approved
33,95303,741,Salaried,95832,5,Approved
45,112165,735,Salaried,921989,3,Approved
33,118330,702,Self-Employed,139220,15,Approved
38,110480,826,Self-Employed,106316,2,Approved
44,52623,641,Salaried,862222,10,Approved
22,131219,593,Unemployed,378827,7,Rejected
53,141089,651,Salaried,579838,3,Approved
39,68000,752,Salaried,335913,7,Approved
29,89494,566,Salaried,675042,7,Rejected
48,114172,675,Self-Employed,188210,2,Rejected
55,60876,602,Salaried,823441,15,Rejected
59,136217,590,Salaried,503702,3,Approved
30,108688,692,Salaried,262936,5,Approved
21,122065,665,Salaried,941093,15,Rejected
41,84224,589,Salaried,386745,2,Approved
29,43365,825,Salaried,386245,3,Approved
35,47663,814,Salaried,540831,5,Approved
55,122610,767,Self-Employed,313338,7,Approved
25,121376,550,Salaried,744615,10,Approved
42,101275,665,Self-Employed,233751,10,Approved
43,141229,673,Salaried,865965,2,Approved
27,78883,726,Unemployed,135401,15,Approved
43,30713,765,Self-Employed,291964,5,Approved
45,116097,508,Self-Employed,710975,5,Rejected
47,38734,586,Self-Employed,417906,10,Approved
26,89622,593,Salaried,65084,5,Approved
54,96267,551,Salaried,975520,3,Rejected
29,57435,678,Self-Employed,802052,3,Rejected
53,30976,777,Salaried,732085,10,Approved
26,100910,738,Salaried,84825,7,Approved
57,148177,572,Self-Employed,618360,7,Approved
51,63812,838,Salaried,986305,7,Rejected
54,129841,571,Unemployed,558029,10,Rejected
49,75907,567,Self-Employed,544352,2,Rejected
34,138992,504,Self-Employed,349390,5,Rejected
56,99876,838,Salaried,466070,3,Approved
56,53655,737,Self-Employed,632081,15,Approved
35,41997,620,Salaried,218458,3,Approved
28,84876,710,Salaried,981646,15,Approved
46,128233,761,Unemployed,591681,2,Approved
56,140660,824,Salaried,446994,5,Approved
41,50862,557,Self-Employed,280317,7,Rejected
48,70448,542,Self-Employed,282979,15,Approved
24,102612,696,Unemployed,152284,3,Rejected
36,136849,571,Salaried,196390,7,Rejected
42,132060,590,Salaried,545888,7,Approved
32,80104,536,Unemployed,883500,10,Rejected
36,57821,813,Self-Employed,288069,10,Approved
60,30467,736,Self-Employed,619066,5,Approved
58,25691,792,Self-Employed,557366,3,Approved
57,148115,653,Salaried,541423,10,Rejected
49,33688,669,Salaried,671794,5,Approved
38,116505,771,Salaried,444466,2,Approved
30,68650,609,Self-Employed,224420,7,Approved
59,20590,650,Salaried,855135,3,Rejected
38,91396,630,Self-Employed,793818,3,Approved
21,147797,767,Salaried,888779,5,Approved
59,85484,522,Salaried,380637,10,Rejected
41,144484,638,Salaried,465938,7,Approved
21,120267,807,Self-Employed,326038,7,Approved
35,56131,738,Unemployed,369207,3,Rejected
24,29924,691,Self-Employed,600060,3,Approved
40,122191,626,Salaried,148290,7,Rejected
30,25734,528,Salaried,741402,2,Rejected
43,138405,620,Self-Employed,665456,5,Approved
54,23293,697,Salaried,945186,2,Approved
53,71203,673,Salaried,114181,10,Approved
54,85827,643,Salaried,491072,2,Approved
59,59970,678,Salaried,150210,2,Approved
30,48796,510,Salaried,642763,10,Approved
40,117345,638,Salaried,539302,15,Approved
21,134245,752,Salaried,323814,15,Approved
33,101127,844,Salaried,157036,5,Approved
21,54389,813,Self-Employed,959829,7,Approved
25,21352,518,Salaried,931574,2,Rejected
36,140143,659,Salaried,504788,5,Approved
35,111657,805,Self-Employed,916399,10,Approved
48,125276,621,Unemployed,697591,15,Rejected
51,106672,571,Salaried,976553,5,Approved
43,29290,554,Salaried,278301,15,Approved
37,43123,668,Salaried,299937,2,Approved
54,70136,598,Self-Employed,847460,7,Approved
33,135278,569,Unemployed,941194,10,Rejected
34,20257,648,Salaried,346664,10,Approved
31,85733,616,Self-Employed,866019,2,Rejected
48,143890,525,Salaried,330194,15,Approved
52,144682,747,Salaried,901029,5,Approved
55,125178,708,Self-Employed,447677,7,Approved
51,75600,726,Salaried,817800,10,Approved
37,98952,613,Salaried,421053,2,Approved
29,108888,693,Unemployed,219052,2,Approved
30,141611,820,Salaried,52118,3,Approved
28,72476,509,Salaried,783509,15,Rejected
41,114279,594,Salaried,612682,3,Approved
33,110154,620,Salaried,747669,5,Approved
25,140537,625,Salaried,536219,2,Approved
26,105125,536,Salaried,843790,15,Rejected
50,92099,568,Self-Employed,424997,5,Approved
51,146969,796,Unemployed,92030,5,Approved
37,113833,673,Salaried,526889,7,Approved
31,67240,544,Salaried,797608,3,Rejected
40,32772,622,Self-Employed,368435,5,Rejected
29,128990,526,Salaried,473138,7,Approved
22,130315,692,Salaried,829660,7,Approved
57,116053,839,Self-Employed,416808,15,Approved
21,105091,635,Self-Employed,637503,3,Rejected
24,108341,694,Salaried,818300,3,Approved
56,78896,548,Salaried,487663,2,Approved
45,50822,595,Salaried,423661,5,Approved
23,120335,620,Salaried,343716,7,Approved
29,135828,748,Salaried,732877,2,Rejected
42,140766,716,Salaried,594937,15,Approved
43,91331,613,Self-Employed,149692,5,Approved
32,98201,513,Unemployed,79927,5,Rejected
30,83651,561,Unemployed,959931,2,Rejected
54,119917,542,Self-Employed,979095,7,Approved
30,45186,739,Salaried,731192,2,Approved
50,48267,595,Salaried,554489,5,Approved
42,57140,526,Salaried,135638,2,Approved
26,49748,823,Salaried,966098,2,Approved
22,108139,741,Unemployed,253522,15,Rejected
50,82875,739,Salaried,874721,5,Rejected
22,46615,803,Self-Employed,296770,3,Approved
52,122135,566,Unemployed,388555,15,Rejected
36,52062,780,Self-Employed,967929,7,Approved
32,73122,691,Self-Employed,998104,5,Approved
21,91086,618,Salaried,815880,15,Rejected
28,46205,651,Salaried,392423,15,Approved
33,36459,764,Salaried,515670,3,Approved
35,45729,730,Self-Employed,450224,2,Approved
28,56585,850,Salaried,877608,3,Approved
30,101698,748,Salaried,154617,5,Approved
25,63635,558,Salaried,583089,15,Rejected
39,47104,516,Salaried,980149,15,Rejected
58,32770,670,Salaried,541705,5,Approved
31,146750,850,Unemployed,75300,2,Approved
40,140245,631,Salaried,456373,15,Approved
40,142011,635,Salaried,190087,5,Approved
41,73178,541,Salaried,895543,10,Rejected
38,113155,804,Salaried,649993,3,Approved
30,38828,505,Salaried,197345,10,Rejected
54,35171,828,Self-Employed,161270,10,Approved
46,141249,669,Self-Employed,78465,3,Approved
50,32202,787,Salaried,526320,5,Approved
29,105367,837,Self-Employed,373867,3,Approved
51,77046,714,Unemployed,336903,2,Rejected
24,27849,568,Salaried,266600,10,Approved
26,96872,526,Salaried,649635,15,Rejected
34,53344,724,Salaried,873526,10,Approved
24,93604,821,Salaried,598307,5,Approved
46,114550,733,Salaried,787158,3,Approved
59,92383,550,Salaried,576723,15,Approved
37,59182,648,Unemployed,181806,7,Approved
39,134810,574,Salaried,213997,15,Approved
26,42180,805,Unemployed,764045,5,Rejected
49,69372,591,Salaried,430324,5,Approved
31,121427,567,Salaried,561158,5,Rejected
36,87086,734,Salaried,754506,3,Approved
50,40163,643,Self-Employed,410439,5,Approved
45,137616,575,Salaried,319908,2,Approved
60,50934,585,Self-Employed,441744,2,Rejected
31,73595,726,Salaried,329603,10,Approved
27,44592,555,Salaried,644946,10,Approved
46,41039,579,Self-Employed,949148,3,Rejected
42,126305,523,Self-Employed,80342,7,Rejected
45,107262,726,Salaried,223893,10,Approved
39,146383,527,Salaried,222030,10,Rejected
51,52018,620,Salaried,896405,10,Rejected
46,71158,592,Salaried,369137,15,Approved
56,50174,840,Self-Employed,597423,10,Approved
43,113941,611,Salaried,431967,5,Approved
33,121381,844,Self-Employed,760885,10,Approved
45,125532,530,Self-Employed,693975,15,Rejected
22,52647,642,Self-Employed,642788,3,Rejected
22,75940,797,Salaried,272072,15,Approved
36,149692,726,Self-Employed,129114,5,Approved
29,124566,749,Self-Employed,227457,15,Approved
48,80395,549,Self-Employed,664230,5,Rejected
33,68955,713,Self-Employed,350037,3,Approved
55,50314,768,Salaried,247741,7,Approved
33,71685,787,Salaried,742366,10,Rejected
51,141947,694,Salaried,580074,2,Approved
41,82783,753,Salaried,78878,7,Approved
52,118229,578,Self-Employed,761084,10,Rejected
54,68189,743,Salaried,680949,2,Approved
28,111554,590,Salaried,261203,5,Rejected
22,37567,505,Salaried,400157,15,Rejected
58,94089,780,Salaried,651772,5,Approved
52,59444,649,Salaried,500680,5,Rejected
60,104184,823,Salaried,429829,10,Approved
48,42821,781,Self-Employed,520155,3,Approved
57,32601,690,Salaried,551687,5,Approved
21,130882,773,Salaried,547831,5,Approved
30,89657,572,Salaried,282531,5,Approved
24,99846,817,Salaried,525556,15,Approved
55,68502,567,Salaried,740963,10,Approved
30,141409,803,Salaried,562267,2,Approved
31,40098,562,Salaried,248693,7,Rejected
34,136502,633,Salaried,89837,5,Approved
58,93516,806,Self-Employed,335998,7,Approved
32,62280,767,Salaried,806049,3,Approved
37,26951,722,Salaried,535105,3,Approved
36,26117,625,Salaried,330905,3,Rejected
55,43979,764,Unemployed,930838,5,Approved
22,34915,506,Self-Employed,102009,7,Approved
31,77261,705,Salaried,521044,2,Approved
23,136825,678,Salaried,575743,10,Approved
49,116902,682,Salaried,632620,7,Approved
38,90964,727,Self-Employed,587970,10,Approved
40,53677,735,Salaried,521934,7,Approved
34,67830,645,Salaried,838322,5,Rejected
54,26922,557,Unemployed,228278,2,Approved
51,114696,795,Salaried,175362,5,Approved
60,85561,740,Salaried,834267,3,Approved
38,31220,844,Self-Employed,222681,2,Approved
50,71380,786,Self-Employed,895604,15,Approved
45,139449,662,Self-Employed,871628,15,Rejected
39,28935,525,Self-Employed,252817,7,Rejected
28,21784,605,Unemployed,669074,5,Rejected
48,36069,739,Unemployed,887901,10,Approved
28,139185,839,Salaried,631678,5,Approved
51,53682,831,Salaried,474851,5,Approved
23,129547,541,Salaried,439484,7,Approved
23,112303,632,Self-Employed,90816,7,Approved
42,145081,816,Salaried,761859,3,Approved
37,95818,543,Salaried,297875,2,Approved
56,129269,534,Salaried,843714,5,Approved
37,62273,846,Salaried,810857,10,Approved
34,73210,500,Self-Employed,131454,15,Approved
29,91191,725,Salaried,584734,15,Approved
50,47461,798,Self-Employed,66456,7,Approved
41,22610,787,Salaried,669778,7,Approved
32,74973,735,Salaried,446673,3,Approved
57,43583,532,Unemployed,297782,2,Rejected
52,24880,594,Salaried,525048,15,Approved
31,107257,704,Salaried,873285,3,Approved
40,130024,608,Unemployed,680180,7,Rejected
55,90417,821,Salaried,443168,10,Approved
31,21722,529,Self-Employed,534354,3,Rejected
28,38077,765,Self-Employed,817496,5,Approved
24,98868,522,Salaried,800088,7,Rejected
47,145430,596,Salaried,982727,7,Approved
60,31229,538,Salaried,201952,3,Approved
58,91338,672,Salaried,408343,10,Approved
50,20598,747,Salaried,775645,3,Approved
47,110297,661,Salaried,317189,10,Approved
41,30741,679,Self-Employed,345759,7,Approved
40,87360,602,Self-Employed,180321,3,Approved
24,54288,708,Self-Employed,796967,2,Rejected
31,33565,521,Salaried,820982,15,Approved
33,74995,504,Salaried,673987,3,Rejected
29,69656,638,Salaried,787818,3,Approved
24,63765,713,Unemployed,929963,2,Approved
32,132794,659,Self-Employed,369558,2,Approved
29,126987,638,Unemployed,276785,5,Rejected
33,75498,644,Salaried,866858,2,Approved
46,86776,659,Salaried,850545,10,Approved
58,141675,582,Salaried,631887,15,Approved
33,79711,654,Salaried,901046,15,Approved
59,60530,787,Self-Employed,519138,5,Approved
48,146236,816,Salaried,902869,10,Approved
39,35916,780,Self-Employed,796141,5,Approved
44,58376,563,Self-Employed,199339,5,Approved
39,128713,691,Salaried,254939,15,Approved
33,134128,655,Unemployed,626142,10,Rejected
33,103566,590,Salaried,126396,7,Approved
48,95125,641,Self-Employed,698614,15,Rejected
22,105519,541,Self-Employed,61110,7,Rejected
30,30437,748,Salaried,856975,3,Approved
42,80146,794,Salaried,670217,7,Approved
33,45618,757,Self-Employed,435891,15,Approved
29,27705,836,Salaried,650898,3,Approved
53,98912,500,Unemployed,308560,7,Rejected
34,69750,608,Salaried,931670,3,Approved
40,62379,624,Salaried,461016,15,Rejected
35,70682,563,Unemployed,978768,3,Rejected
52,123894,705,Salaried,375678,15,Approved
53,78384,837,Salaried,792243,2,Approved
37,148512,743,Self-Employed,628313,15,Approved
44,69128,577,Salaried,923473,3,Rejected
50,39283,610,Salaried,675174,15,Rejected
33,67506,641,Salaried,706860,15,Rejected
36,143007,715,Self-Employed,90887,10,Approved
22,112440,515,Salaried,559842,10,Approved
37,124649,553,Self-Employed,407797,3,Rejected
52,29955,640,Salaried,706174,10,Approved
28,62588,835,Salaried,681379,7,Approved
23,114626,578,Salaried,195611,10,Rejected
32,87874,648,Unemployed,874266,2,Rejected
40,133117,626,Salaried,913155,10,Rejected
36,85959,657,Salaried,234059,7,Approved
34,26272,778,Salaried,956032,15,Approved
36,42419,537,Salaried,56086,7,Approved
53,66555,656,Salaried,547814,3,Approved
50,140082,832,Salaried,323654,5,Approved
32,43379,787,Salaried,871264,7,Rejected
35,36368,611,Self-Employed,756863,3,Rejected
38,122302,689,Salaried,64200,3,Rejected
48,116906,605,Salaried,993617,10,Rejected
43,61327,590,Salaried,417812,10,Rejected
34,111787,800,Salaried,604429,3,Approved
50,49977,548,Salaried,673956,15,Rejected
53,24714,660,Salaried,552540,2,Approved
35,124680,503,Self-Employed,821132,15,Rejected
27,95237,697,Salaried,918618,3,Approved
35,70299,819,Salaried,718768,10,Approved
58,83124,753,Salaried,63594,7,Rejected
31,111052,589,Self-Employed,485446,2,Rejected
49,58912,811,Salaried,189298,5,Approved
51,132742,519,Salaried,82212,15,Approved
45,86446,576,Salaried,836499,7,Rejected
44,79516,719,Unemployed,525324,10,Approved
39,143223,661,Salaried,619951,7,Approved
22,101521,842,Salaried,886266,7,Approved
42,143673,614,Salaried,849664,10,Approved
40,89366,593,Self-Employed,388826,7,Rejected
53,58888,632,Salaried,741266,3,Approved
28,74195,671,Self-Employed,882434,15,Rejected
45,102010,613,Unemployed,878723,2,Rejected
29,116474,508,Salaried,708550,15,Rejected
54,147986,798,Salaried,411300,10,Approved
43,86345,759,Salaried,393722,2,Approved
25,140617,669,Salaried,385033,3,Rejected
45,77117,820,Self-Employed,735005,10,Approved
28,41095,597,Salaried,925589,3,Rejected
36,21991,668,Salaried,405314,5,Approved
35,41519,810,Salaried,665156,5,Approved
21,44657,717,Unemployed,946924,5,Approved
42,18826,842,Salaried,821742,2,Approved
23,100049,845,Salaried,311102,15,Approved
58,35801,543,Salaried,682091,15,Rejected
34,57566,760,Self-Employed,195002,5,Approved
56,148794,784,Salaried,670465,5,Approved
38,35421,625,Salaried,445811,3,Rejected
38,96027,759,Unemployed,530603,7,Approved
23,25546,713,Salaried,900834,7,Rejected
30,89439,804,Salaried,313362,15,Approved
59,34406,699,Self-Employed,793179,15,Approved
21,148209,735,Salaried,189747,5,Approved
47,27825,840,Salaried,899879,15,Approved
47,52173,635,Salaried,923035,7,Approved
31,73619,615,Self-Employed,467047,5,Approved
25,101114,654,Unemployed,74384,5,Approved
27,125071,840,Salaried,243883,2,Approved
39,52374,816,Salaried,876959,10,Approved
49,82368,841,Salaried,668388,7,Approved
35,26316,517,Salaried,389421,5,Approved
55,28556,503,Self-Employed,370609,7,Rejected
57,122554,664,Self-Employed,66665,2,Approved
32,62494,626,Salaried,222661,2,Approved
50,102671,712,Unemployed,734254,5,Rejected
40,50481,547,Salaried,874121,7,Rejected
57,46401,545,Salaried,355833,7,Approved
23,58431,545,Self-Employed,220396,7,Rejected
29,82459,547,Salaried,901612,2,Rejected
59,108473,686,Salaried,340184,3,Approved
46,141311,619,Salaried,511688,3,Approved
22,138327,631,Salaried,75927,7,Approved
43,58149,518,Salaried,571217,7,Approved
43,30863,774,Unemployed,587802,10,Rejected
41,121488,731,Salaried,420945,5,Approved
36,40499,541,Salaried,106058,2,Approved
29,107218,591,Salaried,356542,10,Rejected
33,50132,760,Self-Employed,401377,7,Approved
48,144272,547,Salaried,927380,15,Rejected
47,98096,781,Self-Employed,449355,3,Rejected
37,28633,573,Salaried,889033,3,Rejected
58,21996,715,Salaried,817416,10,Approved
56,149086,720,Self-Employed,636182,3,Approved
21,19674,608,Salaried,172262,3,Approved
38,75251,634,Salaried,653922,15,Rejected
29,138162,842,Self-Employed,256866,5,Approved
33,44321,737,Salaried,200457,7,Approved
60,58131,654,Unemployed,678591,10,Rejected
35,133663,828,Salaried,775970,15,Approved
24,101605,555,Self-Employed,926976,2,Rejected
53,52851,697,Self-Employed,332875,2,Approved
44,44865,814,Salaried,744247,15,Approved
56,101606,537,Salaried,915051,7,Rejected
30,139497,840,Salaried,766618,2,Approved
56,75852,838,Unemployed,455041,15,Approved
40,67339,716,Self-Employed,122586,3,Approved
31,119086,730,Salaried,662150,5,Approved
32,38572,841,Salaried,802264,10,Approved
38,99061,756,Salaried,388829,10,Approved
50,36456,708,Self-Employed,618033,3,Approved
57,73803,700,Unemployed,255020,7,Approved
40,83633,636,Salaried,404416,5,Approved
45,54232,627,Self-Employed,819172,2,Rejected
32,85323,552,Salaried,660863,10,Rejected
41,124067,843,Self-Employed,399241,10,Approved
45,34092,583,Salaried,338964,7,Rejected
31,19132,708,Self-Employed,856624,5,Approved
29,149024,832,Unemployed,106968,15,Approved
45,31068,784,Self-Employed,614930,2,Approved
55,133729,535,Unemployed,694813,10,Rejected
52,94593,714,Salaried,98145,10,Approved
34,73041,526,Unemployed,951899,2,Rejected
21,81372,645,Self-Employed,363558,5,Approved
37,85562,517,Salaried,483869,5,Approved
45,110099,617,Salaried,100191,5,Approved
28,82046,636,Unemployed,687604,10,Rejected
25,146088,566,Salaried,409059,15,Rejected
25,114458,813,Salaried,402019,3,Approved
55,34623,529,Self-Employed,418014,10,Rejected
39,67641,572,Salaried,85048,7,Approved
43,30043,622,Self-Employed,392040,7,Approved
29,84572,727,Salaried,932064,15,Rejected
50,142218,837,Salaried,934006,10,Approved
36,104700,772,Salaried,368458,10,Approved
53,75061,745,Salaried,643332,2,Approved
22,135957,538,Self-Employed,248726,5,Approved
34,24122,669,Self-Employed,373271,15,Rejected
21,65346,814,Salaried,357159,2,Approved
46,131993,601,Self-Employed,362878,15,Rejected
45,105630,793,Self-Employed,195432,7,Approved
36,95228,742,Unemployed,565796,7,Approved
35,30054,656,Self-Employed,570113,3,Approved
46,19767,764,Salaried,282821,5,Approved
36,22708,756,Salaried,377200,5,Approved
34,75999,842,Self-Employed,475173,15,Approved
49,70158,622,Self-Employed,151122,7,Approved
44,46082,546,Salaried,112502,2,Approved
35,52024,831,Self-Employed,274515,10,Approved
39,41461,509,Salaried,755188,5,Rejected
28,23351,643,Salaried,879534,10,Approved
54,100628,798,Salaried,977109,7,Approved
22,122720,651,Salaried,646187,3,Rejected
47,142501,635,Self-Employed,927449,7,Rejected
30,128632,574,Salaried,219227,10,Approved
55,108577,525,Salaried,162109,7,Rejected
43,144875,506,Salaried,334277,5,Approved
28,118017,578,Salaried,833746,15,Rejected
48,61441,514,Salaried,72720,15,Rejected
43,131682,706,Self-Employed,995471,10,Rejected
24,98865,588,Salaried,491890,10,Approved
34,31882,596,Self-Employed,783079,3,Rejected
49,132883,715,Salaried,977918,5,Approved
21,113515,758,Unemployed,508863,2,Rejected
24,128625,828,Salaried,577667,3,Approved
52,143934,786,Salaried,823921,5,Approved
53,123065,574,Self-Employed,762019,15,Rejected
46,95027,741,Self-Employed,970655,2,Approved
37,57530,516,Salaried,287021,15,Rejected
59,76694,676,Salaried,629046,10,Rejected
43,105193,758,Salaried,821992,15,Approved
52,141498,622,Salaried,386284,3,Approved
35,34685,810,Salaried,118187,10,Approved
33,134254,610,Salaried,852740,10,Approved
22,58584,755,Self-Employed,205833,10,Approved
39,29344,733,Unemployed,649592,5,Approved
44,132491,539,Salaried,970662,2,Approved
44,62619,621,Self-Employed,729135,5,Rejected
31,125107,714,Salaried,982989,10,Approved
42,130319,795,Salaried,165857,3,Approved
35,26348,785,Self-Employed,245624,15,Approved
30,103030,780,Self-Employed,160946,10,Approved
47,122565,506,Unemployed,434444,2,Rejected
29,36640,591,Self-Employed,687290,5,Approved
48,53402,622,Salaried,671079,2,Approved
21,83088,836,Salaried,246398,5,Approved
37,148988,595,Self-Employed,858219,15,Rejected
51,27967,500,Salaried,271460,2,Rejected
30,95664,590,Salaried,809479,2,Rejected
57,118274,506,Salaried,964756,5,Rejected
49,80661,619,Unemployed,98793,5,Rejected
38,105738,849,Self-Employed,581441,5,Approved
58,61452,628,Salaried,220165,7,Approved
59,30857,678,Unemployed,105766,15,Approved
26,73900,597,Self-Employed,318075,2,Approved
60,49460,542,Salaried,601328,7,Rejected
32,104923,682,Salaried,164329,7,Rejected
34,67800,684,Salaried,198344,10,Approved
30,30626,552,Salaried,442341,7,Approved
40,114939,727,Self-Employed,115939,7,Approved
35,114159,660,Self-Employed,587089,5,Approved
51,34802,734,Salaried,942712,5,Rejected
27,34333,699,Self-Employed,601352,3,Rejected
30,53120,500,Salaried,578273,15,Rejected
30,111621,513,Salaried,918228,2,Approved
59,74843,712,Self-Employed,538693,15,Approved
48,143179,776,Salaried,995119,7,Approved
50,112333,533,Self-Employed,800637,7,Rejected
57,62935,769,Salaried,371610,2,Approved
23,40507,667,Salaried,436196,15,Approved
35,102271,669,Salaried,318693,5,Approved
41,75223,581,Salaried,793426,5,Rejected
57,131487,815,Salaried,382808,2,Approved
32,35673,636,Self-Employed,587089,2,Rejected
24,127619,732,Salaried,950333,5,Approved
29,53470,614,Salaried,803953,2,Rejected
59,59603,751,Salaried,363524,15,Approved
48,79407,788,Self-Employed,622730,5,Approved
43,71821,548,Salaried,322649,2,Approved
60,53690,503,Self-Employed,914338,5,Rejected
42,24654,675,Salaried,895660,3,Rejected
44,130259,771,Salaried,392273,5,Approved
46,106264,525,Self-Employed,928127,5,Rejected
50,45446,569,Salaried,113275,7,Approved
53,113515,792,Salaried,341765,15,Approved
36,66484,733,Salaried,257046,5,Approved
42,62078,730,Self-Employed,235635,2,Approved
38,132824,762,Salaried,214487,10,Approved
27,22225,785,Salaried,331682,2,Approved
46,142098,573,Salaried,803929,7,Rejected
28,92745,620,Salaried,381168,2,Approved
26,29721,505,Self-Employed,65332,3,Approved
50,126878,523,Salaried,519861,10,Approved
59,57437,693,Self-Employed,200234,10,Approved
43,97837,667,Unemployed,792236,15,Rejected
52,116215,840,Salaried,336738,7,Approved
42,143437,709,Self-Employed,586081,15,Approved
29,59168,632,Salaried,857282,10,Rejected
51,120114,844,Self-Employed,246274,5,Approved
27,89616,791,Salaried,896870,7,Approved
29,142887,673,Self-Employed,73936,15,Rejected
33,37760,650,Salaried,424586,3,Rejected
23,35752,587,Self-Employed,840259,10,Approved
55,84573,800,Self-Employed,538042,10,Approved
53,44866,765,Salaried,476626,7,Approved
41,18992,809,Salaried,895321,10,Approved
51,41696,569,Self-Employed,699594,10,Rejected
54,116697,704,Salaried,883222,3,Rejected
52,91541,840,Unemployed,902784,3,Approved
55,70838,531,Unemployed,634503,7,Rejected
35,47400,542,Self-Employed,764841,10,Rejected
52,100277,617,Salaried,805855,15,Rejected
26,136692,514,Salaried,727670,2,Rejected
41,35565,821,Self-Employed,740796,7,Approved
53,57585,614,Salaried,632495,15,Approved
52,139559,836,Salaried,898075,3,Approved
39,30094,519,Salaried,651607,2,Rejected
53,64647,677,Unemployed,123095,15,Approved
48,149226,761,Salaried,168060,15,Approved
51,113798,578,Self-Employed,617178,10,Approved
41,126050,619,Salaried,670024,7,Approved
54,27574,525,Salaried,712368,7,Rejected
35,53183,521,Self-Employed,371688,3,Rejected
34,84606,700,Salaried,288096,5,Approved
39,75194,563,Salaried,480046,5,Approved
35,44082,713,Self-Employed,685218,5,Approved
26,126371,813,Salaried,728636,7,Approved
29,145899,792,Salaried,684367,3,Approved
57,25807,577,Salaried,498438,3,Approved
40,50143,715,Salaried,960844,5,Approved
54,139952,723,Self-Employed,767879,2,Approved
58,76414,527,Salaried,304507,5,Approved
46,42715,804,Salaried,365188,7,Approved
38,90934,700,Salaried,855616,2,Rejected
48,30202,566,Salaried,493298,3,Rejected
29,45987,625,Salaried,257398,10,Approved
52,94848,848,Salaried,333777,15,Approved
26,69069,694,Self-Employed,742321,2,Approved
34,58409,673,Unemployed,861800,3,Approved
48,112022,586,Self-Employed,339189,2,Rejected
44,129689,842,Salaried,234259,5,Approved
33,124948,810,Salaried,906351,2,Approved
32,19611,653,Self-Employed,421534,2,Approved
39,144047,709,Salaried,928313,2,Approved
41,49657,512,Self-Employed,373405,7,Rejected
47,36462,663,Self-Employed,891896,15,Rejected
39,107299,754,Salaried,675742,7,Approved
44,56547,563,Salaried,439190,15,Approved
46,125754,806,Salaried,201814,5,Approved
48,100273,575,Salaried,728610,10,Rejected
38,97397,521,Self-Employed,445793,7,Rejected
56,70788,559,Unemployed,971809,10,Rejected
49,105964,555,Unemployed,103202,7,Rejected
37,84247,667,Salaried,666564,3,Approved
24,31706,704,Unemployed,982455,3,Rejected
49,28924,758,Self-Employed,987036,2,Approved
24,33921,690,Self-Employed,390282,10,Rejected
30,136960,554,Unemployed,924506,2,Rejected
45,35813,839,Salaried,877260,15,Approved
51,122748,783,Salaried,513878,2,Rejected
23,126988,763,Salaried,68330,7,Approved
22,144078,758,Salaried,194314,7,Approved
45,57927,849,Self-Employed,346484,2,Approved
26,123148,588,Salaried,406612,15,Rejected
46,48539,721,Salaried,635277,7,Approved
28,29683,849,Salaried,850255,15,Approved
55,141031,588,Unemployed,132119,3,Approved
47,103151,558,Salaried,953497,3,Rejected
45,70703,651,Salaried,381748,10,Rejected
38,76810,527,Salaried,844713,3,Rejected
21,104111,724,Salaried,121734,15,Approved
59,103977,817,Self-Employed,137951,2,Approved
23,21665,550,Salaried,825388,5,Rejected
24,62390,762,Salaried,91051,7,Approved
57,92884,778,Self-Employed,666503,2,Approved
35,81887,545,Salaried,307767,7,Rejected
28,73541,833,Self-Employed,442370,10,Approved
58,112319,605,Self-Employed,631571,2,Approved
39,25882,783,Self-Employed,109309,2,Approved
46,88825,523,Salaried,455564,2,Rejected
59,31910,506,Salaried,899767,10,Rejected
30,58566,834,Salaried,355268,2,Approved
58,115519,502,Salaried,394653,7,Rejected
34,101081,757,Salaried,177211,5,Approved
39,127337,762,Salaried,437104,2,Approved
50,33362,620,Salaried,397702,10,Approved
25,31783,707,Salaried,626754,10,Approved
51,36773,520,Unemployed,493153,2,Rejected
27,63640,639,Self-Employed,74459,10,Approved
39,64969,779,Salaried,357220,3,Approved
51,60986,788,Self-Employed,584368,15,Approved
59,120017,705,Unemployed,332312,10,Approved
44,134180,542,Salaried,919529,5,Approved
54,25585,837,Salaried,280653,3,Approved
43,22122,617,Salaried,868324,7,Rejected
60,34838,504,Self-Employed,708325,3,Rejected
26,41107,706,Salaried,606726,5,Rejected
58,120678,622,Self-Employed,975997,15,Rejected
56,84025,826,Self-Employed,773240,3,Approved
47,84520,844,Self-Employed,811322,2,Approved
31,35344,641,Salaried,226900,10,Approved
25,75202,731,Salaried,415611,2,Rejected
37,118086,663,Salaried,266207,2,Approved
27,32959,534,Salaried,995395,2,Rejected
47,62264,834,Self-Employed,353099,3,Approved
35,48268,510,Self-Employed,947442,7,Rejected
33,102564,574,Self-Employed,309588,15,Approved
31,96563,799,Salaried,983949,10,Approved
46,128164,697,Salaried,345769,3,Approved
42,42459,840,Self-Employed,796009,15,Approved
48,74782,763,Unemployed,395404,2,Approved
44,19825,834,Salaried,301314,5,Approved
49,144187,723,Self-Employed,277140,5,Approved
29,78109,621,Salaried,816647,2,Rejected
24,30470,573,Salaried,337537,7,Rejected
38,21770,527,Self-Employed,768204,15,Rejected
36,149101,670,Self-Employed,208755,10,Approved
53,26958,715,Salaried,595687,15,Approved
49,131806,818,Self-Employed,808301,3,Approved
59,26806,600,Self-Employed,987540,7,Rejected
30,50162,745,Salaried,430135,5,Approved
29,92732,592,Self-Employed,362085,2,Rejected
51,45702,562,Salaried,863088,3,Rejected
48,25739,765,Salaried,738708,7,Approved
23,42599,705,Salaried,994121,15,Approved
34,54827,579,Salaried,222383,7,Approved
45,94821,536,Salaried,150606,7,Approved
35,114683,510,Salaried,411521,15,Rejected
22,86446,614,Self-Employed,158527,3,Rejected
44,101890,589,Salaried,606054,10,Approved
34,41039,731,Salaried,563277,15,Approved
27,144021,518,Self-Employed,647385,3,Approved
56,115367,551,Salaried,801267,15,Approved
44,61884,773,Salaried,443073,2,Approved
47,63819,593,Salaried,685152,3,Approved
57,101162,531,Salaried,540164,7,Rejected
58,97606,650,Salaried,985770,10,Rejected
50,125789,639,Salaried,709705,10,Approved
47,70018,557,Salaried,460860,2,Approved
59,44250,520,Salaried,909015,2,Rejected
35,95391,648,Salaried,508983,5,Approved
46,56921,720,Salaried,490747,5,Approved
21,89123,720,Salaried,780044,5,Approved
24,92363,741,Self-Employed,218569,3,Approved
49,115400,718,Salaried,308289,10,Approved
21,114847,528,Salaried,175061,2,Rejected
42,24861,546,Unemployed,944022,5,Rejected
31,94340,557,Self-Employed,357033,2,Approved
30,131049,774,Salaried,463136,5,Approved
37,18357,639,Salaried,561396,3,Rejected
56,132604,522,Self-Employed,690278,15,Rejected
46,65201,562,Unemployed,906282,3,Rejected
41,100160,551,Salaried,271880,7,Approved
33,28796,765,Salaried,158519,2,Approved
29,41238,841,Self-Employed,839906,15,Approved
31,112176,666,Salaried,818922,15,Rejected
31,58883,650,Self-Employed,399912,7,Rejected
26,103478,510,Salaried,860471,15,Rejected
21,87396,594,Unemployed,64104,3,Approved
26,22447,571,Unemployed,964836,15,Rejected
33,38523,547,Salaried,329930,3,Rejected
42,123471,847,Salaried,791656,15,Approved
51,105862,771,Salaried,96716,15,Approved
42,78977,594,Salaried,180738,2,Approved
57,106325,732,Salaried,225430,7,Approved
47,146422,547,Salaried,959346,15,Rejected
34,52787,707,Salaried,363413,15,Approved
25,33689,726,Self-Employed,828599,7,Rejected
56,135537,576,Salaried,989697,7,Approved
52,68344,848,Self-Employed,400094,2,Approved
54,85891,718,Unemployed,66791,2,Approved
27,115464,580,Salaried,514432,2,Approved
30,83869,536,Salaried,169363,10,Approved
37,98312,601,Salaried,785750,15,Rejected
50,45014,690,Salaried,914861,3,Approved
41,52563,528,Self-Employed,415951,10,Approved
33,116557,813,Salaried,318368,10,Approved
21,107422,752,Self-Employed,942341,3,Approved
21,125919,750,Self-Employed,601973,15,Approved
53,134854,725,Salaried,668333,5,Rejected
58,97317,593,Salaried,68476,5,Approved
45,33120,585,Salaried,172214,5,Approved
46,107825,609,Self-Employed,558040,2,Rejected
33,23983,716,Salaried,126598,2,Approved
48,84629,695,Unemployed,681762,7,Approved
53,88325,796,Self-Employed,816771,7,Approved
57,65879,543,Salaried,575772,10,Approved
50,32332,589,Salaried,404670,7,Approved
28,95795,654,Salaried,69760,2,Approved
21,125716,608,Salaried,826420,10,Rejected
32,104649,558,Salaried,56326,7,Rejected
25,39643,609,Salaried,251541,7,Approved
44,81128,605,Salaried,523291,5,Approved
26,60523,720,Salaried,476958,2,Approved
45,88220,762,Salaried,226750,10,Rejected
21,70784,581,Salaried,961234,3,Rejected
45,105893,771,Self-Employed,382867,15,Approved
21,77701,548,Salaried,548532,7,Approved
52,134101,531,Salaried,175477,2,Approved
23,127002,588,Salaried,162325,10,Rejected
39,35401,518,Salaried,761984,15,Rejected
49,119958,502,Salaried,704066,2,Rejected
22,130046,559,Self-Employed,64963,2,Approved
29,82372,741,Self-Employed,711598,10,Approved
37,29971,528,Unemployed,700485,5,Rejected
56,106018,574,Salaried,239100,15,Approved
37,142768,569,Self-Employed,491116,5,Rejected
32,34565,582,Self-Employed,896926,7,Rejected
40,24829,672,Self-Employed,289024,5,Approved
23,94023,696,Salaried,508007,7,Approved
24,99823,845,Salaried,754148,7,Approved
37,56941,646,Self-Employed,877760,10,Approved
57,129539,772,Self-Employed,111790,2,Approved
35,27176,534,Self-Employed,833585,3,Rejected
53,69516,612,Salaried,279275,3,Approved
36,115368,705,Salaried,498917,5,Approved
31,143670,657,Unemployed,777485,10,Rejected
40,100045,752,Salaried,162962,3,Approved
58,136903,621,Self-Employed,523717,2,Approved
44,68603,547,Salaried,301976,7,Approved
36,92736,684,Self-Employed,456021,7,Rejected
50,43789,772,Salaried,398181,10,Approved
54,106623,600,Salaried,304130,5,Approved
21,70282,514,Salaried,994835,2,Rejected
44,51464,627,Salaried,124860,5,Approved
44,59994,709,Salaried,352776,5,Approved
29,125309,611,Self-Employed,952599,10,Approved
42,141189,769,Salaried,276870,7,Approved
32,109123,641,Unemployed,399412,5,Rejected
37,43594,672,Salaried,718585,5,Rejected
45,136406,665,Salaried,757578,2,Approved
48,123021,618,Unemployed,614147,15,Approved
35,46386,702,Self-Employed,562530,7,Rejected
50,84652,510,Self-Employed,862928,5,Rejected
47,112835,748,Salaried,134392,15,Approved
42,116123,803,Unemployed,575246,3,Approved
30,35540,747,Self-Employed,143399,15,Approved
51,131483,653,Self-Employed,698239,3,Approved
47,51756,822,Unemployed,133408,7,Approved
32,107792,524,Salaried,398831,7,Rejected
51,67039,841,Salaried,723677,10,Approved
52,24088,720,Salaried,325728,15,Approved
52,118649,609,Self-Employed,743855,5,Approved
55,60044,589,Self-Employed,469808,3,Rejected
41,21005,764,Self-Employed,350061,15,Approved
30,55203,539,Salaried,924104,3,Approved
36,34220,762,Self-Employed,630596,7,Approved
27,126991,657,Self-Employed,663298,7,Rejected
24,50696,617,Salaried,856753,2,Rejected
47,64381,755,Salaried,306987,2,Approved
45,149148,695,Unemployed,551911,7,Approved
51,122056,813,Salaried,567495,2,Approved
31,41471,810,Salaried,945230,7,Approved
40,131298,513,Salaried,695822,15,Rejected
56,112673,617,Salaried,685637,7,Approved
37,42440,716,Salaried,671601,10,Approved
31,29862,704,Self-Employed,603146,2,Approved
50,119415,576,Salaried,616126,5,Rejected
55,86273,671,Self-Employed,350480,5,Approved
58,125848,525,Salaried,376741,15,Approved
42,39788,627,Unemployed,710128,10,Rejected
47,88185,641,Salaried,161467,5,Approved
57,148683,523,Self-Employed,693189,5,Rejected
55,138824,731,Salaried,520638,15,Approved
24,25799,676,Salaried,317321,15,Approved
36,103406,840,Salaried,474977,10,Approved
36,63147,734,Salaried,647870,3,Approved
41,141699,818,Salaried,231094,10,Approved
46,26614,525,Self-Employed,212955,10,Approved
56,43147,765,Salaried,711961,2,Approved
39,94637,616,Salaried,648721,5,Rejected
37,124210,557,Salaried,724433,5,Rejected
46,38914,769,Salaried,368405,3,Approved
42,81699,828,Salaried,224291,10,Approved
48,27615,794,Salaried,316725,7,Approved
21,68785,621,Self-Employed,553579,3,Rejected
56,106589,658,Salaried,958407,3,Approved
57,97017,677,Self-Employed,876234,5,Approved
22,64898,643,Salaried,174457,5,Approved
37,145767,827,Salaried,603986,5,Approved
60,127418,806,Unemployed,887551,5,Approved
58,73505,588,Salaried,518196,3,Approved
41,94031,738,Salaried,518196,15,Approved
29,109818,537,Self-Employed,110393,10,Rejected
33,140952,578,Self-Employed,579368,15,Approved
31,18146,844,Salaried,283814,15,Approved
36,127822,826,Salaried,114652,5,Approved
36,20594,845,Salaried,118664,2,Approved
22,94610,751,Self-Employed,170023,3,Approved
28,140524,827,Self-Employed,551378,7,Approved
33,106197,648,Self-Employed,636865,7,Rejected
37,79797,515,Unemployed,203278,10,Rejected
59,61937,822,Salaried,473666,3,Approved
44,135618,820,Salaried,652405,3,Approved
23,78051,768,Unemployed,950922,3,Rejected
50,95903,617,Salaried,697195,15,Approved
33,94990,691,Salaried,618857,2,Approved
39,93204,816,Salaried,584099,2,Approved
27,86951,787,Unemployed,274090,15,Rejected
29,115309,850,Self-Employed,231568,5,Approved
39,143341,796,Salaried,127641,15,Approved
60,144822,693,Salaried,406041,7,Approved
42,133694,780,Salaried,136588,15,Approved
38,55459,800,Salaried,979464,2,Approved
43,102985,749,Unemployed,438853,7,Approved
22,106295,730,Self-Employed,237904,15,Approved
31,65941,502,Unemployed,403183,3,Rejected
51,127903,673,Salaried,68162,2,Approved
53,56875,739,Self-Employed,249711,7,Approved
34,146975,603,Salaried,481850,2,Approved
36,114500,788,Self-Employed,579818,3,Approved
31,79826,743,Unemployed,535772,3,Rejected
53,142628,787,Unemployed,773984,3,Approved
27,96845,772,Salaried,959211,5,Approved
51,118965,619,Salaried,597416,15,Approved
34,138853,837,Self-Employed,907139,7,Approved
48,51043,758,Salaried,447681,5,Approved
36,71906,569,Salaried,402419,10,Approved
39,29137,682,Salaried,342142,10,Approved
37,47350,746,Salaried,285969,2,Approved
46,22698,617,Salaried,537327,2,Approved
26,148119,530,Salaried,339477,2,Approved
29,28165,648,Salaried,799045,5,Rejected
37,149866,515,Salaried,378030,15,Approved
51,116893,772,Self-Employed,56522,3,Approved
32,48736,601,Self-Employed,489734,2,Rejected
43,76084,571,Salaried,672792,2,Rejected
25,34211,692,Self-Employed,925626,15,Rejected
56,104665,821,Self-Employed,871752,10,Rejected
56,96488,610,Salaried,254159,3,Approved
23,145870,792,Salaried,684712,5,Approved
44,54801,846,Salaried,426103,15,Approved
37,36277,839,Salaried,477035,3,Approved
59,101762,817,Self-Employed,537760,10,Approved
46,100246,776,Salaried,631918,5,Rejected
24,147350,605,Salaried,257478,7,Approved
32,45802,536,Self-Employed,630950,2,Rejected
21,140794,790,Self-Employed,949737,5,Approved
41,22015,680,Salaried,158291,10,Approved
39,148305,642,Self-Employed,446774,3,Approved
41,76812,613,Salaried,768442,5,Approved
38,25826,737,Salaried,833722,10,Approved
23,27201,593,Self-Employed,385978,15,Rejected
52,47048,759,Salaried,494921,5,Approved
30,139471,606,Salaried,53513,2,Rejected
60,37941,743,Self-Employed,976964,15,Approved
35,98641,834,Self-Employed,992820,3,Approved
25,76418,522,Self-Employed,516405,15,Rejected
24,59541,770,Salaried,770918,3,Approved
48,88422,639,Self-Employed,688148,5,Approved
24,136069,581,Self-Employed,99512,15,Approved
35,138965,843,Unemployed,602957,10,Approved
37,59607,655,Unemployed,939531,2,Rejected
23,130117,834,Salaried,411898,2,Approved
30,100865,518,Salaried,369704,5,Approved
43,32450,568,Salaried,605997,7,Approved
38,23618,631,Salaried,924137,15,Rejected
21,85583,755,Self-Employed,282130,5,Approved
55,92900,708,Self-Employed,67011,15,Approved
51,46794,509,Self-Employed,69651,2,Rejected
21,31091,639,Salaried,574854,15,Rejected
23,33161,634,Salaried,872958,3,Approved
23,141612,754,Salaried,557857,5,Approved
57,45663,799,Self-Employed,814346,5,Approved
39,117961,757,Self-Employed,838452,3,Approved
49,71105,593,Self-Employed,119066,15,Rejected
45,81436,740,Salaried,855322,5,Approved
53,146379,736,Unemployed,782643,10,Rejected
56,148705,664,Salaried,912351,3,Approved
49,110635,824,Salaried,562313,3,Approved
46,87579,647,Salaried,93882,15,Approved
24,32242,717,Salaried,599592,3,Approved
34,116901,607,Unemployed,954448,2,Rejected
47,143056,730,Self-Employed,359886,5,Approved
53,118628,569,Salaried,787753,7,Rejected
42,48976,720,Salaried,636412,5,Approved
23,29231,573,Salaried,214445,5,Approved
43,43261,678,Salaried,704213,2,Approved
41,43262,579,Self-Employed,141354,10,Rejected
43,21590,658,Salaried,88451,10,Approved
24,134726,668,Salaried,627042,2,Approved
41,105542,813,Salaried,456885,2,Approved
57,31570,660,Salaried,254012,2,Approved
51,27533,531,Salaried,595042,5,Rejected
41,143890,620,Self-Employed,174779,2,Approved
46,131819,714,Unemployed,152047,7,Approved
55,94368,502,Salaried,972351,3,Rejected
58,52798,727,Salaried,131472,10,Approved
44,40849,547,Salaried,814120,15,Rejected
31,129972,666,Salaried,874878,7,Rejected
49,47030,832,Salaried,934108,15,Approved
23,144026,510,Unemployed,634777,10,Rejected
21,138398,737,Self-Employed,285473,5,Approved
39,83729,777,Salaried,165363,5,Approved
42,26164,740,Salaried,906021,2,Approved
34,19119,691,Salaried,509461,10,Approved
34,31351,511,Salaried,706282,5,Rejected
36,90076,552,Self-Employed,807063,5,Rejected
53,63162,554,Salaried,672999,15,Rejected
33,49760,808,Salaried,886693,15,Approved
58,107074,520,Self-Employed,741720,10,Approved
32,137567,518,Self-Employed,980294,5,Rejected
58,47738,843,Salaried,195639,2,Approved
59,64921,849,Salaried,856775,5,Approved
53,140448,821,Salaried,761153,7,Rejected
53,79068,814,Salaried,736502,7,Approved
49,41581,558,Salaried,313634,2,Approved
25,113672,650,Self-Employed,261190,7,Approved
26,39485,758,Self-Employed,702657,15,Approved
51,54294,557,Self-Employed,110928,5,Approved
36,71001,715,Salaried,733786,7,Rejected
51,61969,561,Self-Employed,168888,7,Approved
45,18093,645,Self-Employed,572473,5,Approved
53,46370,738,Salaried,133401,10,Approved
33,37750,792,Salaried,477264,2,Approved
30,34472,681,Salaried,228650,10,Approved
44,36934,594,Salaried,801184,10,Rejected
30,57125,577,Self-Employed,410058,7,Rejected
51,57103,641,Salaried,212795,3,Approved
33,106705,604,Self-Employed,571387,10,Approved
23,74543,760,Salaried,852610,5,Approved
54,95492,594,Unemployed,178272,5,Approved
48,76024,722,Self-Employed,766646,5,Approved
39,44207,689,Unemployed,87622,3,Approved
43,67354,628,Salaried,91834,3,Approved
52,66960,818,Unemployed,713415,15,Approved
33,79262,694,Salaried,966673,2,Approved
53,115155,519,Self-Employed,992191,3,Approved
54,126182,798,Salaried,760678,2,Approved
53,117132,739,Self-Employed,746189,15,Approved
25,90706,734,Unemployed,679050,5,Approved
23,47968,584,Self-Employed,648217,3,Rejected
27,60517,593,Self-Employed,131396,7,Rejected
44,147282,541,Salaried,308665,15,Rejected
42,63984,849,Salaried,748973,7,Rejected
43,90321,573,Salaried,304946,7,Approved
50,139854,614,Salaried,177000,3,Approved
38,108638,689,Self-Employed,529888,3,Approved
52,86972,624,Self-Employed,133451,3,Approved
27,39432,505,Unemployed,714941,7,Rejected
53,83896,541,Salaried,655905,5,Rejected
25,123035,557,Salaried,395681,10,Approved
48,31750,509,Salaried,619389,5,Rejected
28,45987,588,Self-Employed,546674,3,Approved
35,120995,833,Salaried,563558,10,Approved
24,44165,610,Self-Employed,599228,15,Rejected
54,42346,538,Salaried,643195,10,Rejected
25,21514,666,Salaried,585304,5,Approved
53,42838,510,Self-Employed,466159,7,Rejected
25,45559,609,Unemployed,104617,2,Rejected
58,119223,515,Self-Employed,133292,7,Approved
54,77207,532,Salaried,556554,7,Approved
46,34385,732,Salaried,576525,10,Approved
21,149465,687,Salaried,413922,3,Approved
24,42881,723,Unemployed,901695,3,Rejected
59,129761,558,Salaried,513196,10,Approved
46,76308,550,Unemployed,857284,7,Rejected
53,128515,770,Unemployed,448974,5,Approved
53,90031,542,Self-Employed,357147,15,Rejected
28,123257,526,Salaried,135895,2,Rejected
40,104973,555,Salaried,845608,7,Rejected
36,77596,620,Self-Employed,603946,7,Rejected
41,38428,612,Self-Employed,961470,2,Approved
46,80160,815,Unemployed,711034,5,Approved
43,98729,614,Salaried,985414,2,Rejected
38,78843,608,Self-Employed,864380,10,Rejected
51,98169,674,Salaried,499157,2,Approved
32,112764,611,Salaried,562522,2,Rejected
21,44730,599,Self-Employed,77749,7,Rejected
29,132082,507,Salaried,830229,7,Rejected
23,90981,634,Salaried,142356,3,Approved
46,83573,750,Salaried,178390,2,Approved
29,49076,836,Salaried,863110,10,Approved
36,144283,739,Salaried,510982,3,Approved
44,43094,721,Salaried,722786,15,Approved
34,28555,644,Salaried,881850,2,Rejected
23,88656,503,Unemployed,175400,7,Rejected
54,146061,781,Self-Employed,209752,10,Approved
53,139432,833,Self-Employed,945635,5,Approved
44,148694,827,Salaried,711528,3,Approved
29,52162,696,Salaried,250263,7,Approved
33,119173,627,Self-Employed,809217,5,Rejected
22,115858,760,Salaried,490292,2,Approved
27,119980,590,Salaried,678133,10,Approved
41,144652,824,Salaried,676497,7,Approved
39,56458,758,Salaried,313224,7,Approved
45,122122,593,Self-Employed,127333,10,Rejected
42,116538,756,Self-Employed,755335,7,Approved
31,129201,635,Unemployed,954739,7,Rejected
53,105008,512,Unemployed,348162,2,Rejected
52,29377,697,Self-Employed,773011,3,Rejected
41,101031,677,Salaried,397631,5,Approved
59,142403,611,Salaried,677712,15,Approved
40,75487,763,Self-Employed,648063,10,Approved
28,85639,578,Salaried,264432,5,Rejected
57,108731,755,Self-Employed,848359,10,Rejected
29,142766,573,Salaried,313088,15,Approved
45,121429,660,Self-Employed,102420,10,Approved
45,148904,700,Self-Employed,593791,7,Approved
53,88270,807,Salaried,989960,15,Approved
22,103293,532,Self-Employed,322319,15,Approved
39,48328,572,Self-Employed,206002,2,Rejected
40,41138,792,Self-Employed,184377,10,Approved
49,27028,697,Self-Employed,177412,15,Approved
26,61819,824,Salaried,497163,5,Approved
37,106627,815,Unemployed,281293,3,Approved
45,23312,739,Salaried,875969,5,Approved
58,43973,573,Self-Employed,684969,15,Rejected
24,120126,530,Self-Employed,607424,2,Rejected
50,62390,513,Salaried,470778,3,Approved
40,67956,704,Unemployed,804856,7,Approved
23,117379,815,Unemployed,519946,5,Approved
43,32063,567,Self-Employed,912056,5,Rejected
38,112306,627,Self-Employed,794624,15,Approved
46,111196,525,Unemployed,564219,10,Rejected
56,27605,683,Salaried,788833,10,Approved
28,114185,636,Unemployed,986698,3,Approved
37,120756,790,Self-Employed,130312,7,Approved
51,134351,605,Self-Employed,290600,10,Approved
57,90964,523,Salaried,934847,15,Approved
53,20420,838,Salaried,660280,5,Approved
47,102448,693,Self-Employed,788343,3,Approved
24,107897,668,Salaried,496565,10,Approved
42,45728,535,Salaried,133117,10,Rejected
46,142826,600,Self-Employed,111241,2,Approved
52,75858,533,Salaried,804004,3,Approved
44,124716,538,Salaried,775911,3,Rejected
55,94992,710,Salaried,703211,15,Approved
57,117259,729,Salaried,609917,7,Approved
52,134185,778,Salaried,750611,10,Approved
27,118282,579,Salaried,588183,3,Approved
53,115677,737,Salaried,501765,15,Approved
51,78049,671,Self-Employed,819776,7,Approved
32,58213,825,Salaried,539248,10,Approved
31,22284,558,Salaried,966802,5,Rejected
44,35585,521,Self-Employed,407488,2,Rejected
28,113131,843,Salaried,565923,7,Approved
52,25131,737,Salaried,563698,2,Approved
58,61382,795,Salaried,895350,5,Approved
42,105081,840,Salaried,193864,3,Approved
54,71441,593,Self-Employed,899838,10,Rejected
39,97220,743,Salaried,589718,3,Approved
40,30651,510,Salaried,89130,2,Approved
34,24918,616,Salaried,223572,3,Approved
53,41007,764,Unemployed,965184,3,Approved
30,43035,511,Salaried,119120,7,Rejected
36,107352,653,Salaried,111397,15,Approved
24,94749,537,Unemployed,433356,7,Rejected
47,132049,630,Salaried,628743,5,Approved
48,106148,724,Self-Employed,625366,7,Rejected
36,40211,642,Salaried,81088,7,Rejected
53,44866,553,Salaried,774415,7,Rejected
39,25344,523,Salaried,293719,7,Rejected
41,86737,620,Salaried,811451,15,Approved
42,88288,618,Salaried,977101,5,Rejected
29,80546,660,Unemployed,549069,7,Approved
29,125879,573,Salaried,576301,7,Approved
29,28327,684,Self-Employed,279823,2,Approved
47,45608,691,Salaried,133640,7,Approved
37,106534,719,Unemployed,668267,5,Approved
28,134209,620,Unemployed,718825,15,Rejected
36,36007,708,Salaried,770929,5,Rejected
38,43257,799,Salaried,165184,3,Approved
53,103054,845,Self-Employed,732847,7,Approved
21,47784,663,Salaried,965477,10,Approved
32,62221,767,Self-Employed,772299,3,Rejected
26,39378,502,Unemployed,53219,5,Rejected
25,22696,549,Salaried,451293,3,Rejected
36,111531,710,Self-Employed,970214,10,Approved
38,52635,515,Salaried,993682,2,Rejected
38,144489,667,Salaried,96994,10,Approved
21,76543,782,Salaried,423325,15,Approved
39,29817,825,Salaried,541239,15,Approved
28,73258,797,Salaried,809334,3,Approved
23,149240,684,Salaried,718324,7,Approved
45,140475,637,Self-Employed,792498,2,Approved
25,83199,624,Salaried,340432,15,Approved
60,82948,557,Salaried,605002,10,Rejected
39,75782,565,Salaried,315746,7,Rejected
38,98759,839,Salaried,572510,10,Approved
51,79599,701,Self-Employed,924456,5,Rejected
53,34291,508,Salaried,840528,7,Approved
38,126945,604,Self-Employed,937070,5,Rejected
59,105057,588,Salaried,383796,2,Rejected
36,108251,588,Self-Employed,262147,2,Approved
36,105154,843,Salaried,341754,2,Approved
58,112535,505,Self-Employed,116815,2,Approved
27,19573,657,Salaried,823293,5,Rejected
34,26577,829,Salaried,153253,5,Approved
45,47948,602,Self-Employed,377729,15,Approved
52,95700,722,Self-Employed,88419,3,Approved
58,23217,670,Salaried,535992,3,Approved
42,78178,532,Unemployed,179213,5,Rejected
36,103062,680,Self-Employed,879166,2,Rejected
49,114806,683,Salaried,696186,3,Approved
36,127657,586,Salaried,692564,7,Approved
32,85035,568,Salaried,807710,5,Rejected
37,111075,525,Salaried,310855,7,Rejected
57,39629,505,Salaried,263057,2,Rejected
47,109282,755,Salaried,974043,15,Approved
45,64007,681,Salaried,333898,5,Rejected
33,20039,794,Salaried,316367,3,Approved
28,124615,759,Salaried,732680,15,Approved
25,21857,813,Salaried,361483,3,Approved
32,109432,803,Salaried,710662,7,Approved
23,98977,815,Salaried,947601,5,Approved
55,30735,733,Salaried,930583,15,Approved
53,64051,781,Self-Employed,265880,2,Approved
42,142822,706,Unemployed,857673,10,Rejected
29,70693,576,Salaried,869866,10,Rejected
38,125942,667,Salaried,237803,15,Approved
49,87152,841,Self-Employed,878324,2,Approved
59,98919,555,Salaried,867230,3,Approved
47,47756,794,Salaried,710498,10,Approved
56,134412,580,Salaried,426285,2,Approved
37,122531,666,Salaried,305922,15,Approved
54,71214,675,Salaried,676444,15,Rejected
23,87817,780,Unemployed,250748,15,Approved
25,81862,648,Salaried,229973,7,Approved
34,131084,755,Self-Employed,325677,3,Approved
23,46333,780,Salaried,158672,2,Approved
43,142361,844,Salaried,423498,15,Approved
59,115330,777,Salaried,522696,7,Approved
50,57288,778,Self-Employed,933941,5,Approved
43,96588,705,Salaried,886376,10,Approved
47,133784,529,Salaried,108594,10,Rejected
30,50175,717,Salaried,783081,10,Approved
45,26915,730,Salaried,511196,2,Approved
33,99658,661,Salaried,191586,5,Approved
36,127735,716,Self-Employed,463833,2,Approved
54,90454,727,Salaried,182422,15,Approved
57,113973,832,Salaried,405086,2,Approved
42,129342,720,Self-Employed,359462,5,Approved
37,31805,733,Self-Employed,134195,15,Approved
43,72716,572,Salaried,400314,15,Rejected
56,120793,594,Self-Employed,805581,7,Approved
29,55375,594,Salaried,309207,15,Approved
22,128415,742,Self-Employed,504394,3,Approved
52,23834,792,Salaried,125805,10,Approved
42,60680,762,Salaried,370609,5,Approved
33,146802,623,Self-Employed,837040,7,Rejected
28,21399,787,Salaried,689759,15,Approved
21,123908,766,Salaried,519873,5,Approved
37,94493,608,Salaried,483050,3,Approved
32,124035,847,Salaried,281765,5,Approved
24,144766,547,Self-Employed,967671,5,Rejected
33,110674,800,Salaried,169467,7,Approved
51,99344,594,Salaried,705173,10,Approved
27,111779,532,Self-Employed,744903,10,Approved
43,29809,617,Unemployed,184328,7,Rejected
44,148306,631,Salaried,445695,7,Approved
25,77151,750,Self-Employed,401655,2,Approved
25,102661,802,Salaried,766838,2,Approved
37,74632,621,Self-Employed,878371,3,Approved
50,137847,717,Self-Employed,470226,2,Approved
29,84533,552,Self-Employed,307974,2,Approved
26,131459,625,Self-Employed,675408,5,Approved
45,89889,658,Salaried,845414,5,Approved
39,102239,658,Salaried,947765,7,Rejected
36,119511,782,Salaried,887058,15,Rejected
41,75942,588,Self-Employed,893709,10,Rejected
22,27275,675,Self-Employed,815042,3,Approved
30,37965,791,Salaried,676593,2,Approved
36,115955,658,Salaried,650464,5,Approved
57,132178,748,Self-Employed,811135,10,Approved
35,107086,621,Salaried,422314,2,Approved
33,44878,736,Self-Employed,962692,15,Approved
33,143664,624,Self-Employed,516492,10,Rejected
52,131174,814,Salaried,599990,5,Approved
28,82746,778,Salaried,502310,7,Approved
38,117458,823,Self-Employed,111541,15,Approved
56,146684,591,Salaried,154330,15,Approved
46,57935,604,Salaried,202206,2,Approved
30,50784,541,Salaried,323497,2,Rejected
51,57865,628,Salaried,520133,3,Approved
53,115081,552,Salaried,417754,2,Approved
49,96701,667,Self-Employed,982742,5,Approved
25,29654,589,Unemployed,899198,10,Rejected
33,35830,746,Salaried,157247,15,Approved
21,60425,673,Self-Employed,358740,10,Approved
43,95355,586,Salaried,264224,7,Approved
60,126039,649,Salaried,457638,15,Approved
23,65405,748,Salaried,563985,15,Approved
23,23391,614,Unemployed,943786,7,Rejected
27,33091,679,Unemployed,300174,5,Rejected
56,48237,619,Salaried,954980,10,Rejected
55,131268,527,Salaried,997142,15,Rejected
35,76353,808,Unemployed,229062,7,Rejected
60,92500,616,Salaried,120264,15,Approved
23,130780,690,Self-Employed,901188,7,Approved
49,44968,644,Salaried,242357,3,Rejected
50,143401,819,Self-Employed,374697,3,Approved
59,46285,761,Salaried,336173,5,Approved
38,121507,641,Salaried,232923,5,Approved
31,33430,613,Self-Employed,810943,5,Rejected
58,36256,772,Salaried,500442,5,Approved
60,139946,537,Salaried,300805,10,Approved
21,49188,696,Salaried,592672,2,Approved
49,73134,512,Salaried,473305,5,Approved
30,70657,611,Salaried,662214,3,Rejected
48,54088,636,Salaried,214079,15,Approved
51,68106,671,Salaried,794719,2,Approved
39,85824,626,Unemployed,510942,2,Rejected
23,123149,832,Salaried,294665,10,Approved
56,112547,518,Salaried,637470,7,Approved
35,139624,707,Self-Employed,562118,15,Approved
53,35878,657,Self-Employed,218531,15,Approved
46,78690,659,Salaried,770771,2,Rejected
36,95838,833,Salaried,52015,10,Approved
56,126484,739,Salaried,268362,10,Approved
53,149279,578,Salaried,394226,10,Approved
40,19083,831,Self-Employed,103901,5,Approved
33,21311,830,Self-Employed,812205,15,Approved
53,41135,696,Self-Employed,181102,7,Approved
25,75109,619,Salaried,187673,5,Approved
57,79354,747,Salaried,467605,3,Approved
34,124892,638,Salaried,486314,7,Approved
47,80233,725,Salaried,757338,5,Approved
43,107468,582,Salaried,168307,7,Approved
34,69588,525,Self-Employed,136985,3,Approved
60,49716,627,Self-Employed,591519,5,Approved
24,145558,722,Salaried,362087,7,Approved
59,96255,838,Salaried,991780,3,Approved
39,145326,543,Salaried,165196,15,Approved
24,139921,583,Self-Employed,433911,10,Approved
50,111481,524,Self-Employed,931384,7,Rejected
39,93018,719,Salaried,226867,3,Approved
51,64873,792,Unemployed,516729,15,Approved
51,148241,703,Self-Employed,834374,10,Rejected
29,112672,692,Self-Employed,807996,3,Approved
33,65672,501,Salaried,64294,15,Approved
34,24121,701,Salaried,112996,15,Approved
30,117332,531,Salaried,958895,15,Rejected
51,100445,588,Salaried,714564,2,Approved
57,85863,701,Self-Employed,151374,3,Approved
43,67987,677,Salaried,395138,5,Approved
47,118787,692,Self-Employed,203424,5,Approved
26,146215,659,Salaried,309894,5,Approved
46,115083,792,Salaried,165156,5,Approved
22,49688,703,Salaried,232139,15,Approved
33,126034,740,Salaried,267475,15,Approved
39,126406,614,Salaried,466829,2,Approved
21,25304,709,Self-Employed,522406,2,Approved
60,32947,721,Self-Employed,466920,2,Approved
52,27495,681,Salaried,919087,10,Rejected
42,42707,758,Unemployed,58133,7,Approved
49,62544,539,Salaried,277368,5,Approved
22,118770,829,Salaried,244021,7,Approved
60,32987,821,Salaried,762681,5,Approved
58,83997,559,Salaried,497416,5,Approved
31,27993,510,Salaried,918005,5,Approved
37,29465,619,Self-Employed,793101,2,Rejected
28,100071,541,Unemployed,880248,15,Rejected
42,50640,689,Self-Employed,262687,10,Approved
24,93997,622,Self-Employed,333005,5,Approved
31,30366,688,Self-Employed,721839,5,Rejected
28,47895,751,Salaried,911071,5,Approved
29,19785,591,Salaried,734818,3,Approved
46,24242,712,Self-Employed,808052,5,Approved
22,42529,817,Unemployed,913466,2,Approved
36,130616,701,Salaried,464036,2,Approved
51,82399,767,Salaried,255518,7,Approved
26,24356,654,Salaried,749324,15,Approved
41,103380,694,Salaried,236905,15,Approved
46,36220,527,Self-Employed,728759,2,Rejected
39,115222,693,Salaried,466974,7,Approved
48,106198,722,Salaried,431887,10,Approved
28,52261,606,Salaried,319802,3,Approved
34,148792,648,Self-Employed,552140,2,Approved
44,121467,634,Salaried,802780,5,Rejected
57,60380,594,Self-Employed,827050,10,Rejected
46,97833,769,Salaried,179622,5,Approved
51,122008,625,Salaried,655089,7,Approved
52,106324,828,Salaried,987569,7,Approved
22,145718,817,Salaried,621755,3,Approved
45,122992,511,Salaried,148041,10,Approved
22,45011,793,Salaried,978915,7,Approved
21,111593,794,Self-Employed,159109,5,Approved
56,136339,841,Salaried,243480,15,Approved
32,101940,503,Self-Employed,213769,2,Approved
29,104677,803,Salaried,458378,2,Approved
56,131570,815,Salaried,252643,15,Approved
48,82583,667,Salaried,727870,10,Approved
58,81056,507,Unemployed,369992,10,Rejected
53,99468,623,Salaried,227997,7,Approved
42,140897,813,Salaried,645952,2,Approved
45,30017,684,Salaried,76841,15,Approved
38,55880,534,Self-Employed,88746,3,Approved
26,19355,572,Self-Employed,398124,15,Rejected
38,124360,512,Salaried,557295,3,Rejected
36,76936,538,Self-Employed,511736,15,Rejected
35,65266,583,Salaried,593468,15,Approved
28,117138,520,Salaried,55444,15,Rejected
33,78656,752,Self-Employed,415379,15,Approved
27,72104,802,Unemployed,791206,15,Approved
37,94844,757,Self-Employed,565860,15,Approved
52,18969,799,Salaried,119344,3,Approved
42,116896,529,Salaried,124216,3,Rejected
33,18254,627,Unemployed,620775,7,Rejected
43,83516,810,Salaried,548831,15,Approved
49,111077,539,Self-Employed,466543,5,Approved
42,85967,596,Self-Employed,470050,3,Rejected
21,68117,723,Salaried,600114,7,Approved
49,19737,591,Salaried,121654,3,Approved
25,100404,779,Salaried,940449,3,Rejected
55,30911,669,Salaried,406216,15,Approved
30,40635,783,Unemployed,851139,5,Rejected
39,69179,721,Salaried,272175,3,Approved
57,81545,616,Salaried,170919,7,Approved
27,143918,747,Self-Employed,206047,15,Approved
55,66604,848,Salaried,324740,7,Approved
33,92332,588,Salaried,496423,2,Rejected
30,67119,577,Self-Employed,956412,10,Rejected
22,100888,573,Self-Employed,141679,3,Rejected
26,79604,513,Salaried,315961,15,Rejected
28,34820,544,Self-Employed,338993,3,Rejected
56,94502,537,Salaried,646306,7,Rejected
45,130271,744,Self-Employed,780213,3,Approved
60,85345,561,Salaried,891785,15,Rejected
27,58875,595,Salaried,465500,7,Approved
43,89041,822,Salaried,833509,2,Approved
39,88793,751,Salaried,151627,15,Approved
42,22909,560,Salaried,363899,3,Approved
33,110881,768,Self-Employed,323835,15,Approved
41,32866,618,Self-Employed,313709,15,Approved
21,108404,586,Self-Employed,91878,2,Approved
39,83997,582,Salaried,529755,2,Rejected
53,46460,579,Self-Employed,131386,10,Approved
24,66500,727,Self-Employed,505181,7,Rejected
23,30128,802,Salaried,755827,2,Approved
47,23202,610,Salaried,900988,7,Rejected
55,119243,809,Salaried,185191,10,Approved
48,97258,570,Salaried,491082,7,Rejected
26,148388,827,Unemployed,395718,15,Approved
26,129302,524,Salaried,692434,10,Rejected
43,146623,778,Salaried,819458,3,Approved
53,101583,701,Self-Employed,640065,10,Approved
36,78064,724,Salaried,824346,10,Approved
44,115119,766,Salaried,709692,10,Approved
25,40413,782,Salaried,829190,5,Approved
33,100341,616,Salaried,741197,2,Approved
32,104891,566,Salaried,484469,7,Approved
25,51033,546,Self-Employed,622763,15,Approved
57,119154,740,Salaried,194470,7,Approved
51,19378,677,Salaried,599651,5,Approved
48,123461,507,Salaried,952752,3,Rejected
48,137104,682,Salaried,102225,15,Approved
50,51617,576,Self-Employed,758582,2,Rejected
38,144616,566,Salaried,724020,2,Rejected
47,41763,647,Self-Employed,161001,2,Approved
55,72232,672,Salaried,290882,2,Approved
46,128249,534,Self-Employed,425553,5,Approved
59,110916,576,Self-Employed,112402,7,Approved
38,102463,779,Salaried,829731,3,Approved
53,25771,684,Unemployed,718105,15,Approved
45,96996,554,Salaried,413049,15,Rejected
51,88173,593,Self-Employed,633892,3,Rejected
57,58834,643,Salaried,191095,3,Approved
22,119290,746,Salaried,522968,5,Approved
53,146928,699,Salaried,206033,5,Approved
59,52890,735,Self-Employed,407787,10,Approved
52,111740,813,Self-Employed,368978,5,Approved
38,97428,819,Salaried,623967,2,Approved
37,26689,719,Self-Employed,84179,7,Approved
54,46063,831,Self-Employed,241766,3,Approved
59,75198,715,Self-Employed,497453,5,Approved
27,19363,548,Salaried,594869,7,Rejected
55,141763,784,Salaried,244124,2,Approved
50,25782,617,Salaried,918741,5,Rejected
32,101184,581,Salaried,124953,5,Approved
55,63991,762,Salaried,201094,7,Approved
31,88875,576,Salaried,381472,15,Approved
24,74655,710,Unemployed,984728,15,Approved
45,81177,621,Self-Employed,420017,2,Rejected
52,76396,824,Self-Employed,170400,5,Approved
40,34877,589,Unemployed,145987,7,Rejected
51,145934,757,Self-Employed,574522,2,Approved
24,36405,660,Salaried,130853,5,Approved
58,134435,675,Self-Employed,577426,15,Approved
21,66629,792,Salaried,132728,5,Approved
23,64233,588,Salaried,317303,3,Rejected
57,39471,626,Salaried,238124,10,Approved
42,21302,785,Salaried,306102,2,Approved
37,131466,796,Self-Employed,230634,7,Approved
34,98048,759,Self-Employed,690294,3,Approved
55,115972,838,Salaried,799558,5,Approved
33,61239,743,Salaried,153988,7,Approved
55,146185,610,Salaried,956023,3,Approved
22,141811,523,Self-Employed,174467,3,Approved
33,139097,549,Salaried,812916,15,Rejected
36,77269,536,Unemployed,312210,15,Rejected
38,121558,680,Salaried,253154,10,Approved
27,108868,752,Unemployed,260593,15,Approved
56,79895,524,Salaried,494621,3,Approved
50,87890,848,Salaried,107684,2,Approved
27,115383,624,Salaried,844619,10,Approved
35,53284,530,Salaried,465553,10,Rejected
60,93692,736,Salaried,193241,5,Approved
39,107294,726,Self-Employed,620419,5,Rejected
57,112852,847,Salaried,519417,2,Approved
22,95080,537,Salaried,952075,7,Rejected
33,99863,557,Salaried,250912,15,Rejected
60,34705,735,Salaried,629073,15,Approved
51,81131,680,Salaried,215850,2,Approved
36,94015,613,Unemployed,950273,10,Rejected
26,80456,805,Salaried,826867,5,Approved
48,94859,631,Salaried,215728,2,Approved
52,85238,847,Salaried,802661,5,Approved
30,93940,679,Self-Employed,263360,2,Approved
38,117134,577,Salaried,510514,15,Rejected
24,91916,719,Self-Employed,526129,2,Approved
29,79396,641,Salaried,435105,3,Approved
27,21877,542,Salaried,133107,2,Rejected
28,126407,617,Salaried,296136,5,Approved
27,102256,558,Salaried,312146,2,Rejected
60,49818,560,Salaried,339909,7,Approved
23,66555,540,Salaried,496095,15,Rejected
37,60368,773,Salaried,706123,15,Approved
22,141054,687,Self-Employed,468057,3,Approved
35,107666,834,Salaried,281858,2,Approved
49,116777,686,Salaried,585209,7,Approved
42,127928,727,Salaried,493092,5,Approved
24,67421,663,Salaried,331368,7,Approved
26,44620,785,Salaried,399410,15,Approved
58,139238,601,Salaried,923733,3,Approved
46,78539,766,Salaried,863421,5,Rejected
31,35077,623,Salaried,915022,2,Approved
46,101335,652,Salaried,838907,2,Approved
37,65285,678,Salaried,497495,7,Approved
44,87503,565,Unemployed,416497,2,Rejected
48,142851,598,Salaried,550776,5,Approved
55,75477,523,Self-Employed,514749,15,Rejected
51,45488,832,Self-Employed,811088,5,Approved
33,96747,748,Self-Employed,515538,2,Approved
55,39169,664,Self-Employed,826755,7,Approved
36,48373,593,Salaried,817077,2,Approved
35,50669,842,Salaried,268330,15,Approved
38,73277,623,Self-Employed,953411,10,Rejected
57,73120,801,Salaried,650908,2,Approved
47,84376,655,Salaried,202490,3,Rejected
55,72235,848,Salaried,693374,2,Approved
55,104854,748,Salaried,447681,15,Approved
48,33405,770,Self-Employed,120482,10,Approved
59,131307,557,Salaried,453730,3,Approved
58,119776,694,Self-Employed,801685,7,Approved
29,41547,700,Salaried,353150,3,Approved
32,24575,571,Salaried,175044,5,Approved
35,113659,746,Salaried,709021,15,Approved
41,32852,597,Salaried,511316,10,Rejected
55,69661,828,Salaried,561229,5,Approved
53,105942,580,Salaried,382607,5,Approved
39,134726,564,Salaried,683450,3,Rejected
43,128736,504,Self-Employed,525891,3,Rejected
33,90968,783,Salaried,503804,5,Approved
21,36837,793,Salaried,294671,15,Approved
49,98684,580,Self-Employed,542972,7,Rejected
44,135704,586,Salaried,580467,2,Approved
36,94730,792,Salaried,526040,2,Approved
45,25404,780,Self-Employed,445670,10,Approved
43,32674,696,Self-Employed,135407,3,Approved
48,103923,751,Self-Employed,86828,2,Approved
36,123319,582,Salaried,989692,7,Rejected
58,46037,526,Unemployed,425195,10,Rejected
31,131565,832,Salaried,638263,15,Approved
23,124086,681,Unemployed,750083,3,Rejected
35,55982,634,Unemployed,878170,2,Rejected
21,141309,589,Salaried,817890,5,Rejected
27,123242,705,Salaried,587407,7,Approved
21,23156,526,Self-Employed,336016,7,Rejected
52,56280,558,Salaried,358296,3,Approved
29,93324,571,Salaried,926088,15,Approved
49,78706,726,Unemployed,84369,7,Approved
46,61408,590,Salaried,79315,3,Approved
43,38997,567,Unemployed,275692,7,Rejected
49,64456,759,Self-Employed,840275,2,Approved
58,148865,645,Self-Employed,564171,15,Rejected
53,95988,562,Salaried,884944,3,Approved
27,98908,842,Salaried,840107,7,Approved
32,95952,679,Unemployed,651873,2,Approved
51,102784,610,Salaried,608061,15,Approved
52,76676,690,Self-Employed,110044,2,Approved
40,26373,745,Self-Employed,574519,2,Approved
37,112951,777,Salaried,323989,15,Approved
56,44414,846,Self-Employed,72960,3,Approved
23,135139,796,Salaried,496954,3,Approved
21,101872,836,Salaried,506366,7,Approved
47,108374,622,Salaried,986021,15,Approved
60,47493,556,Self-Employed,209484,15,Rejected
53,143074,659,Self-Employed,819053,15,Rejected
40,69224,626,Salaried,657898,5,Approved
34,49852,724,Salaried,985111,5,Rejected
56,28932,594,Salaried,939706,10,Rejected
25,106545,810,Salaried,199659,5,Approved
43,51583,505,Salaried,491076,15,Rejected
35,47865,764,Self-Employed,845521,5,Rejected
26,88270,733,Unemployed,621923,7,Approved
53,103549,787,Salaried,713242,3,Approved
39,148768,515,Self-Employed,993949,5,Rejected
33,62327,639,Self-Employed,680935,10,Rejected
49,131209,796,Unemployed,737180,7,Rejected
26,132889,694,Salaried,886935,2,Approved
35,36409,685,Self-Employed,459771,2,Approved
36,62533,624,Unemployed,55524,10,Approved
44,33327,516,Unemployed,828056,3,Rejected
43,73344,525,Salaried,464457,15,Approved
30,21671,712,Salaried,72201,2,Approved
37,109908,500,Self-Employed,856249,3,Rejected
50,68756,790,Salaried,741327,5,Approved
30,42544,764,Salaried,453306,5,Approved
39,94347,842,Salaried,737626,5,Approved
49,36733,537,Salaried,67743,2,Approved
22,66093,732,Salaried,301633,2,Approved
56,123424,759,Salaried,697860,3,Approved
39,113595,807,Salaried,942168,3,Approved
27,55487,760,Salaried,277522,15,Approved
46,138931,737,Salaried,752197,10,Approved
35,58849,605,Self-Employed,66483,15,Approved
58,94400,746,Salaried,948611,5,Approved
23,147120,803,Self-Employed,69826,7,Rejected
58,108930,842,Salaried,233273,7,Rejected
36,67699,537,Self-Employed,849628,5,Rejected
22,108470,807,Unemployed,338640,10,Approved
51,113023,842,Salaried,763131,15,Approved
48,47018,545,Salaried,165274,3,Rejected
27,39031,709,Self-Employed,323303,2,Approved
50,122985,592,Self-Employed,77780,10,Approved
27,86237,719,Salaried,164943,10,Approved
56,126426,755,Unemployed,658208,5,Approved
49,34719,636,Salaried,965859,3,Rejected
44,27718,730,Self-Employed,610063,7,Approved
59,18056,805,Salaried,719326,7,Approved
24,139743,701,Salaried,535955,15,Approved
49,65820,565,Salaried,671621,15,Approved
25,86683,537,Salaried,303706,7,Approved
49,87073,654,Unemployed,890086,10,Rejected
50,18721,604,Self-Employed,194768,15,Rejected
49,58194,754,Self-Employed,465790,2,Approved
46,97882,515,Unemployed,95170,3,Rejected
39,91072,578,Salaried,350024,2,Approved
46,141919,512,Salaried,526867,7,Rejected
57,103968,601,Unemployed,956021,2,Approved
47,125251,651,Salaried,363473,10,Approved
50,62537,677,Self-Employed,379260,5,Approved
50,127254,586,Salaried,413674,2,Approved
23,90941,587,Self-Employed,501553,15,Approved
27,35645,528,Salaried,797468,2,Rejected
29,130661,820,Self-Employed,185662,2,Approved
33,89473,599,Unemployed,197537,15,Rejected
35,68734,614,Self-Employed,511764,7,Rejected
25,145705,709,Salaried,696477,2,Approved
49,78914,842,Salaried,55301,3,Approved
55,35882,573,Salaried,993277,10,Rejected
47,108860,634,Self-Employed,237176,3,Approved
47,118513,768,Salaried,506677,3,Approved
28,136751,849,Unemployed,741240,7,Approved
52,62828,577,Self-Employed,548108,2,Approved
40,138354,624,Unemployed,831156,10,Rejected
30,92217,537,Salaried,663770,10,Rejected
33,124500,768,Unemployed,598779,10,Approved
49,91803,809,Self-Employed,960623,2,Approved
55,88908,605,Self-Employed,251989,10,Approved
28,56918,543,Salaried,478088,10,Approved
49,45785,724,Salaried,691029,5,Approved
51,100757,741,Salaried,289166,5,Approved
50,117490,652,Salaried,67328,10,Approved
42,89997,523,Salaried,140005,15,Approved
41,127768,623,Unemployed,845202,3,Rejected
32,32052,784,Salaried,976610,15,Approved
31,67383,847,Salaried,664561,2,Approved
22,149399,760,Salaried,958584,3,Approved
22,106301,645,Unemployed,891320,3,Approved
54,88775,690,Salaried,706134,2,Approved
23,93614,664,Salaried,115592,2,Approved
36,26048,570,Salaried,728415,7,Approved
24,32954,700,Self-Employed,155530,7,Approved
43,130010,511,Salaried,796661,7,Approved
40,31225,551,Salaried,869080,10,Rejected
